-- phpMyAdmin SQL Dump
-- version 5.2.1
-- https://www.phpmyadmin.net/
--
-- Host: localhost
-- Generation Time: Jan 11, 2025 at 06:21 AM
-- Server version: 10.11.10-MariaDB
-- PHP Version: 8.0.30

SET SQL_MODE = "NO_AUTO_VALUE_ON_ZERO";
START TRANSACTION;
SET time_zone = "+00:00";


/*!40101 SET @OLD_CHARACTER_SET_CLIENT=@@CHARACTER_SET_CLIENT */;
/*!40101 SET @OLD_CHARACTER_SET_RESULTS=@@CHARACTER_SET_RESULTS */;
/*!40101 SET @OLD_COLLATION_CONNECTION=@@COLLATION_CONNECTION */;
/*!40101 SET NAMES utf8mb4 */;

--
-- Database: `rbst_studio`
--

-- --------------------------------------------------------

--
-- Table structure for table `amenities`
--

CREATE TABLE `amenities` (
  `id` bigint(20) UNSIGNED NOT NULL,
  `name` varchar(255) NOT NULL,
  `description` text DEFAULT NULL,
  `image` varchar(255) DEFAULT NULL,
  `icon` varchar(255) DEFAULT NULL,
  `created_at` timestamp NULL DEFAULT NULL,
  `updated_at` timestamp NULL DEFAULT NULL
) ENGINE=InnoDB DEFAULT CHARSET=utf8mb4 COLLATE=utf8mb4_unicode_ci;

-- --------------------------------------------------------

--
-- Table structure for table `amenity_studios`
--

CREATE TABLE `amenity_studios` (
  `id` bigint(20) UNSIGNED NOT NULL,
  `amenity_id` int(10) UNSIGNED NOT NULL,
  `studio_id` int(10) UNSIGNED NOT NULL,
  `created_at` timestamp NULL DEFAULT NULL,
  `updated_at` timestamp NULL DEFAULT NULL
) ENGINE=InnoDB DEFAULT CHARSET=utf8mb4 COLLATE=utf8mb4_unicode_ci;

-- --------------------------------------------------------

--
-- Table structure for table `banners`
--

CREATE TABLE `banners` (
  `id` int(11) NOT NULL,
  `banner` varchar(255) NOT NULL,
  `created_at` datetime NOT NULL,
  `updated_at` timestamp NOT NULL DEFAULT current_timestamp() ON UPDATE current_timestamp()
) ENGINE=InnoDB DEFAULT CHARSET=latin1 COLLATE=latin1_swedish_ci;

--
-- Dumping data for table `banners`
--

INSERT INTO `banners` (`id`, `banner`, `created_at`, `updated_at`) VALUES
(8, 'banners/1715873233-664625d1a5ed1.JPG', '2024-05-16 15:27:13', '2024-05-16 15:27:13'),
(9, 'banners/1715873241-664625d9a105c.JPG', '2024-05-16 15:27:21', '2024-05-16 15:27:21'),
(10, 'banners/1715873253-664625e5d8e42.JPG', '2024-05-16 15:27:33', '2024-05-16 15:27:33'),
(11, 'banners/1715873264-664625f04f472.JPG', '2024-05-16 15:27:44', '2024-05-16 15:27:44');

-- --------------------------------------------------------

--
-- Table structure for table `blocked_slots`
--

CREATE TABLE `blocked_slots` (
  `id` bigint(20) UNSIGNED NOT NULL,
  `studio_id` int(11) DEFAULT NULL,
  `booking_id` int(11) NOT NULL,
  `slot_id` int(11) NOT NULL,
  `bdate` date NOT NULL,
  `reason` enum('booking','other') NOT NULL,
  `created_at` timestamp NULL DEFAULT NULL,
  `updated_at` timestamp NULL DEFAULT NULL
) ENGINE=InnoDB DEFAULT CHARSET=utf8mb4 COLLATE=utf8mb4_unicode_ci;

--
-- Dumping data for table `blocked_slots`
--

INSERT INTO `blocked_slots` (`id`, `studio_id`, `booking_id`, `slot_id`, `bdate`, `reason`, `created_at`, `updated_at`) VALUES
(1, 2, 1, 15, '2024-10-18', 'booking', '2024-10-18 11:23:08', NULL),
(2, 4, 2, 8, '2024-10-19', 'booking', '2024-10-18 11:51:11', NULL),
(3, 4, 2, 9, '2024-10-19', 'booking', '2024-10-18 11:51:11', NULL),
(4, 4, 2, 10, '2024-10-19', 'booking', '2024-10-18 11:51:11', NULL),
(5, 4, 2, 11, '2024-10-19', 'booking', '2024-10-18 11:51:11', NULL),
(6, 4, 3, 12, '2024-10-19', 'booking', '2024-10-18 11:55:41', NULL),
(7, 4, 3, 13, '2024-10-19', 'booking', '2024-10-18 11:55:41', NULL),
(9, 2, 5, 10, '2024-11-01', 'booking', '2024-10-27 19:21:26', NULL),
(10, 2, 5, 11, '2024-11-01', 'booking', '2024-10-27 19:21:26', NULL),
(11, 2, 5, 12, '2024-11-01', 'booking', '2024-10-27 19:21:26', NULL),
(12, 2, 6, 14, '2024-11-01', 'booking', '2024-10-27 19:50:47', NULL),
(13, 2, 6, 15, '2024-11-01', 'booking', '2024-10-27 19:50:47', NULL),
(14, 3, 7, 11, '2024-10-27', 'booking', '2024-10-27 19:52:57', NULL),
(15, 3, 7, 12, '2024-10-27', 'booking', '2024-10-27 19:52:57', NULL),
(16, 3, 7, 13, '2024-10-27', 'booking', '2024-10-27 19:52:57', NULL),
(17, 3, 7, 14, '2024-10-27', 'booking', '2024-10-27 19:52:57', NULL),
(18, 3, 7, 15, '2024-10-27', 'booking', '2024-10-27 19:52:57', NULL),
(19, 2, 8, 15, '2024-11-27', 'booking', '2024-11-07 15:29:01', NULL),
(20, 2, 8, 16, '2024-11-27', 'booking', '2024-11-07 15:29:01', NULL),
(21, 2, 8, 17, '2024-11-27', 'booking', '2024-11-07 15:29:01', NULL),
(24, 5, 10, 25, '2024-11-09', 'booking', '2024-11-09 09:00:00', NULL),
(25, 5, 10, 1, '2024-11-10', 'booking', '2024-11-09 09:00:00', NULL),
(26, 5, 10, 2, '2024-11-10', 'booking', '2024-11-09 09:00:00', NULL),
(27, 5, 10, 3, '2024-11-10', 'booking', '2024-11-09 09:00:00', NULL),
(28, 5, 10, 5, '2024-11-10', 'booking', '2024-11-09 09:00:00', NULL),
(29, 2, 11, 11, '2024-11-15', 'booking', '2024-11-09 09:25:23', NULL),
(30, 2, 11, 12, '2024-11-15', 'booking', '2024-11-09 09:25:23', NULL),
(31, 2, 12, 12, '2024-11-28', 'booking', '2024-11-09 09:26:21', NULL),
(32, 2, 12, 13, '2024-11-28', 'booking', '2024-11-09 09:26:21', NULL),
(33, 2, 12, 14, '2024-11-28', 'booking', '2024-11-09 09:26:21', NULL),
(34, 2, 13, 15, '2024-11-28', 'booking', '2024-11-09 09:33:56', NULL),
(35, 2, 13, 16, '2024-11-28', 'booking', '2024-11-09 09:33:56', NULL),
(36, 2, 13, 17, '2024-11-28', 'booking', '2024-11-09 09:33:56', NULL),
(37, 2, 14, 14, '2024-12-07', 'booking', '2024-12-07 16:20:47', NULL),
(38, 2, 14, 15, '2024-12-07', 'booking', '2024-12-07 16:20:47', NULL),
(39, 2, 14, 16, '2024-12-07', 'booking', '2024-12-07 16:20:47', NULL),
(40, 2, 14, 17, '2024-12-07', 'booking', '2024-12-07 16:20:47', NULL),
(41, 3, 15, 11, '2024-12-07', 'booking', '2024-12-07 16:21:31', NULL),
(42, 3, 15, 12, '2024-12-07', 'booking', '2024-12-07 16:21:31', NULL),
(43, 3, 15, 13, '2024-12-07', 'booking', '2024-12-07 16:21:31', NULL),
(44, 3, 15, 14, '2024-12-07', 'booking', '2024-12-07 16:21:31', NULL),
(45, 3, 15, 15, '2024-12-07', 'booking', '2024-12-07 16:21:31', NULL),
(46, 3, 15, 16, '2024-12-07', 'booking', '2024-12-07 16:21:31', NULL),
(47, 3, 15, 17, '2024-12-07', 'booking', '2024-12-07 16:21:31', NULL),
(48, 4, 16, 14, '2024-12-07', 'booking', '2024-12-07 16:22:08', NULL),
(49, 4, 16, 15, '2024-12-07', 'booking', '2024-12-07 16:22:08', NULL),
(50, 4, 16, 16, '2024-12-07', 'booking', '2024-12-07 16:22:08', NULL),
(51, 4, 16, 17, '2024-12-07', 'booking', '2024-12-07 16:22:08', NULL),
(52, 5, 17, 20, '2024-12-25', 'booking', '2024-12-13 17:32:10', NULL),
(53, 5, 17, 21, '2024-12-25', 'booking', '2024-12-13 17:32:10', NULL),
(54, 5, 17, 22, '2024-12-25', 'booking', '2024-12-13 17:32:10', NULL),
(55, 4, 18, 17, '2024-12-25', 'booking', '2024-12-14 16:05:55', NULL),
(56, 4, 18, 18, '2024-12-25', 'booking', '2024-12-14 16:05:55', NULL),
(57, 4, 18, 19, '2024-12-25', 'booking', '2024-12-14 16:05:55', NULL),
(58, 4, 18, 20, '2024-12-25', 'booking', '2024-12-14 16:05:55', NULL),
(59, 4, 18, 21, '2024-12-25', 'booking', '2024-12-14 16:05:55', NULL),
(60, 5, 19, 11, '2024-12-14', 'booking', '2024-12-14 16:50:01', NULL),
(61, 5, 19, 12, '2024-12-14', 'booking', '2024-12-14 16:50:01', NULL),
(62, 4, 20, 11, '2025-01-01', 'booking', '2024-12-30 12:22:48', NULL),
(63, 4, 20, 12, '2025-01-01', 'booking', '2024-12-30 12:22:48', NULL),
(64, 4, 20, 13, '2025-01-01', 'booking', '2024-12-30 12:22:48', NULL),
(65, 2, 21, 11, '2025-01-01', 'booking', '2024-12-30 12:23:30', NULL),
(66, 2, 21, 12, '2025-01-01', 'booking', '2024-12-30 12:23:30', NULL),
(67, 2, 21, 13, '2025-01-01', 'booking', '2024-12-30 12:23:30', NULL),
(68, 2, 22, 20, '2024-12-30', 'booking', '2024-12-30 12:39:03', NULL),
(69, 2, 22, 21, '2024-12-30', 'booking', '2024-12-30 12:39:03', NULL),
(70, 2, 22, 22, '2024-12-30', 'booking', '2024-12-30 12:39:03', NULL),
(71, 2, 22, 23, '2024-12-30', 'booking', '2024-12-30 12:39:03', NULL),
(72, 2, 22, 24, '2024-12-30', 'booking', '2024-12-30 12:39:03', NULL),
(73, 2, 22, 25, '2024-12-30', 'booking', '2024-12-30 12:39:03', NULL),
(74, 2, 22, 1, '2024-12-31', 'booking', '2024-12-30 12:39:03', NULL),
(75, 3, 23, 17, '2025-01-15', 'booking', '2024-12-30 12:51:02', NULL),
(76, 3, 23, 18, '2025-01-15', 'booking', '2024-12-30 12:51:02', NULL),
(77, 3, 23, 19, '2025-01-15', 'booking', '2024-12-30 12:51:02', NULL),
(78, 2, 24, 18, '2025-01-06', 'booking', '2024-12-30 12:54:19', NULL),
(79, 2, 24, 19, '2025-01-06', 'booking', '2024-12-30 12:54:19', NULL),
(80, 2, 24, 20, '2025-01-06', 'booking', '2024-12-30 12:54:19', NULL),
(81, 2, 24, 21, '2025-01-06', 'booking', '2024-12-30 12:54:19', NULL),
(82, 2, 25, 11, '2024-12-30', 'booking', '2024-12-30 15:44:12', NULL),
(83, 2, 25, 12, '2024-12-30', 'booking', '2024-12-30 15:44:12', NULL),
(87, 3, 27, 11, '2025-01-02', 'booking', '2025-01-02 13:49:29', NULL),
(88, 3, 27, 12, '2025-01-02', 'booking', '2025-01-02 13:49:29', NULL),
(89, 3, 27, 13, '2025-01-02', 'booking', '2025-01-02 13:49:29', NULL),
(90, 3, 27, 14, '2025-01-02', 'booking', '2025-01-02 13:49:29', NULL),
(91, 3, 27, 15, '2025-01-02', 'booking', '2025-01-02 13:49:29', NULL),
(92, 3, 28, 16, '2025-01-06', 'booking', '2025-01-06 15:45:55', NULL),
(93, 3, 28, 17, '2025-01-06', 'booking', '2025-01-06 15:45:55', NULL),
(94, 3, 28, 18, '2025-01-06', 'booking', '2025-01-06 15:45:55', NULL),
(95, 3, 28, 19, '2025-01-06', 'booking', '2025-01-06 15:45:55', NULL),
(98, 2, 30, 11, '2025-01-12', 'booking', '2025-01-08 13:43:04', NULL),
(99, 2, 30, 12, '2025-01-12', 'booking', '2025-01-08 13:43:04', NULL),
(100, 3, 31, 11, '2025-01-12', 'booking', '2025-01-08 14:44:15', NULL),
(101, 3, 31, 12, '2025-01-12', 'booking', '2025-01-08 14:44:15', NULL),
(102, 2, 32, 11, '2025-01-24', 'booking', '2025-01-09 16:55:02', NULL),
(103, 2, 32, 12, '2025-01-24', 'booking', '2025-01-09 16:55:02', NULL),
(113, 2, 36, 11, '2025-01-30', 'booking', '2025-01-09 17:25:15', NULL),
(114, 2, 36, 12, '2025-01-30', 'booking', '2025-01-09 17:25:15', NULL),
(115, 2, 36, 13, '2025-01-30', 'booking', '2025-01-09 17:25:15', NULL),
(116, 2, 36, 14, '2025-01-30', 'booking', '2025-01-09 17:25:15', NULL),
(117, 2, 36, 15, '2025-01-30', 'booking', '2025-01-09 17:25:15', NULL),
(118, 2, 36, 16, '2025-01-30', 'booking', '2025-01-09 17:25:15', NULL),
(119, 2, 36, 17, '2025-01-30', 'booking', '2025-01-09 17:25:15', NULL),
(120, 2, 36, 18, '2025-01-30', 'booking', '2025-01-09 17:25:15', NULL),
(121, 2, 36, 19, '2025-01-30', 'booking', '2025-01-09 17:25:15', NULL),
(122, 2, 36, 20, '2025-01-30', 'booking', '2025-01-09 17:25:15', NULL),
(123, 2, 36, 21, '2025-01-30', 'booking', '2025-01-09 17:25:15', NULL),
(124, 2, 36, 22, '2025-01-30', 'booking', '2025-01-09 17:25:15', NULL),
(125, 2, 36, 23, '2025-01-30', 'booking', '2025-01-09 17:25:15', NULL),
(126, 2, 36, 24, '2025-01-30', 'booking', '2025-01-09 17:25:15', NULL),
(127, 2, 36, 25, '2025-01-30', 'booking', '2025-01-09 17:25:15', NULL),
(128, 2, 36, 1, '2025-01-31', 'booking', '2025-01-09 17:25:15', NULL),
(129, 2, 36, 2, '2025-01-31', 'booking', '2025-01-09 17:25:15', NULL),
(132, 2, 38, 17, '2025-01-10', 'booking', '2025-01-10 12:45:55', NULL),
(133, 2, 38, 18, '2025-01-10', 'booking', '2025-01-10 12:45:55', NULL),
(134, 2, 38, 19, '2025-01-10', 'booking', '2025-01-10 12:45:55', NULL),
(135, 2, 38, 20, '2025-01-10', 'booking', '2025-01-10 12:45:55', NULL),
(136, 2, 38, 21, '2025-01-10', 'booking', '2025-01-10 12:45:55', NULL),
(137, 5, 39, 14, '2025-01-14', 'booking', '2025-01-10 21:33:44', NULL),
(138, 5, 39, 15, '2025-01-14', 'booking', '2025-01-10 21:33:44', NULL);

-- --------------------------------------------------------

--
-- Table structure for table `bookings`
--

CREATE TABLE `bookings` (
  `id` bigint(20) UNSIGNED NOT NULL,
  `user_id` int(10) UNSIGNED NOT NULL,
  `studio_id` int(10) UNSIGNED NOT NULL,
  `vendor_id` int(10) UNSIGNED NOT NULL,
  `service_id` int(11) DEFAULT NULL,
  `gst_id` int(11) DEFAULT NULL,
  `bill_no` varchar(255) DEFAULT NULL,
  `booking_start_date` datetime DEFAULT NULL,
  `booking_end_date` datetime DEFAULT NULL,
  `start_at` time DEFAULT NULL,
  `end_at` time DEFAULT NULL,
  `duration` double DEFAULT NULL,
  `payment_status` enum('0','1','2') NOT NULL DEFAULT '0',
  `discount` double DEFAULT NULL,
  `refunded` double DEFAULT NULL,
  `booking_status` enum('0','1','2') NOT NULL DEFAULT '0',
  `studio_charge` double DEFAULT NULL COMMENT 'per hour',
  `partial_percent` int(11) NOT NULL DEFAULT 50,
  `promo_id` int(11) DEFAULT NULL,
  `promo_code` varchar(20) DEFAULT NULL,
  `promo_discount_calculated` double DEFAULT NULL,
  `approved_at` datetime DEFAULT NULL,
  `created_by` int(11) DEFAULT NULL,
  `created_at` timestamp NULL DEFAULT NULL,
  `updated_at` timestamp NULL DEFAULT NULL
) ENGINE=InnoDB DEFAULT CHARSET=utf8mb4 COLLATE=utf8mb4_unicode_ci;

--
-- Dumping data for table `bookings`
--

INSERT INTO `bookings` (`id`, `user_id`, `studio_id`, `vendor_id`, `service_id`, `gst_id`, `bill_no`, `booking_start_date`, `booking_end_date`, `start_at`, `end_at`, `duration`, `payment_status`, `discount`, `refunded`, `booking_status`, `studio_charge`, `partial_percent`, `promo_id`, `promo_code`, `promo_discount_calculated`, `approved_at`, `created_by`, `created_at`, `updated_at`) VALUES
(1, 335, 2, 1, 2, NULL, NULL, '2024-10-18 13:00:00', '2024-10-18 14:00:00', '13:00:00', '14:00:00', 1, '0', NULL, NULL, '1', 1, 50, NULL, NULL, NULL, '2024-10-18 11:23:08', 1, '2024-10-18 11:23:08', '2024-10-18 18:29:31'),
(2, 337, 4, 1, 6, NULL, NULL, '2024-10-19 06:00:00', '2024-10-19 10:00:00', '06:00:00', '10:00:00', 4, '0', NULL, NULL, '1', 1, 50, NULL, NULL, NULL, '2024-10-18 11:54:50', 1, '2024-10-18 11:51:11', NULL),
(3, 338, 4, 1, 6, NULL, NULL, '2024-10-19 10:00:00', '2024-10-19 12:00:00', '10:00:00', '12:00:00', 2, '0', NULL, NULL, '1', 1, 50, NULL, NULL, NULL, '2024-10-18 11:55:41', 1, '2024-10-18 11:55:41', NULL),
(4, 336, 3, 1, 4, NULL, NULL, '2024-10-21 10:00:00', '2024-10-21 11:00:00', '10:00:00', '11:00:00', 1, '0', NULL, NULL, '2', 1, 50, NULL, NULL, NULL, '2024-10-18 18:56:12', 1, '2024-10-18 18:56:12', '2024-10-20 20:33:18'),
(5, 330, 2, 1, 2, NULL, NULL, '2024-11-01 08:00:00', '2024-11-01 11:00:00', '08:00:00', '11:00:00', 3, '0', NULL, NULL, '0', 1, 50, NULL, NULL, NULL, '2024-10-27 19:21:26', 330, '2024-10-27 19:21:26', NULL),
(6, 329, 2, 1, 2, 1, NULL, '2024-11-01 12:00:00', '2024-11-01 14:00:00', '12:00:00', '14:00:00', 2, '0', NULL, NULL, '0', 1, 50, NULL, NULL, NULL, '2024-10-27 19:50:47', 329, '2024-10-27 19:50:47', '2024-10-27 19:50:47'),
(7, 329, 3, 1, 2, NULL, NULL, '2024-10-27 09:00:00', '2024-10-27 14:00:00', '09:00:00', '14:00:00', 5, '0', NULL, NULL, '0', 1, 50, NULL, NULL, NULL, '2024-10-27 19:52:57', 329, '2024-10-27 19:52:57', NULL),
(8, 324, 2, 1, 3, NULL, NULL, '2024-11-27 13:00:00', '2024-11-27 16:00:00', '13:00:00', '16:00:00', 3, '0', NULL, NULL, '0', 1, 50, NULL, NULL, NULL, '2024-11-07 15:29:01', 324, '2024-11-07 15:29:01', NULL),
(9, 342, 4, 1, 2, NULL, NULL, '2024-11-15 15:00:00', '2024-11-15 17:00:00', '15:00:00', '17:00:00', 2, '0', NULL, NULL, '2', 1, 50, NULL, NULL, NULL, '2024-11-07 17:34:01', 342, '2024-11-07 17:34:01', '2024-11-20 15:29:04'),
(10, 342, 5, 2, 2, NULL, NULL, '2024-11-09 23:00:00', '2024-11-10 04:00:00', '23:00:00', '04:00:00', 5, '0', NULL, NULL, '0', 2000, 50, NULL, NULL, NULL, '2024-11-09 09:00:00', 342, '2024-11-09 09:00:00', NULL),
(11, 342, 2, 1, 2, NULL, NULL, '2024-11-15 09:00:00', '2024-11-15 11:00:00', '09:00:00', '11:00:00', 2, '0', NULL, NULL, '0', 1, 50, NULL, NULL, NULL, '2024-11-09 09:25:23', 342, '2024-11-09 09:25:23', NULL),
(12, 342, 2, 1, 2, NULL, NULL, '2024-11-28 10:00:00', '2024-11-28 13:00:00', '10:00:00', '13:00:00', 3, '0', NULL, NULL, '0', 1, 50, NULL, NULL, NULL, '2024-11-09 09:26:21', 342, '2024-11-09 09:26:21', NULL),
(13, 342, 2, 1, 3, 2, NULL, '2024-11-28 13:00:00', '2024-11-28 16:00:00', '13:00:00', '16:00:00', 3, '1', NULL, NULL, '1', 1, 50, NULL, NULL, NULL, '2024-11-09 09:33:56', 342, '2024-11-09 09:33:56', '2024-11-09 09:36:37'),
(14, 325, 2, 1, 2, NULL, NULL, '2024-12-07 12:00:00', '2024-12-07 16:00:00', '12:00:00', '16:00:00', 4, '0', NULL, NULL, '0', 1, 50, NULL, NULL, NULL, '2024-12-07 16:20:47', 325, '2024-12-07 16:20:47', NULL),
(15, 325, 3, 1, 2, NULL, NULL, '2024-12-07 09:00:00', '2024-12-07 16:00:00', '09:00:00', '16:00:00', 7, '0', NULL, NULL, '0', 1, 50, NULL, NULL, NULL, '2024-12-07 16:21:31', 325, '2024-12-07 16:21:31', NULL),
(16, 325, 4, 1, 2, NULL, NULL, '2024-12-07 12:00:00', '2024-12-07 16:00:00', '12:00:00', '16:00:00', 4, '0', NULL, NULL, '0', 1, 50, NULL, NULL, NULL, '2024-12-07 16:22:08', 325, '2024-12-07 16:22:08', NULL),
(17, 329, 5, 2, 2, NULL, NULL, '2024-12-25 18:00:00', '2024-12-25 21:00:00', '18:00:00', '21:00:00', 3, '0', NULL, NULL, '1', 2000, 50, NULL, NULL, NULL, '2024-12-13 17:32:10', 1, '2024-12-13 17:32:10', NULL),
(18, 342, 4, 1, 2, NULL, NULL, '2024-12-25 15:00:00', '2024-12-25 20:00:00', '15:00:00', '20:00:00', 5, '0', NULL, NULL, '0', 1, 50, NULL, NULL, NULL, '2024-12-14 16:05:55', 342, '2024-12-14 16:05:55', NULL),
(19, 342, 5, 2, 2, NULL, NULL, '2024-12-14 09:00:00', '2024-12-14 11:00:00', '09:00:00', '11:00:00', 2, '0', NULL, NULL, '0', 2000, 50, NULL, NULL, NULL, '2024-12-14 16:50:01', 342, '2024-12-14 16:50:01', NULL),
(20, 342, 4, 1, 2, NULL, NULL, '2025-01-01 09:00:00', '2025-01-01 12:00:00', '09:00:00', '12:00:00', 3, '0', NULL, NULL, '0', 1, 50, NULL, NULL, NULL, '2024-12-30 12:22:48', 342, '2024-12-30 12:22:48', NULL),
(21, 342, 2, 1, 2, NULL, NULL, '2025-01-01 09:00:00', '2025-01-01 12:00:00', '09:00:00', '12:00:00', 3, '0', NULL, NULL, '1', 1, 50, NULL, NULL, NULL, '2024-12-30 12:23:30', 342, '2024-12-30 12:23:30', '2024-12-30 12:30:02'),
(22, 329, 2, 1, 2, NULL, NULL, '2024-12-30 18:00:00', '2024-12-31 01:00:00', '18:00:00', '01:00:00', 7, '0', NULL, NULL, '1', 1, 50, NULL, NULL, NULL, '2024-12-30 12:39:03', 1, '2024-12-30 12:39:03', NULL),
(23, 342, 3, 1, 2, NULL, NULL, '2025-01-15 15:00:00', '2025-01-15 18:00:00', '15:00:00', '18:00:00', 3, '0', NULL, NULL, '0', 1, 50, NULL, NULL, NULL, '2024-12-30 12:51:02', 342, '2024-12-30 12:51:02', NULL),
(24, 344, 2, 1, 2, NULL, NULL, '2025-01-06 16:00:00', '2025-01-06 20:00:00', '16:00:00', '20:00:00', 4, '0', NULL, NULL, '1', 1, 50, NULL, NULL, NULL, '2024-12-30 12:54:19', 1, '2024-12-30 12:54:19', NULL),
(25, 324, 2, 1, 2, NULL, NULL, '2024-12-30 09:00:00', '2024-12-30 11:00:00', '09:00:00', '11:00:00', 2, '0', NULL, NULL, '0', 1, 50, NULL, NULL, NULL, '2024-12-30 15:44:12', 324, '2024-12-30 15:44:12', NULL),
(26, 336, 5, 2, 6, NULL, NULL, '2024-12-31 09:00:00', '2024-12-31 12:00:00', '09:00:00', '12:00:00', 3, '0', NULL, NULL, '2', 6000, 50, NULL, NULL, NULL, NULL, 336, '2024-12-30 17:02:30', '2025-01-06 17:51:02'),
(27, 342, 3, 1, 2, 2, NULL, '2025-01-02 09:00:00', '2025-01-02 14:00:00', '09:00:00', '14:00:00', 5, '0', NULL, NULL, '1', 1, 50, NULL, NULL, NULL, '2025-01-02 13:49:29', 342, '2025-01-02 13:49:29', '2025-01-02 13:52:55'),
(28, 329, 3, 1, 2, NULL, NULL, '2025-01-06 14:00:00', '2025-01-06 18:00:00', '14:00:00', '18:00:00', 4, '1', NULL, NULL, '1', 1, 50, NULL, NULL, NULL, '2025-01-06 15:45:55', 1, '2025-01-06 15:45:55', '2025-01-06 15:48:35'),
(29, 336, 5, 2, 6, NULL, NULL, '2025-01-06 19:00:00', '2025-01-06 21:00:00', '19:00:00', '21:00:00', 2, '0', NULL, NULL, '0', 6000, 50, NULL, NULL, NULL, '2025-01-06 17:50:28', 336, '2025-01-06 17:36:04', '2025-01-06 17:50:28'),
(30, 342, 2, 1, 2, NULL, NULL, '2025-01-12 09:00:00', '2025-01-12 11:00:00', '09:00:00', '11:00:00', 2, '0', NULL, NULL, '0', 1, 50, NULL, NULL, NULL, '2025-01-08 13:43:04', 342, '2025-01-08 13:43:04', NULL),
(31, 342, 3, 1, 2, NULL, NULL, '2025-01-12 09:00:00', '2025-01-12 11:00:00', '09:00:00', '11:00:00', 2, '0', NULL, NULL, '0', 1, 50, NULL, NULL, NULL, '2025-01-08 14:44:15', 342, '2025-01-08 14:44:15', NULL),
(32, 324, 2, 1, 2, NULL, NULL, '2025-01-24 09:00:00', '2025-01-24 11:00:00', '09:00:00', '11:00:00', 2, '0', NULL, NULL, '0', 1, 50, NULL, NULL, NULL, '2025-01-09 16:55:02', 324, '2025-01-09 16:55:02', NULL),
(33, 324, 2, 1, 2, NULL, NULL, '2025-01-09 09:00:00', '2025-01-09 11:00:00', '09:00:00', '11:00:00', 2, '0', NULL, NULL, '2', 1, 50, NULL, NULL, NULL, '2025-01-09 17:19:58', 324, '2025-01-09 17:19:58', '2025-01-09 18:48:43'),
(34, 324, 2, 1, 2, NULL, NULL, '2025-01-09 11:00:00', '2025-01-09 13:00:00', '11:00:00', '13:00:00', 2, '0', NULL, NULL, '2', 1, 50, NULL, NULL, NULL, '2025-01-09 17:23:10', 324, '2025-01-09 17:23:10', '2025-01-09 18:49:00'),
(35, 324, 2, 1, 2, NULL, NULL, '2025-01-09 11:00:00', '2025-01-09 16:00:00', '11:00:00', '16:00:00', 5, '0', NULL, NULL, '2', 1, 50, NULL, NULL, NULL, '2025-01-09 17:23:58', 324, '2025-01-09 17:23:58', '2025-01-09 18:49:53'),
(36, 324, 2, 1, 3, NULL, NULL, '2025-01-30 09:00:00', '2025-01-31 02:00:00', '09:00:00', '02:00:00', 17, '0', NULL, NULL, '0', 1, 50, NULL, NULL, NULL, '2025-01-09 17:25:15', 324, '2025-01-09 17:25:15', NULL),
(37, 324, 3, 1, 4, NULL, NULL, '2025-01-09 09:00:00', '2025-01-09 11:00:00', '09:00:00', '11:00:00', 2, '0', NULL, NULL, '2', 1, 50, NULL, NULL, NULL, NULL, 324, '2025-01-09 17:26:08', '2025-01-09 18:47:33'),
(38, 324, 2, 1, 2, NULL, NULL, '2025-01-10 15:00:00', '2025-01-10 20:00:00', '15:00:00', '20:00:00', 5, '0', NULL, NULL, '1', 1, 50, NULL, NULL, NULL, '2025-01-10 12:45:55', 324, '2025-01-10 12:45:55', '2025-01-10 12:46:50'),
(39, 336, 5, 2, 6, NULL, NULL, '2025-01-14 12:00:00', '2025-01-14 14:00:00', '12:00:00', '14:00:00', 2, '0', NULL, NULL, '0', 6000, 50, NULL, NULL, NULL, NULL, 336, '2025-01-10 21:33:44', NULL),
(40, 336, 5, 2, 6, NULL, NULL, '2025-01-12 18:00:00', '2025-01-12 22:00:00', '18:00:00', '22:00:00', 4, '1', NULL, NULL, '1', 6000, 50, NULL, NULL, NULL, '2025-01-11 11:13:10', 336, '2025-01-11 11:11:58', '2025-01-11 11:19:36');

-- --------------------------------------------------------

--
-- Table structure for table `booking_gsts`
--

CREATE TABLE `booking_gsts` (
  `id` int(11) NOT NULL,
  `booking_id` int(11) NOT NULL,
  `user_id` int(11) NOT NULL,
  `gst` varchar(100) DEFAULT NULL,
  `address` varchar(200) DEFAULT NULL,
  `country_id` int(11) DEFAULT NULL,
  `state_id` int(11) DEFAULT NULL,
  `city_id` int(11) DEFAULT NULL,
  `pincode` int(11) DEFAULT NULL,
  `created_at` datetime NOT NULL,
  `updated_at` timestamp NOT NULL DEFAULT current_timestamp() ON UPDATE current_timestamp()
) ENGINE=InnoDB DEFAULT CHARSET=latin1 COLLATE=latin1_swedish_ci;

--
-- Dumping data for table `booking_gsts`
--

INSERT INTO `booking_gsts` (`id`, `booking_id`, `user_id`, `gst`, `address`, `country_id`, `state_id`, `city_id`, `pincode`, `created_at`, `updated_at`) VALUES
(1, 6, 329, '27AASFR8703P1Z8', '905 Venus Towers', 19, 22, 405, 400052, '2024-10-27 19:50:47', '2024-10-27 14:20:47'),
(2, 13, 342, '27AASFR8703P1Z8', 'Khar West', 19, 22, 405, 400052, '2024-11-09 09:33:56', '2024-11-09 04:03:56');

-- --------------------------------------------------------

--
-- Table structure for table `booking_items`
--

CREATE TABLE `booking_items` (
  `id` bigint(20) UNSIGNED NOT NULL,
  `booking_id` int(10) UNSIGNED NOT NULL,
  `item_id` int(10) UNSIGNED NOT NULL,
  `charge` double NOT NULL COMMENT 'per hour',
  `uses_hours` double DEFAULT NULL,
  `created_at` timestamp NULL DEFAULT NULL,
  `updated_at` timestamp NULL DEFAULT NULL
) ENGINE=InnoDB DEFAULT CHARSET=utf8mb4 COLLATE=utf8mb4_unicode_ci;

--
-- Dumping data for table `booking_items`
--

INSERT INTO `booking_items` (`id`, `booking_id`, `item_id`, `charge`, `uses_hours`, `created_at`, `updated_at`) VALUES
(1, 1, 1, 500, 1, NULL, NULL),
(2, 2, 1, 500, 4, NULL, NULL),
(3, 3, 1, 500, 2, NULL, NULL),
(4, 4, 1, 500, 1, NULL, NULL),
(5, 6, 9, 200, 2, NULL, NULL),
(6, 6, 1, 500, 2, NULL, NULL),
(7, 6, 8, 200, 2, NULL, NULL),
(8, 7, 9, 200, 5, NULL, NULL),
(9, 7, 1, 500, 5, NULL, NULL),
(10, 7, 8, 200, 5, NULL, NULL),
(11, 7, 9, 200, 5, NULL, NULL),
(12, 8, 1, 500, 3, NULL, NULL),
(13, 9, 2, 200, 2, NULL, NULL),
(14, 32, 1, 500, 2, NULL, NULL),
(15, 33, 1, 500, 2, NULL, NULL),
(16, 34, 1, 500, 2, NULL, NULL),
(17, 35, 1, 500, 5, NULL, NULL),
(18, 36, 1, 500, 17, NULL, NULL),
(19, 36, 1, 500, 17, NULL, NULL);

-- --------------------------------------------------------

--
-- Table structure for table `charges`
--

CREATE TABLE `charges` (
  `id` bigint(20) UNSIGNED NOT NULL,
  `type` enum('Item','Studio') NOT NULL DEFAULT 'Item',
  `studio_id` int(11) NOT NULL,
  `item_id` int(11) DEFAULT NULL,
  `charge` double NOT NULL COMMENT 'per hour',
  `created_at` timestamp NULL DEFAULT NULL,
  `updated_at` timestamp NULL DEFAULT NULL
) ENGINE=InnoDB DEFAULT CHARSET=utf8mb4 COLLATE=utf8mb4_unicode_ci;

--
-- Dumping data for table `charges`
--

INSERT INTO `charges` (`id`, `type`, `studio_id`, `item_id`, `charge`, `created_at`, `updated_at`) VALUES
(1, 'Item', 2, 1, 500, '2024-02-28 20:09:08', '2024-07-02 10:50:03'),
(2, 'Item', 2, 2, 200, '2024-02-28 20:09:12', '2024-07-02 10:50:20'),
(3, 'Item', 3, 1, 500, '2024-02-28 20:09:23', '2024-09-20 10:30:48'),
(4, 'Item', 3, 3, 300, '2024-02-28 20:09:29', '2024-09-20 10:30:41'),
(6, 'Item', 4, 1, 500, '2024-05-16 15:00:17', NULL),
(7, 'Item', 4, 2, 200, '2024-05-16 15:00:24', NULL),
(8, 'Item', 4, 4, 200, '2024-05-16 15:00:31', NULL),
(9, 'Item', 4, 3, 300, '2024-05-16 15:00:37', NULL),
(12, 'Item', 2, 8, 200, '2024-09-20 10:20:08', NULL),
(13, 'Item', 3, 9, 200, '2024-09-20 10:30:29', '2024-09-20 10:30:42'),
(14, 'Item', 2, 4, 200, '2024-12-13 17:45:57', NULL),
(15, 'Item', 2, 10, 300, '2024-12-13 17:46:07', NULL),
(16, 'Item', 2, 9, 200, '2024-12-13 17:46:14', NULL),
(17, 'Item', 2, 3, 300, '2024-12-13 17:46:19', NULL),
(18, 'Item', 2, 11, 300, '2024-12-13 17:46:26', NULL);

-- --------------------------------------------------------

--
-- Table structure for table `cities`
--

CREATE TABLE `cities` (
  `id` bigint(20) UNSIGNED NOT NULL,
  `state_id` int(11) NOT NULL,
  `city` varchar(255) NOT NULL,
  `created_at` timestamp NULL DEFAULT NULL,
  `updated_at` timestamp NULL DEFAULT NULL
) ENGINE=InnoDB DEFAULT CHARSET=utf8mb4 COLLATE=utf8mb4_unicode_ci;

--
-- Dumping data for table `cities`
--

INSERT INTO `cities` (`id`, `state_id`, `city`, `created_at`, `updated_at`) VALUES
(1, 2, 'Nicobar', '0000-00-00 00:00:00', '0000-00-00 00:00:00'),
(2, 2, 'North Middle Andaman', '0000-00-00 00:00:00', '0000-00-00 00:00:00'),
(3, 2, 'South Andaman', '0000-00-00 00:00:00', '0000-00-00 00:00:00'),
(4, 1, 'Anantapur', '0000-00-00 00:00:00', '0000-00-00 00:00:00'),
(5, 1, 'Chittoor', '0000-00-00 00:00:00', '0000-00-00 00:00:00'),
(6, 1, 'East Godavari', '0000-00-00 00:00:00', '0000-00-00 00:00:00'),
(7, 1, 'Alluri Sitarama Raju', '0000-00-00 00:00:00', '0000-00-00 00:00:00'),
(8, 1, 'Anakapalli', '0000-00-00 00:00:00', '0000-00-00 00:00:00'),
(9, 1, 'Annamaya', '0000-00-00 00:00:00', '0000-00-00 00:00:00'),
(10, 1, 'Bapatla', '0000-00-00 00:00:00', '0000-00-00 00:00:00'),
(11, 1, 'Eluru', '0000-00-00 00:00:00', '0000-00-00 00:00:00'),
(12, 1, 'Guntur', '0000-00-00 00:00:00', '0000-00-00 00:00:00'),
(13, 1, 'Kadapa', '0000-00-00 00:00:00', '0000-00-00 00:00:00'),
(14, 1, 'Kakinada ', '0000-00-00 00:00:00', '0000-00-00 00:00:00'),
(15, 1, 'Konaseema', '0000-00-00 00:00:00', '0000-00-00 00:00:00'),
(16, 1, 'Krishna', '0000-00-00 00:00:00', '0000-00-00 00:00:00'),
(17, 1, 'Kurnool', '0000-00-00 00:00:00', '0000-00-00 00:00:00'),
(18, 1, 'Manyam', '0000-00-00 00:00:00', '0000-00-00 00:00:00'),
(19, 1, 'N T Rama Rao', '0000-00-00 00:00:00', '0000-00-00 00:00:00'),
(20, 1, 'Nandyal', '0000-00-00 00:00:00', '0000-00-00 00:00:00'),
(21, 1, 'Nellore', '0000-00-00 00:00:00', '0000-00-00 00:00:00'),
(22, 1, 'Palnadu', '0000-00-00 00:00:00', '0000-00-00 00:00:00'),
(23, 1, 'Prakasam', '0000-00-00 00:00:00', '0000-00-00 00:00:00'),
(24, 1, 'Sri Balaji', '0000-00-00 00:00:00', '0000-00-00 00:00:00'),
(25, 1, 'Sri Satya Sai', '0000-00-00 00:00:00', '0000-00-00 00:00:00'),
(26, 1, 'Srikakulam', '0000-00-00 00:00:00', '0000-00-00 00:00:00'),
(27, 1, 'Visakhapatnam', '0000-00-00 00:00:00', '0000-00-00 00:00:00'),
(28, 1, 'Vizianagaram', '0000-00-00 00:00:00', '0000-00-00 00:00:00'),
(29, 1, 'West Godavari', '0000-00-00 00:00:00', '0000-00-00 00:00:00'),
(30, 3, 'Anjaw', '0000-00-00 00:00:00', '0000-00-00 00:00:00'),
(31, 3, 'Central Siang', '0000-00-00 00:00:00', '0000-00-00 00:00:00'),
(32, 3, 'Changlang', '0000-00-00 00:00:00', '0000-00-00 00:00:00'),
(33, 3, 'Dibang Valley', '0000-00-00 00:00:00', '0000-00-00 00:00:00'),
(34, 3, 'East Kameng', '0000-00-00 00:00:00', '0000-00-00 00:00:00'),
(35, 3, 'East Siang', '0000-00-00 00:00:00', '0000-00-00 00:00:00'),
(36, 3, 'Kamle', '0000-00-00 00:00:00', '0000-00-00 00:00:00'),
(37, 3, 'Kra Daadi', '0000-00-00 00:00:00', '0000-00-00 00:00:00'),
(38, 3, 'Kurung Kumey', '0000-00-00 00:00:00', '0000-00-00 00:00:00'),
(39, 3, 'Lepa Rada', '0000-00-00 00:00:00', '0000-00-00 00:00:00'),
(40, 3, 'Lohit', '0000-00-00 00:00:00', '0000-00-00 00:00:00'),
(41, 3, 'Longding', '0000-00-00 00:00:00', '0000-00-00 00:00:00'),
(42, 3, 'Lower Dibang Valley', '0000-00-00 00:00:00', '0000-00-00 00:00:00'),
(43, 3, 'Lower Siang', '0000-00-00 00:00:00', '0000-00-00 00:00:00'),
(44, 3, 'Lower Subansiri', '0000-00-00 00:00:00', '0000-00-00 00:00:00'),
(45, 3, 'Namsai', '0000-00-00 00:00:00', '0000-00-00 00:00:00'),
(46, 3, 'Pakke Kessang', '0000-00-00 00:00:00', '0000-00-00 00:00:00'),
(47, 3, 'Papum Pare', '0000-00-00 00:00:00', '0000-00-00 00:00:00'),
(48, 3, 'Shi Yomi', '0000-00-00 00:00:00', '0000-00-00 00:00:00'),
(49, 3, 'Tawang', '0000-00-00 00:00:00', '0000-00-00 00:00:00'),
(50, 3, 'Tirap', '0000-00-00 00:00:00', '0000-00-00 00:00:00'),
(51, 3, 'Upper Siang', '0000-00-00 00:00:00', '0000-00-00 00:00:00'),
(52, 3, 'Upper Subansiri', '0000-00-00 00:00:00', '0000-00-00 00:00:00'),
(53, 3, 'West Kameng', '0000-00-00 00:00:00', '0000-00-00 00:00:00'),
(54, 3, 'West Siang', '0000-00-00 00:00:00', '0000-00-00 00:00:00'),
(55, 4, 'Baksa', '0000-00-00 00:00:00', '0000-00-00 00:00:00'),
(56, 4, 'Barpeta', '0000-00-00 00:00:00', '0000-00-00 00:00:00'),
(57, 4, 'Bongaigaon', '0000-00-00 00:00:00', '0000-00-00 00:00:00'),
(58, 4, 'Cachar', '0000-00-00 00:00:00', '0000-00-00 00:00:00'),
(59, 4, 'Charaideo', '0000-00-00 00:00:00', '0000-00-00 00:00:00'),
(60, 4, 'Chirang', '0000-00-00 00:00:00', '0000-00-00 00:00:00'),
(61, 4, 'Darrang', '0000-00-00 00:00:00', '0000-00-00 00:00:00'),
(62, 4, 'Dhemaji', '0000-00-00 00:00:00', '0000-00-00 00:00:00'),
(63, 4, 'Dhubri', '0000-00-00 00:00:00', '0000-00-00 00:00:00'),
(64, 4, 'Dibrugarh', '0000-00-00 00:00:00', '0000-00-00 00:00:00'),
(65, 4, 'Dima Hasao', '0000-00-00 00:00:00', '0000-00-00 00:00:00'),
(66, 4, 'Goalpara', '0000-00-00 00:00:00', '0000-00-00 00:00:00'),
(67, 4, 'Golaghat', '0000-00-00 00:00:00', '0000-00-00 00:00:00'),
(68, 4, 'Hailakandi', '0000-00-00 00:00:00', '0000-00-00 00:00:00'),
(69, 4, 'Jorhat', '0000-00-00 00:00:00', '0000-00-00 00:00:00'),
(70, 4, 'Kamrup', '0000-00-00 00:00:00', '0000-00-00 00:00:00'),
(71, 4, 'Kamrup Metropolitan', '0000-00-00 00:00:00', '0000-00-00 00:00:00'),
(72, 4, 'Karbi Anglong', '0000-00-00 00:00:00', '0000-00-00 00:00:00'),
(73, 4, 'Karimganj', '0000-00-00 00:00:00', '0000-00-00 00:00:00'),
(74, 4, 'Kokrajhar', '0000-00-00 00:00:00', '0000-00-00 00:00:00'),
(75, 4, 'Lakhimpur', '0000-00-00 00:00:00', '0000-00-00 00:00:00'),
(76, 4, 'Majuli', '0000-00-00 00:00:00', '0000-00-00 00:00:00'),
(77, 4, 'Morigaon', '0000-00-00 00:00:00', '0000-00-00 00:00:00'),
(78, 4, 'Nagaon', '0000-00-00 00:00:00', '0000-00-00 00:00:00'),
(79, 4, 'Nalbari', '0000-00-00 00:00:00', '0000-00-00 00:00:00'),
(80, 4, 'Sivasagar', '0000-00-00 00:00:00', '0000-00-00 00:00:00'),
(81, 4, 'Sonitpur', '0000-00-00 00:00:00', '0000-00-00 00:00:00'),
(82, 4, 'South Salmara-Mankachar', '0000-00-00 00:00:00', '0000-00-00 00:00:00'),
(83, 4, 'Tinsukia', '0000-00-00 00:00:00', '0000-00-00 00:00:00'),
(84, 4, 'Udalguri', '0000-00-00 00:00:00', '0000-00-00 00:00:00'),
(85, 4, 'West Karbi Anglong', '0000-00-00 00:00:00', '0000-00-00 00:00:00'),
(86, 5, 'Araria', '0000-00-00 00:00:00', '0000-00-00 00:00:00'),
(87, 5, 'Arwal', '0000-00-00 00:00:00', '0000-00-00 00:00:00'),
(88, 5, 'Aurangabad', '0000-00-00 00:00:00', '0000-00-00 00:00:00'),
(89, 5, 'Banka', '0000-00-00 00:00:00', '0000-00-00 00:00:00'),
(90, 5, 'Begusarai', '0000-00-00 00:00:00', '0000-00-00 00:00:00'),
(91, 5, 'Bhagalpur', '0000-00-00 00:00:00', '0000-00-00 00:00:00'),
(92, 5, 'Bhojpur', '0000-00-00 00:00:00', '0000-00-00 00:00:00'),
(93, 5, 'Buxar', '0000-00-00 00:00:00', '0000-00-00 00:00:00'),
(94, 5, 'Darbhanga', '0000-00-00 00:00:00', '0000-00-00 00:00:00'),
(95, 5, 'East Champaran', '0000-00-00 00:00:00', '0000-00-00 00:00:00'),
(96, 5, 'Gaya', '0000-00-00 00:00:00', '0000-00-00 00:00:00'),
(97, 5, 'Gopalganj', '0000-00-00 00:00:00', '0000-00-00 00:00:00'),
(98, 5, 'Jamui', '0000-00-00 00:00:00', '0000-00-00 00:00:00'),
(99, 5, 'Jehanabad', '0000-00-00 00:00:00', '0000-00-00 00:00:00'),
(100, 5, 'Kaimur', '0000-00-00 00:00:00', '0000-00-00 00:00:00'),
(101, 5, 'Katihar', '0000-00-00 00:00:00', '0000-00-00 00:00:00'),
(102, 5, 'Khagaria', '0000-00-00 00:00:00', '0000-00-00 00:00:00'),
(103, 5, 'Kishanganj', '0000-00-00 00:00:00', '0000-00-00 00:00:00'),
(104, 5, 'Lakhisarai', '0000-00-00 00:00:00', '0000-00-00 00:00:00'),
(105, 5, 'Madhepura', '0000-00-00 00:00:00', '0000-00-00 00:00:00'),
(106, 5, 'Madhubani', '0000-00-00 00:00:00', '0000-00-00 00:00:00'),
(107, 5, 'Munger', '0000-00-00 00:00:00', '0000-00-00 00:00:00'),
(108, 5, 'Muzaffarpur', '0000-00-00 00:00:00', '0000-00-00 00:00:00'),
(109, 5, 'Nalanda', '0000-00-00 00:00:00', '0000-00-00 00:00:00'),
(110, 5, 'Nawada', '0000-00-00 00:00:00', '0000-00-00 00:00:00'),
(111, 5, 'Patna', '0000-00-00 00:00:00', '0000-00-00 00:00:00'),
(112, 5, 'Purnia', '0000-00-00 00:00:00', '0000-00-00 00:00:00'),
(113, 5, 'Rohtas', '0000-00-00 00:00:00', '0000-00-00 00:00:00'),
(114, 5, 'Saharsa', '0000-00-00 00:00:00', '0000-00-00 00:00:00'),
(115, 5, 'Samastipur', '0000-00-00 00:00:00', '0000-00-00 00:00:00'),
(116, 5, 'Saran', '0000-00-00 00:00:00', '0000-00-00 00:00:00'),
(117, 5, 'Sheikhpura', '0000-00-00 00:00:00', '0000-00-00 00:00:00'),
(118, 5, 'Sheohar', '0000-00-00 00:00:00', '0000-00-00 00:00:00'),
(119, 5, 'Sitamarhi', '0000-00-00 00:00:00', '0000-00-00 00:00:00'),
(120, 5, 'Siwan', '0000-00-00 00:00:00', '0000-00-00 00:00:00'),
(121, 5, 'Supaul', '0000-00-00 00:00:00', '0000-00-00 00:00:00'),
(122, 5, 'Vaishali', '0000-00-00 00:00:00', '0000-00-00 00:00:00'),
(123, 5, 'West Champaran', '0000-00-00 00:00:00', '0000-00-00 00:00:00'),
(124, 6, 'Chandigarh', '0000-00-00 00:00:00', '0000-00-00 00:00:00'),
(125, 7, 'Balod', '0000-00-00 00:00:00', '0000-00-00 00:00:00'),
(126, 7, 'Baloda Bazar', '0000-00-00 00:00:00', '0000-00-00 00:00:00'),
(127, 7, 'Balrampur', '0000-00-00 00:00:00', '0000-00-00 00:00:00'),
(128, 7, 'Bastar', '0000-00-00 00:00:00', '0000-00-00 00:00:00'),
(129, 7, 'Bemetara', '0000-00-00 00:00:00', '0000-00-00 00:00:00'),
(130, 7, 'Bijapur', '0000-00-00 00:00:00', '0000-00-00 00:00:00'),
(131, 7, 'Bilaspur', '0000-00-00 00:00:00', '0000-00-00 00:00:00'),
(132, 7, 'Dantewada', '0000-00-00 00:00:00', '0000-00-00 00:00:00'),
(133, 7, 'Dhamtari', '0000-00-00 00:00:00', '0000-00-00 00:00:00'),
(134, 7, 'Durg', '0000-00-00 00:00:00', '0000-00-00 00:00:00'),
(135, 7, 'Gariaband', '0000-00-00 00:00:00', '0000-00-00 00:00:00'),
(136, 7, 'Gaurela Pendra Marwahi', '0000-00-00 00:00:00', '0000-00-00 00:00:00'),
(137, 7, 'Janjgir Champa', '0000-00-00 00:00:00', '0000-00-00 00:00:00'),
(138, 7, 'Jashpur', '0000-00-00 00:00:00', '0000-00-00 00:00:00'),
(139, 7, 'Kabirdham', '0000-00-00 00:00:00', '0000-00-00 00:00:00'),
(140, 7, 'Kanker', '0000-00-00 00:00:00', '0000-00-00 00:00:00'),
(141, 7, 'Khairagarh', '0000-00-00 00:00:00', '0000-00-00 00:00:00'),
(142, 7, 'Kondagaon', '0000-00-00 00:00:00', '0000-00-00 00:00:00'),
(143, 7, 'Korba', '0000-00-00 00:00:00', '0000-00-00 00:00:00'),
(144, 7, 'Koriya', '0000-00-00 00:00:00', '0000-00-00 00:00:00'),
(145, 7, 'Mahasamund', '0000-00-00 00:00:00', '0000-00-00 00:00:00'),
(146, 7, 'Manendragarh', '0000-00-00 00:00:00', '0000-00-00 00:00:00'),
(147, 7, 'Mohla Manpur', '0000-00-00 00:00:00', '0000-00-00 00:00:00'),
(148, 7, 'Mungeli', '0000-00-00 00:00:00', '0000-00-00 00:00:00'),
(149, 7, 'Narayanpur', '0000-00-00 00:00:00', '0000-00-00 00:00:00'),
(150, 7, 'Raigarh', '0000-00-00 00:00:00', '0000-00-00 00:00:00'),
(151, 7, 'Raipur', '0000-00-00 00:00:00', '0000-00-00 00:00:00'),
(152, 7, 'Rajnandgaon', '0000-00-00 00:00:00', '0000-00-00 00:00:00'),
(153, 7, 'Sakti', '0000-00-00 00:00:00', '0000-00-00 00:00:00'),
(154, 7, 'Sarangarh Bilaigarh', '0000-00-00 00:00:00', '0000-00-00 00:00:00'),
(155, 7, 'Sukma', '0000-00-00 00:00:00', '0000-00-00 00:00:00'),
(156, 7, 'Surajpur', '0000-00-00 00:00:00', '0000-00-00 00:00:00'),
(157, 7, 'Surguja', '0000-00-00 00:00:00', '0000-00-00 00:00:00'),
(158, 8, 'Dadra and Nagar Haveli', '0000-00-00 00:00:00', '0000-00-00 00:00:00'),
(159, 8, 'Daman', '0000-00-00 00:00:00', '0000-00-00 00:00:00'),
(160, 8, 'Diu', '0000-00-00 00:00:00', '0000-00-00 00:00:00'),
(161, 10, 'Central 10', '0000-00-00 00:00:00', '0000-00-00 00:00:00'),
(162, 10, 'East 10', '0000-00-00 00:00:00', '0000-00-00 00:00:00'),
(163, 10, 'New 10', '0000-00-00 00:00:00', '0000-00-00 00:00:00'),
(164, 10, 'North 10', '0000-00-00 00:00:00', '0000-00-00 00:00:00'),
(165, 10, 'North East 10', '0000-00-00 00:00:00', '0000-00-00 00:00:00'),
(166, 10, 'North West 10', '0000-00-00 00:00:00', '0000-00-00 00:00:00'),
(167, 10, 'Shahdara', '0000-00-00 00:00:00', '0000-00-00 00:00:00'),
(168, 10, 'South 10', '0000-00-00 00:00:00', '0000-00-00 00:00:00'),
(169, 10, 'South East 10', '0000-00-00 00:00:00', '0000-00-00 00:00:00'),
(170, 10, 'South West 10', '0000-00-00 00:00:00', '0000-00-00 00:00:00'),
(171, 10, 'West 10', '0000-00-00 00:00:00', '0000-00-00 00:00:00'),
(172, 11, 'North Goa', '0000-00-00 00:00:00', '0000-00-00 00:00:00'),
(173, 11, 'South Goa', '0000-00-00 00:00:00', '0000-00-00 00:00:00'),
(174, 12, 'Ahmedabad', '0000-00-00 00:00:00', '0000-00-00 00:00:00'),
(175, 12, 'Amreli', '0000-00-00 00:00:00', '0000-00-00 00:00:00'),
(176, 12, 'Anand', '0000-00-00 00:00:00', '0000-00-00 00:00:00'),
(177, 12, 'Aravalli', '0000-00-00 00:00:00', '0000-00-00 00:00:00'),
(178, 12, 'Banaskantha', '0000-00-00 00:00:00', '0000-00-00 00:00:00'),
(179, 12, 'Bharuch', '0000-00-00 00:00:00', '0000-00-00 00:00:00'),
(180, 12, 'Bhavnagar', '0000-00-00 00:00:00', '0000-00-00 00:00:00'),
(181, 12, 'Botad', '0000-00-00 00:00:00', '0000-00-00 00:00:00'),
(182, 12, 'Chhota Udaipur', '0000-00-00 00:00:00', '0000-00-00 00:00:00'),
(183, 12, 'Dahod', '0000-00-00 00:00:00', '0000-00-00 00:00:00'),
(184, 12, 'Dang', '0000-00-00 00:00:00', '0000-00-00 00:00:00'),
(185, 12, 'Devbhoomi Dwarka', '0000-00-00 00:00:00', '0000-00-00 00:00:00'),
(186, 12, 'Gandhinagar', '0000-00-00 00:00:00', '0000-00-00 00:00:00'),
(187, 12, 'Gir Somnath', '0000-00-00 00:00:00', '0000-00-00 00:00:00'),
(188, 12, 'Jamnagar', '0000-00-00 00:00:00', '0000-00-00 00:00:00'),
(189, 12, 'Junagadh', '0000-00-00 00:00:00', '0000-00-00 00:00:00'),
(190, 12, 'Kheda', '0000-00-00 00:00:00', '0000-00-00 00:00:00'),
(191, 12, 'Kutch', '0000-00-00 00:00:00', '0000-00-00 00:00:00'),
(192, 12, 'Mahisagar', '0000-00-00 00:00:00', '0000-00-00 00:00:00'),
(193, 12, 'Mehsana', '0000-00-00 00:00:00', '0000-00-00 00:00:00'),
(194, 12, 'Morbi', '0000-00-00 00:00:00', '0000-00-00 00:00:00'),
(195, 12, 'Narmada', '0000-00-00 00:00:00', '0000-00-00 00:00:00'),
(196, 12, 'Navsari', '0000-00-00 00:00:00', '0000-00-00 00:00:00'),
(197, 12, 'Panchmahal', '0000-00-00 00:00:00', '0000-00-00 00:00:00'),
(198, 12, 'Patan', '0000-00-00 00:00:00', '0000-00-00 00:00:00'),
(199, 12, 'Porbandar', '0000-00-00 00:00:00', '0000-00-00 00:00:00'),
(200, 12, 'Rajkot', '0000-00-00 00:00:00', '0000-00-00 00:00:00'),
(201, 12, 'Sabarkantha', '0000-00-00 00:00:00', '0000-00-00 00:00:00'),
(202, 12, 'Surat', '0000-00-00 00:00:00', '0000-00-00 00:00:00'),
(203, 12, 'Surendranagar', '0000-00-00 00:00:00', '0000-00-00 00:00:00'),
(204, 12, 'Tapi', '0000-00-00 00:00:00', '0000-00-00 00:00:00'),
(205, 12, 'Vadodara', '0000-00-00 00:00:00', '0000-00-00 00:00:00'),
(206, 12, 'Valsad', '0000-00-00 00:00:00', '0000-00-00 00:00:00'),
(207, 13, 'Ambala', '0000-00-00 00:00:00', '0000-00-00 00:00:00'),
(208, 13, 'Bhiwani', '0000-00-00 00:00:00', '0000-00-00 00:00:00'),
(209, 13, 'Charkhi Dadri', '0000-00-00 00:00:00', '0000-00-00 00:00:00'),
(210, 13, 'Faridabad', '0000-00-00 00:00:00', '0000-00-00 00:00:00'),
(211, 13, 'Fatehabad', '0000-00-00 00:00:00', '0000-00-00 00:00:00'),
(212, 13, 'Gurugram', '0000-00-00 00:00:00', '0000-00-00 00:00:00'),
(213, 13, 'Hisar', '0000-00-00 00:00:00', '0000-00-00 00:00:00'),
(214, 13, 'Jhajjar', '0000-00-00 00:00:00', '0000-00-00 00:00:00'),
(215, 13, 'Jind', '0000-00-00 00:00:00', '0000-00-00 00:00:00'),
(216, 13, 'Kaithal', '0000-00-00 00:00:00', '0000-00-00 00:00:00'),
(217, 13, 'Karnal', '0000-00-00 00:00:00', '0000-00-00 00:00:00'),
(218, 13, 'Kurukshetra', '0000-00-00 00:00:00', '0000-00-00 00:00:00'),
(219, 13, 'Mahendragarh', '0000-00-00 00:00:00', '0000-00-00 00:00:00'),
(220, 13, 'Mewat', '0000-00-00 00:00:00', '0000-00-00 00:00:00'),
(221, 13, 'Palwal', '0000-00-00 00:00:00', '0000-00-00 00:00:00'),
(222, 13, 'Panchkula', '0000-00-00 00:00:00', '0000-00-00 00:00:00'),
(223, 13, 'Panipat', '0000-00-00 00:00:00', '0000-00-00 00:00:00'),
(224, 13, 'Rewari', '0000-00-00 00:00:00', '0000-00-00 00:00:00'),
(225, 13, 'Rohtak', '0000-00-00 00:00:00', '0000-00-00 00:00:00'),
(226, 13, 'Sirsa', '0000-00-00 00:00:00', '0000-00-00 00:00:00'),
(227, 13, 'Sonipat', '0000-00-00 00:00:00', '0000-00-00 00:00:00'),
(228, 13, 'Yamunanagar', '0000-00-00 00:00:00', '0000-00-00 00:00:00'),
(229, 14, 'Bilaspur', '0000-00-00 00:00:00', '0000-00-00 00:00:00'),
(230, 14, 'Chamba', '0000-00-00 00:00:00', '0000-00-00 00:00:00'),
(231, 14, 'Hamirpur', '0000-00-00 00:00:00', '0000-00-00 00:00:00'),
(232, 14, 'Kangra', '0000-00-00 00:00:00', '0000-00-00 00:00:00'),
(233, 14, 'Kinnaur', '0000-00-00 00:00:00', '0000-00-00 00:00:00'),
(234, 14, 'Kullu', '0000-00-00 00:00:00', '0000-00-00 00:00:00'),
(235, 14, 'Lahaul Spiti', '0000-00-00 00:00:00', '0000-00-00 00:00:00'),
(236, 14, 'Mandi', '0000-00-00 00:00:00', '0000-00-00 00:00:00'),
(237, 14, 'Shimla', '0000-00-00 00:00:00', '0000-00-00 00:00:00'),
(238, 14, 'Sirmaur', '0000-00-00 00:00:00', '0000-00-00 00:00:00'),
(239, 14, 'Solan', '0000-00-00 00:00:00', '0000-00-00 00:00:00'),
(240, 14, 'Una', '0000-00-00 00:00:00', '0000-00-00 00:00:00'),
(241, 15, 'Anantnag', '0000-00-00 00:00:00', '0000-00-00 00:00:00'),
(242, 15, 'Bandipora', '0000-00-00 00:00:00', '0000-00-00 00:00:00'),
(243, 15, 'Baramulla', '0000-00-00 00:00:00', '0000-00-00 00:00:00'),
(244, 15, 'Budgam', '0000-00-00 00:00:00', '0000-00-00 00:00:00'),
(245, 15, 'Doda', '0000-00-00 00:00:00', '0000-00-00 00:00:00'),
(246, 15, 'Ganderbal', '0000-00-00 00:00:00', '0000-00-00 00:00:00'),
(247, 15, 'Jammu', '0000-00-00 00:00:00', '0000-00-00 00:00:00'),
(248, 15, 'Kathua', '0000-00-00 00:00:00', '0000-00-00 00:00:00'),
(249, 15, 'Kishtwar', '0000-00-00 00:00:00', '0000-00-00 00:00:00'),
(250, 15, 'Kulgam', '0000-00-00 00:00:00', '0000-00-00 00:00:00'),
(251, 15, 'Kupwara', '0000-00-00 00:00:00', '0000-00-00 00:00:00'),
(252, 15, 'Poonch', '0000-00-00 00:00:00', '0000-00-00 00:00:00'),
(253, 15, 'Pulwama', '0000-00-00 00:00:00', '0000-00-00 00:00:00'),
(254, 15, 'Rajouri', '0000-00-00 00:00:00', '0000-00-00 00:00:00'),
(255, 15, 'Ramban', '0000-00-00 00:00:00', '0000-00-00 00:00:00'),
(256, 15, 'Reasi', '0000-00-00 00:00:00', '0000-00-00 00:00:00'),
(257, 15, 'Samba', '0000-00-00 00:00:00', '0000-00-00 00:00:00'),
(258, 15, 'Shopian', '0000-00-00 00:00:00', '0000-00-00 00:00:00'),
(259, 15, 'Srinagar', '0000-00-00 00:00:00', '0000-00-00 00:00:00'),
(260, 15, 'Udhampur', '0000-00-00 00:00:00', '0000-00-00 00:00:00'),
(261, 16, 'Bokaro', '0000-00-00 00:00:00', '0000-00-00 00:00:00'),
(262, 16, 'Chatra', '0000-00-00 00:00:00', '0000-00-00 00:00:00'),
(263, 16, 'Deoghar', '0000-00-00 00:00:00', '0000-00-00 00:00:00'),
(264, 16, 'Dhanbad', '0000-00-00 00:00:00', '0000-00-00 00:00:00'),
(265, 16, 'Dumka', '0000-00-00 00:00:00', '0000-00-00 00:00:00'),
(266, 16, 'East Singhbhum', '0000-00-00 00:00:00', '0000-00-00 00:00:00'),
(267, 16, 'Garhwa', '0000-00-00 00:00:00', '0000-00-00 00:00:00'),
(268, 16, 'Giridih', '0000-00-00 00:00:00', '0000-00-00 00:00:00'),
(269, 16, 'Godda', '0000-00-00 00:00:00', '0000-00-00 00:00:00'),
(270, 16, 'Gumla', '0000-00-00 00:00:00', '0000-00-00 00:00:00'),
(271, 16, 'Hazaribagh', '0000-00-00 00:00:00', '0000-00-00 00:00:00'),
(272, 16, 'Jamtara', '0000-00-00 00:00:00', '0000-00-00 00:00:00'),
(273, 16, 'Khunti', '0000-00-00 00:00:00', '0000-00-00 00:00:00'),
(274, 16, 'Koderma', '0000-00-00 00:00:00', '0000-00-00 00:00:00'),
(275, 16, 'Latehar', '0000-00-00 00:00:00', '0000-00-00 00:00:00'),
(276, 16, 'Lohardaga', '0000-00-00 00:00:00', '0000-00-00 00:00:00'),
(277, 16, 'Pakur', '0000-00-00 00:00:00', '0000-00-00 00:00:00'),
(278, 16, 'Palamu', '0000-00-00 00:00:00', '0000-00-00 00:00:00'),
(279, 16, 'Ramgarh', '0000-00-00 00:00:00', '0000-00-00 00:00:00'),
(280, 16, 'Ranchi', '0000-00-00 00:00:00', '0000-00-00 00:00:00'),
(281, 16, 'Sahebganj', '0000-00-00 00:00:00', '0000-00-00 00:00:00'),
(282, 16, 'Seraikela Kharsawan', '0000-00-00 00:00:00', '0000-00-00 00:00:00'),
(283, 16, 'Simdega', '0000-00-00 00:00:00', '0000-00-00 00:00:00'),
(284, 16, 'West Singhbhum', '0000-00-00 00:00:00', '0000-00-00 00:00:00'),
(285, 17, 'Bagalkot', '0000-00-00 00:00:00', '0000-00-00 00:00:00'),
(286, 17, 'Bangalore Rural', '0000-00-00 00:00:00', '0000-00-00 00:00:00'),
(287, 17, 'Bangalore Urban', '0000-00-00 00:00:00', '0000-00-00 00:00:00'),
(288, 17, 'Belgaum', '0000-00-00 00:00:00', '0000-00-00 00:00:00'),
(289, 17, 'Bellary', '0000-00-00 00:00:00', '0000-00-00 00:00:00'),
(290, 17, 'Bidar', '0000-00-00 00:00:00', '0000-00-00 00:00:00'),
(291, 17, 'Chamarajanagar', '0000-00-00 00:00:00', '0000-00-00 00:00:00'),
(292, 17, 'Chikkaballapur', '0000-00-00 00:00:00', '0000-00-00 00:00:00'),
(293, 17, 'Chikkamagaluru', '0000-00-00 00:00:00', '0000-00-00 00:00:00'),
(294, 17, 'Chitradurga', '0000-00-00 00:00:00', '0000-00-00 00:00:00'),
(295, 17, 'Dakshina Kannada', '0000-00-00 00:00:00', '0000-00-00 00:00:00'),
(296, 17, 'Davanagere', '0000-00-00 00:00:00', '0000-00-00 00:00:00'),
(297, 17, 'Dharwad', '0000-00-00 00:00:00', '0000-00-00 00:00:00'),
(298, 17, 'Gadag', '0000-00-00 00:00:00', '0000-00-00 00:00:00'),
(299, 17, 'Gulbarga', '0000-00-00 00:00:00', '0000-00-00 00:00:00'),
(300, 17, 'Hassan', '0000-00-00 00:00:00', '0000-00-00 00:00:00'),
(301, 17, 'Haveri', '0000-00-00 00:00:00', '0000-00-00 00:00:00'),
(302, 17, 'Kodagu', '0000-00-00 00:00:00', '0000-00-00 00:00:00'),
(303, 17, 'Kolar', '0000-00-00 00:00:00', '0000-00-00 00:00:00'),
(304, 17, 'Koppal', '0000-00-00 00:00:00', '0000-00-00 00:00:00'),
(305, 17, 'Mandya', '0000-00-00 00:00:00', '0000-00-00 00:00:00'),
(306, 17, 'Mysore', '0000-00-00 00:00:00', '0000-00-00 00:00:00'),
(307, 17, 'Raichur', '0000-00-00 00:00:00', '0000-00-00 00:00:00'),
(308, 17, 'Ramanagara', '0000-00-00 00:00:00', '0000-00-00 00:00:00'),
(309, 17, 'Shimoga', '0000-00-00 00:00:00', '0000-00-00 00:00:00'),
(310, 17, 'Tumkur', '0000-00-00 00:00:00', '0000-00-00 00:00:00'),
(311, 17, 'Udupi', '0000-00-00 00:00:00', '0000-00-00 00:00:00'),
(312, 17, 'Uttara Kannada', '0000-00-00 00:00:00', '0000-00-00 00:00:00'),
(313, 17, 'Vijayanagara', '0000-00-00 00:00:00', '0000-00-00 00:00:00'),
(314, 17, 'Vijayapura ', '0000-00-00 00:00:00', '0000-00-00 00:00:00'),
(315, 17, 'Yadgir', '0000-00-00 00:00:00', '0000-00-00 00:00:00'),
(316, 18, 'Alappuzha', '0000-00-00 00:00:00', '0000-00-00 00:00:00'),
(317, 18, 'Ernakulam', '0000-00-00 00:00:00', '0000-00-00 00:00:00'),
(318, 18, 'Idukki', '0000-00-00 00:00:00', '0000-00-00 00:00:00'),
(319, 18, 'Kannur', '0000-00-00 00:00:00', '0000-00-00 00:00:00'),
(320, 18, 'Kasaragod', '0000-00-00 00:00:00', '0000-00-00 00:00:00'),
(321, 18, 'Kollam', '0000-00-00 00:00:00', '0000-00-00 00:00:00'),
(322, 18, 'Kottayam', '0000-00-00 00:00:00', '0000-00-00 00:00:00'),
(323, 18, 'Kozhikode', '0000-00-00 00:00:00', '0000-00-00 00:00:00'),
(324, 18, 'Malappuram', '0000-00-00 00:00:00', '0000-00-00 00:00:00'),
(325, 18, 'Palakkad', '0000-00-00 00:00:00', '0000-00-00 00:00:00'),
(326, 18, 'Pathanamthitta', '0000-00-00 00:00:00', '0000-00-00 00:00:00'),
(327, 18, 'Thiruvananthapuram', '0000-00-00 00:00:00', '0000-00-00 00:00:00'),
(328, 18, 'Thrissur', '0000-00-00 00:00:00', '0000-00-00 00:00:00'),
(329, 18, 'Wayanad', '0000-00-00 00:00:00', '0000-00-00 00:00:00'),
(330, 19, 'Kargil', '0000-00-00 00:00:00', '0000-00-00 00:00:00'),
(331, 19, 'Leh', '0000-00-00 00:00:00', '0000-00-00 00:00:00'),
(332, 20, 'Lakshadweep', '0000-00-00 00:00:00', '0000-00-00 00:00:00'),
(333, 21, 'Agar Malwa', '0000-00-00 00:00:00', '0000-00-00 00:00:00'),
(334, 21, 'Alirajpur', '0000-00-00 00:00:00', '0000-00-00 00:00:00'),
(335, 21, 'Anuppur', '0000-00-00 00:00:00', '0000-00-00 00:00:00'),
(336, 21, 'Ashoknagar', '0000-00-00 00:00:00', '0000-00-00 00:00:00'),
(337, 21, 'Balaghat', '0000-00-00 00:00:00', '0000-00-00 00:00:00'),
(338, 21, 'Barwani', '0000-00-00 00:00:00', '0000-00-00 00:00:00'),
(339, 21, 'Betul', '0000-00-00 00:00:00', '0000-00-00 00:00:00'),
(340, 21, 'Bhind', '0000-00-00 00:00:00', '0000-00-00 00:00:00'),
(341, 21, 'Bhopal', '0000-00-00 00:00:00', '0000-00-00 00:00:00'),
(342, 21, 'Burhanpur', '0000-00-00 00:00:00', '0000-00-00 00:00:00'),
(343, 21, 'Chachaura', '0000-00-00 00:00:00', '0000-00-00 00:00:00'),
(344, 21, 'Chhatarpur', '0000-00-00 00:00:00', '0000-00-00 00:00:00'),
(345, 21, 'Chhindwara', '0000-00-00 00:00:00', '0000-00-00 00:00:00'),
(346, 21, 'Damoh', '0000-00-00 00:00:00', '0000-00-00 00:00:00'),
(347, 21, 'Datia', '0000-00-00 00:00:00', '0000-00-00 00:00:00'),
(348, 21, 'Dewas', '0000-00-00 00:00:00', '0000-00-00 00:00:00'),
(349, 21, 'Dhar', '0000-00-00 00:00:00', '0000-00-00 00:00:00'),
(350, 21, 'Dindori', '0000-00-00 00:00:00', '0000-00-00 00:00:00'),
(351, 21, 'Guna', '0000-00-00 00:00:00', '0000-00-00 00:00:00'),
(352, 21, 'Gwalior', '0000-00-00 00:00:00', '0000-00-00 00:00:00'),
(353, 21, 'Harda', '0000-00-00 00:00:00', '0000-00-00 00:00:00'),
(354, 21, 'Hoshangabad', '0000-00-00 00:00:00', '0000-00-00 00:00:00'),
(355, 21, 'Indore', '0000-00-00 00:00:00', '0000-00-00 00:00:00'),
(356, 21, 'Jabalpur', '0000-00-00 00:00:00', '0000-00-00 00:00:00'),
(357, 21, 'Jhabua', '0000-00-00 00:00:00', '0000-00-00 00:00:00'),
(358, 21, 'Katni', '0000-00-00 00:00:00', '0000-00-00 00:00:00'),
(359, 21, 'Khandwa', '0000-00-00 00:00:00', '0000-00-00 00:00:00'),
(360, 21, 'Khargone', '0000-00-00 00:00:00', '0000-00-00 00:00:00'),
(361, 21, 'Maihar', '0000-00-00 00:00:00', '0000-00-00 00:00:00'),
(362, 21, 'Mandla', '0000-00-00 00:00:00', '0000-00-00 00:00:00'),
(363, 21, 'Mandsaur', '0000-00-00 00:00:00', '0000-00-00 00:00:00'),
(364, 21, 'Morena', '0000-00-00 00:00:00', '0000-00-00 00:00:00'),
(365, 21, 'Nagda', '0000-00-00 00:00:00', '0000-00-00 00:00:00'),
(366, 21, 'Narsinghpur', '0000-00-00 00:00:00', '0000-00-00 00:00:00'),
(367, 21, 'Neemuch', '0000-00-00 00:00:00', '0000-00-00 00:00:00'),
(368, 21, 'Niwari', '0000-00-00 00:00:00', '0000-00-00 00:00:00'),
(369, 21, 'Pandhurna', '0000-00-00 00:00:00', '0000-00-00 00:00:00'),
(370, 21, 'Panna', '0000-00-00 00:00:00', '0000-00-00 00:00:00'),
(371, 21, 'Raisen', '0000-00-00 00:00:00', '0000-00-00 00:00:00'),
(372, 21, 'Rajgarh', '0000-00-00 00:00:00', '0000-00-00 00:00:00'),
(373, 21, 'Ratlam', '0000-00-00 00:00:00', '0000-00-00 00:00:00'),
(374, 21, 'Rewa', '0000-00-00 00:00:00', '0000-00-00 00:00:00'),
(375, 21, 'Sagar', '0000-00-00 00:00:00', '0000-00-00 00:00:00'),
(376, 21, 'Satna', '0000-00-00 00:00:00', '0000-00-00 00:00:00'),
(377, 21, 'Sehore', '0000-00-00 00:00:00', '0000-00-00 00:00:00'),
(378, 21, 'Seoni', '0000-00-00 00:00:00', '0000-00-00 00:00:00'),
(379, 21, 'Shahdol', '0000-00-00 00:00:00', '0000-00-00 00:00:00'),
(380, 21, 'Shajapur', '0000-00-00 00:00:00', '0000-00-00 00:00:00'),
(381, 21, 'Sheopur', '0000-00-00 00:00:00', '0000-00-00 00:00:00'),
(382, 21, 'Shivpuri', '0000-00-00 00:00:00', '0000-00-00 00:00:00'),
(383, 21, 'Sidhi', '0000-00-00 00:00:00', '0000-00-00 00:00:00'),
(384, 21, 'Singrauli', '0000-00-00 00:00:00', '0000-00-00 00:00:00'),
(385, 21, 'Tikamgarh', '0000-00-00 00:00:00', '0000-00-00 00:00:00'),
(386, 21, 'Ujjain', '0000-00-00 00:00:00', '0000-00-00 00:00:00'),
(387, 21, 'Umaria', '0000-00-00 00:00:00', '0000-00-00 00:00:00'),
(388, 21, 'Vidisha', '0000-00-00 00:00:00', '0000-00-00 00:00:00'),
(389, 22, 'Ahmednagar', '0000-00-00 00:00:00', '0000-00-00 00:00:00'),
(390, 22, 'Akola', '0000-00-00 00:00:00', '0000-00-00 00:00:00'),
(391, 22, 'Amravati', '0000-00-00 00:00:00', '0000-00-00 00:00:00'),
(392, 22, 'Aurangabad', '0000-00-00 00:00:00', '0000-00-00 00:00:00'),
(393, 22, 'Beed', '0000-00-00 00:00:00', '0000-00-00 00:00:00'),
(394, 22, 'Bhandara', '0000-00-00 00:00:00', '0000-00-00 00:00:00'),
(395, 22, 'Buldhana', '0000-00-00 00:00:00', '0000-00-00 00:00:00'),
(396, 22, 'Chandrapur', '0000-00-00 00:00:00', '0000-00-00 00:00:00'),
(397, 22, 'Dhule', '0000-00-00 00:00:00', '0000-00-00 00:00:00'),
(398, 22, 'Gadchiroli', '0000-00-00 00:00:00', '0000-00-00 00:00:00'),
(399, 22, 'Gondia', '0000-00-00 00:00:00', '0000-00-00 00:00:00'),
(400, 22, 'Hingoli', '0000-00-00 00:00:00', '0000-00-00 00:00:00'),
(401, 22, 'Jalgaon', '0000-00-00 00:00:00', '0000-00-00 00:00:00'),
(402, 22, 'Jalna', '0000-00-00 00:00:00', '0000-00-00 00:00:00'),
(403, 22, 'Kolhapur', '0000-00-00 00:00:00', '0000-00-00 00:00:00'),
(404, 22, 'Latur', '0000-00-00 00:00:00', '0000-00-00 00:00:00'),
(405, 22, 'Mumbai City', '0000-00-00 00:00:00', '0000-00-00 00:00:00'),
(406, 22, 'Mumbai Suburban', '0000-00-00 00:00:00', '0000-00-00 00:00:00'),
(407, 22, 'Nagpur', '0000-00-00 00:00:00', '0000-00-00 00:00:00'),
(408, 22, 'Nanded', '0000-00-00 00:00:00', '0000-00-00 00:00:00'),
(409, 22, 'Nandurbar', '0000-00-00 00:00:00', '0000-00-00 00:00:00'),
(410, 22, 'Nashik', '0000-00-00 00:00:00', '0000-00-00 00:00:00'),
(411, 22, 'Osmanabad', '0000-00-00 00:00:00', '0000-00-00 00:00:00'),
(412, 22, 'Palghar', '0000-00-00 00:00:00', '0000-00-00 00:00:00'),
(413, 22, 'Parbhani', '0000-00-00 00:00:00', '0000-00-00 00:00:00'),
(414, 22, 'Pune', '0000-00-00 00:00:00', '0000-00-00 00:00:00'),
(415, 22, 'Raigad', '0000-00-00 00:00:00', '0000-00-00 00:00:00'),
(416, 22, 'Ratnagiri', '0000-00-00 00:00:00', '0000-00-00 00:00:00'),
(417, 22, 'Sangli', '0000-00-00 00:00:00', '0000-00-00 00:00:00'),
(418, 22, 'Satara', '0000-00-00 00:00:00', '0000-00-00 00:00:00'),
(419, 22, 'Sindhudurg', '0000-00-00 00:00:00', '0000-00-00 00:00:00'),
(420, 22, 'Solapur', '0000-00-00 00:00:00', '0000-00-00 00:00:00'),
(421, 22, 'Thane', '0000-00-00 00:00:00', '0000-00-00 00:00:00'),
(422, 22, 'Wardha', '0000-00-00 00:00:00', '0000-00-00 00:00:00'),
(423, 22, 'Washim', '0000-00-00 00:00:00', '0000-00-00 00:00:00'),
(424, 22, 'Yavatmal', '0000-00-00 00:00:00', '0000-00-00 00:00:00'),
(425, 23, 'Bishnupur', '0000-00-00 00:00:00', '0000-00-00 00:00:00'),
(426, 23, 'Chandel', '0000-00-00 00:00:00', '0000-00-00 00:00:00'),
(427, 23, 'Churachandpur', '0000-00-00 00:00:00', '0000-00-00 00:00:00'),
(428, 23, 'Imphal East', '0000-00-00 00:00:00', '0000-00-00 00:00:00'),
(429, 23, 'Imphal West', '0000-00-00 00:00:00', '0000-00-00 00:00:00'),
(430, 23, 'Jiribam', '0000-00-00 00:00:00', '0000-00-00 00:00:00'),
(431, 23, 'Kakching', '0000-00-00 00:00:00', '0000-00-00 00:00:00'),
(432, 23, 'Kamjong', '0000-00-00 00:00:00', '0000-00-00 00:00:00'),
(433, 23, 'Kangpokpi', '0000-00-00 00:00:00', '0000-00-00 00:00:00'),
(434, 23, 'Noney', '0000-00-00 00:00:00', '0000-00-00 00:00:00'),
(435, 23, 'Pherzawl', '0000-00-00 00:00:00', '0000-00-00 00:00:00'),
(436, 23, 'Senapati', '0000-00-00 00:00:00', '0000-00-00 00:00:00'),
(437, 23, 'Tamenglong', '0000-00-00 00:00:00', '0000-00-00 00:00:00'),
(438, 23, 'Tengnoupal', '0000-00-00 00:00:00', '0000-00-00 00:00:00'),
(439, 23, 'Thoubal', '0000-00-00 00:00:00', '0000-00-00 00:00:00'),
(440, 23, 'Ukhrul', '0000-00-00 00:00:00', '0000-00-00 00:00:00'),
(441, 24, 'East Garo Hills', '0000-00-00 00:00:00', '0000-00-00 00:00:00'),
(442, 24, 'East Jaintia Hills', '0000-00-00 00:00:00', '0000-00-00 00:00:00'),
(443, 24, 'East Khasi Hills', '0000-00-00 00:00:00', '0000-00-00 00:00:00'),
(444, 24, 'Mairang', '0000-00-00 00:00:00', '0000-00-00 00:00:00'),
(445, 24, 'North Garo Hills', '0000-00-00 00:00:00', '0000-00-00 00:00:00'),
(446, 24, 'Ri Bhoi', '0000-00-00 00:00:00', '0000-00-00 00:00:00'),
(447, 24, 'South Garo Hills', '0000-00-00 00:00:00', '0000-00-00 00:00:00'),
(448, 24, 'South West Garo Hills', '0000-00-00 00:00:00', '0000-00-00 00:00:00'),
(449, 24, 'South West Khasi Hills', '0000-00-00 00:00:00', '0000-00-00 00:00:00'),
(450, 24, 'West Garo Hills', '0000-00-00 00:00:00', '0000-00-00 00:00:00'),
(451, 24, 'West Jaintia Hills', '0000-00-00 00:00:00', '0000-00-00 00:00:00'),
(452, 24, 'West Khasi Hills', '0000-00-00 00:00:00', '0000-00-00 00:00:00'),
(453, 25, 'Aizawl', '0000-00-00 00:00:00', '0000-00-00 00:00:00'),
(454, 25, 'Champhai', '0000-00-00 00:00:00', '0000-00-00 00:00:00'),
(455, 25, 'Hnahthial', '0000-00-00 00:00:00', '0000-00-00 00:00:00'),
(456, 25, 'Kolasib', '0000-00-00 00:00:00', '0000-00-00 00:00:00'),
(457, 25, 'Khawzawl', '0000-00-00 00:00:00', '0000-00-00 00:00:00'),
(458, 25, 'Lawngtlai', '0000-00-00 00:00:00', '0000-00-00 00:00:00'),
(459, 25, 'Lunglei', '0000-00-00 00:00:00', '0000-00-00 00:00:00'),
(460, 25, 'Mamit', '0000-00-00 00:00:00', '0000-00-00 00:00:00'),
(461, 25, 'Saiha', '0000-00-00 00:00:00', '0000-00-00 00:00:00'),
(462, 25, 'Serchhip', '0000-00-00 00:00:00', '0000-00-00 00:00:00'),
(463, 25, 'Saitual', '0000-00-00 00:00:00', '0000-00-00 00:00:00'),
(464, 26, 'Chumukedima', '0000-00-00 00:00:00', '0000-00-00 00:00:00'),
(465, 26, 'Dimapur', '0000-00-00 00:00:00', '0000-00-00 00:00:00'),
(466, 26, 'Kiphire', '0000-00-00 00:00:00', '0000-00-00 00:00:00'),
(467, 26, 'Kohima', '0000-00-00 00:00:00', '0000-00-00 00:00:00'),
(468, 26, 'Longleng', '0000-00-00 00:00:00', '0000-00-00 00:00:00'),
(469, 26, 'Mokokchung', '0000-00-00 00:00:00', '0000-00-00 00:00:00'),
(470, 26, 'Mon', '0000-00-00 00:00:00', '0000-00-00 00:00:00'),
(471, 26, 'Niuland', '0000-00-00 00:00:00', '0000-00-00 00:00:00'),
(472, 26, 'Noklak', '0000-00-00 00:00:00', '0000-00-00 00:00:00'),
(473, 26, 'Peren', '0000-00-00 00:00:00', '0000-00-00 00:00:00'),
(474, 26, 'Phek', '0000-00-00 00:00:00', '0000-00-00 00:00:00'),
(475, 26, 'Shamator', '0000-00-00 00:00:00', '0000-00-00 00:00:00'),
(476, 26, 'Tseminyu', '0000-00-00 00:00:00', '0000-00-00 00:00:00'),
(477, 26, 'Tuensang', '0000-00-00 00:00:00', '0000-00-00 00:00:00'),
(478, 26, 'Wokha', '0000-00-00 00:00:00', '0000-00-00 00:00:00'),
(479, 26, 'Zunheboto', '0000-00-00 00:00:00', '0000-00-00 00:00:00'),
(480, 27, 'Angul', '0000-00-00 00:00:00', '0000-00-00 00:00:00'),
(481, 27, 'Balangir', '0000-00-00 00:00:00', '0000-00-00 00:00:00'),
(482, 27, 'Balasore', '0000-00-00 00:00:00', '0000-00-00 00:00:00'),
(483, 27, 'Bargarh', '0000-00-00 00:00:00', '0000-00-00 00:00:00'),
(484, 27, 'Bhadrak', '0000-00-00 00:00:00', '0000-00-00 00:00:00'),
(485, 27, 'Boudh', '0000-00-00 00:00:00', '0000-00-00 00:00:00'),
(486, 27, 'Cuttack', '0000-00-00 00:00:00', '0000-00-00 00:00:00'),
(487, 27, 'Debagarh', '0000-00-00 00:00:00', '0000-00-00 00:00:00'),
(488, 27, 'Dhenkanal', '0000-00-00 00:00:00', '0000-00-00 00:00:00'),
(489, 27, 'Gajapati', '0000-00-00 00:00:00', '0000-00-00 00:00:00'),
(490, 27, 'Ganjam', '0000-00-00 00:00:00', '0000-00-00 00:00:00'),
(491, 27, 'Jagatsinghpur', '0000-00-00 00:00:00', '0000-00-00 00:00:00'),
(492, 27, 'Jajpur', '0000-00-00 00:00:00', '0000-00-00 00:00:00'),
(493, 27, 'Jharsuguda', '0000-00-00 00:00:00', '0000-00-00 00:00:00'),
(494, 27, 'Kalahandi', '0000-00-00 00:00:00', '0000-00-00 00:00:00'),
(495, 27, 'Kandhamal', '0000-00-00 00:00:00', '0000-00-00 00:00:00'),
(496, 27, 'Kendrapara', '0000-00-00 00:00:00', '0000-00-00 00:00:00'),
(497, 27, 'Kendujhar', '0000-00-00 00:00:00', '0000-00-00 00:00:00'),
(498, 27, 'Khordha', '0000-00-00 00:00:00', '0000-00-00 00:00:00'),
(499, 27, 'Koraput', '0000-00-00 00:00:00', '0000-00-00 00:00:00'),
(500, 27, 'Malkangiri', '0000-00-00 00:00:00', '0000-00-00 00:00:00'),
(501, 27, 'Mayurbhanj', '0000-00-00 00:00:00', '0000-00-00 00:00:00'),
(502, 27, 'Nabarangpur', '0000-00-00 00:00:00', '0000-00-00 00:00:00'),
(503, 27, 'Nayagarh', '0000-00-00 00:00:00', '0000-00-00 00:00:00'),
(504, 27, 'Nuapada', '0000-00-00 00:00:00', '0000-00-00 00:00:00'),
(505, 27, 'Puri', '0000-00-00 00:00:00', '0000-00-00 00:00:00'),
(506, 27, 'Rayagada', '0000-00-00 00:00:00', '0000-00-00 00:00:00'),
(507, 27, 'Sambalpur', '0000-00-00 00:00:00', '0000-00-00 00:00:00'),
(508, 27, 'Subarnapur', '0000-00-00 00:00:00', '0000-00-00 00:00:00'),
(509, 27, 'Sundergarh', '0000-00-00 00:00:00', '0000-00-00 00:00:00'),
(510, 28, 'Karaikal', '0000-00-00 00:00:00', '0000-00-00 00:00:00'),
(511, 28, 'Mahe', '0000-00-00 00:00:00', '0000-00-00 00:00:00'),
(512, 28, 'Puducherry', '0000-00-00 00:00:00', '0000-00-00 00:00:00'),
(513, 28, 'Yanam', '0000-00-00 00:00:00', '0000-00-00 00:00:00'),
(514, 29, 'Amritsar', '0000-00-00 00:00:00', '0000-00-00 00:00:00'),
(515, 29, 'Barnala', '0000-00-00 00:00:00', '0000-00-00 00:00:00'),
(516, 29, 'Bathinda', '0000-00-00 00:00:00', '0000-00-00 00:00:00'),
(517, 29, 'Faridkot', '0000-00-00 00:00:00', '0000-00-00 00:00:00'),
(518, 29, 'Fatehgarh Sahib', '0000-00-00 00:00:00', '0000-00-00 00:00:00'),
(519, 29, 'Fazilka', '0000-00-00 00:00:00', '0000-00-00 00:00:00'),
(520, 29, 'Firozpur', '0000-00-00 00:00:00', '0000-00-00 00:00:00'),
(521, 29, 'Gurdaspur', '0000-00-00 00:00:00', '0000-00-00 00:00:00'),
(522, 29, 'Hoshiarpur', '0000-00-00 00:00:00', '0000-00-00 00:00:00'),
(523, 29, 'Jalandhar', '0000-00-00 00:00:00', '0000-00-00 00:00:00'),
(524, 29, 'Kapurthala', '0000-00-00 00:00:00', '0000-00-00 00:00:00'),
(525, 29, 'Ludhiana', '0000-00-00 00:00:00', '0000-00-00 00:00:00'),
(526, 29, 'Malerkotla', '0000-00-00 00:00:00', '0000-00-00 00:00:00'),
(527, 29, 'Mansa', '0000-00-00 00:00:00', '0000-00-00 00:00:00'),
(528, 29, 'Moga', '0000-00-00 00:00:00', '0000-00-00 00:00:00'),
(529, 29, 'Mohali', '0000-00-00 00:00:00', '0000-00-00 00:00:00'),
(530, 29, 'Muktsar', '0000-00-00 00:00:00', '0000-00-00 00:00:00'),
(531, 29, 'Pathankot', '0000-00-00 00:00:00', '0000-00-00 00:00:00'),
(532, 29, 'Patiala', '0000-00-00 00:00:00', '0000-00-00 00:00:00'),
(533, 29, 'Rupnagar', '0000-00-00 00:00:00', '0000-00-00 00:00:00'),
(534, 29, 'Sangrur', '0000-00-00 00:00:00', '0000-00-00 00:00:00'),
(535, 29, 'Shaheed Bhagat Singh Nagar', '0000-00-00 00:00:00', '0000-00-00 00:00:00'),
(536, 29, 'Tarn Taran', '0000-00-00 00:00:00', '0000-00-00 00:00:00'),
(537, 30, 'Ajmer', '0000-00-00 00:00:00', '0000-00-00 00:00:00'),
(538, 30, 'Alwar', '0000-00-00 00:00:00', '0000-00-00 00:00:00'),
(539, 30, 'Anupgarh', '0000-00-00 00:00:00', '0000-00-00 00:00:00'),
(540, 30, 'Balotra', '0000-00-00 00:00:00', '0000-00-00 00:00:00'),
(541, 30, 'Banswara', '0000-00-00 00:00:00', '0000-00-00 00:00:00'),
(542, 30, 'Baran', '0000-00-00 00:00:00', '0000-00-00 00:00:00'),
(543, 30, 'Barmer', '0000-00-00 00:00:00', '0000-00-00 00:00:00'),
(544, 30, 'Beawar', '0000-00-00 00:00:00', '0000-00-00 00:00:00'),
(545, 30, 'Bharatpur', '0000-00-00 00:00:00', '0000-00-00 00:00:00'),
(546, 30, 'Bhilwara', '0000-00-00 00:00:00', '0000-00-00 00:00:00'),
(547, 30, 'Bikaner', '0000-00-00 00:00:00', '0000-00-00 00:00:00'),
(548, 30, 'Bundi', '0000-00-00 00:00:00', '0000-00-00 00:00:00'),
(549, 30, 'Chittorgarh', '0000-00-00 00:00:00', '0000-00-00 00:00:00'),
(550, 30, 'Churu', '0000-00-00 00:00:00', '0000-00-00 00:00:00'),
(551, 30, 'Dausa', '0000-00-00 00:00:00', '0000-00-00 00:00:00'),
(552, 30, 'Deeg', '0000-00-00 00:00:00', '0000-00-00 00:00:00'),
(553, 30, 'Dholpur', '0000-00-00 00:00:00', '0000-00-00 00:00:00'),
(554, 30, 'Didwana-Kuchaman', '0000-00-00 00:00:00', '0000-00-00 00:00:00'),
(555, 30, 'Dudu', '0000-00-00 00:00:00', '0000-00-00 00:00:00'),
(556, 30, 'Dungarpur', '0000-00-00 00:00:00', '0000-00-00 00:00:00'),
(557, 30, 'Gangapur City', '0000-00-00 00:00:00', '0000-00-00 00:00:00'),
(558, 30, 'Hanumangarh', '0000-00-00 00:00:00', '0000-00-00 00:00:00'),
(559, 30, 'Jaipur', '0000-00-00 00:00:00', '0000-00-00 00:00:00'),
(560, 30, 'Jaipur Rural', '0000-00-00 00:00:00', '0000-00-00 00:00:00'),
(561, 30, 'Jaisalmer', '0000-00-00 00:00:00', '0000-00-00 00:00:00'),
(562, 30, 'Jalore', '0000-00-00 00:00:00', '0000-00-00 00:00:00'),
(563, 30, 'Jhalawar', '0000-00-00 00:00:00', '0000-00-00 00:00:00'),
(564, 30, 'Jhunjhunu', '0000-00-00 00:00:00', '0000-00-00 00:00:00'),
(565, 30, 'Jodhpur', '0000-00-00 00:00:00', '0000-00-00 00:00:00'),
(566, 30, 'Jodhpur Rural', '0000-00-00 00:00:00', '0000-00-00 00:00:00'),
(567, 30, 'Karauli', '0000-00-00 00:00:00', '0000-00-00 00:00:00'),
(568, 30, 'Kekri', '0000-00-00 00:00:00', '0000-00-00 00:00:00'),
(569, 30, 'Khairthal?Tijara', '0000-00-00 00:00:00', '0000-00-00 00:00:00'),
(570, 30, 'Kota', '0000-00-00 00:00:00', '0000-00-00 00:00:00'),
(571, 30, 'Kotputli-Behror', '0000-00-00 00:00:00', '0000-00-00 00:00:00'),
(572, 30, 'Nagaur', '0000-00-00 00:00:00', '0000-00-00 00:00:00'),
(573, 30, 'Neem ka Thana', '0000-00-00 00:00:00', '0000-00-00 00:00:00'),
(574, 30, 'Pali', '0000-00-00 00:00:00', '0000-00-00 00:00:00'),
(575, 30, 'Phalodi', '0000-00-00 00:00:00', '0000-00-00 00:00:00'),
(576, 30, 'Pratapgarh', '0000-00-00 00:00:00', '0000-00-00 00:00:00'),
(577, 30, 'Rajsamand', '0000-00-00 00:00:00', '0000-00-00 00:00:00'),
(578, 30, 'Salumbar', '0000-00-00 00:00:00', '0000-00-00 00:00:00'),
(579, 30, 'Sanchore', '0000-00-00 00:00:00', '0000-00-00 00:00:00'),
(580, 30, 'Sawai Madhopur', '0000-00-00 00:00:00', '0000-00-00 00:00:00'),
(581, 30, 'Shahpura', '0000-00-00 00:00:00', '0000-00-00 00:00:00'),
(582, 30, 'Sikar', '0000-00-00 00:00:00', '0000-00-00 00:00:00'),
(583, 30, 'Sirohi', '0000-00-00 00:00:00', '0000-00-00 00:00:00'),
(584, 30, 'Sri Ganganagar', '0000-00-00 00:00:00', '0000-00-00 00:00:00'),
(585, 30, 'Tonk', '0000-00-00 00:00:00', '0000-00-00 00:00:00'),
(586, 30, 'Udaipur', '0000-00-00 00:00:00', '0000-00-00 00:00:00'),
(587, 31, 'East 31', '0000-00-00 00:00:00', '0000-00-00 00:00:00'),
(588, 31, 'North 31', '0000-00-00 00:00:00', '0000-00-00 00:00:00'),
(589, 31, 'Pakyong', '0000-00-00 00:00:00', '0000-00-00 00:00:00'),
(590, 31, 'Soreng', '0000-00-00 00:00:00', '0000-00-00 00:00:00'),
(591, 31, 'South 31', '0000-00-00 00:00:00', '0000-00-00 00:00:00'),
(592, 31, 'West 31', '0000-00-00 00:00:00', '0000-00-00 00:00:00'),
(593, 32, 'Ariyalur', '0000-00-00 00:00:00', '0000-00-00 00:00:00'),
(594, 32, 'Chengalpattu', '0000-00-00 00:00:00', '0000-00-00 00:00:00'),
(595, 32, 'Chennai', '0000-00-00 00:00:00', '0000-00-00 00:00:00'),
(596, 32, 'Coimbatore', '0000-00-00 00:00:00', '0000-00-00 00:00:00'),
(597, 32, 'Cuddalore', '0000-00-00 00:00:00', '0000-00-00 00:00:00'),
(598, 32, 'Dharmapuri', '0000-00-00 00:00:00', '0000-00-00 00:00:00'),
(599, 32, 'Dindigul', '0000-00-00 00:00:00', '0000-00-00 00:00:00'),
(600, 32, 'Erode', '0000-00-00 00:00:00', '0000-00-00 00:00:00'),
(601, 32, 'Kallakurichi', '0000-00-00 00:00:00', '0000-00-00 00:00:00'),
(602, 32, 'Kanchipuram', '0000-00-00 00:00:00', '0000-00-00 00:00:00'),
(603, 32, 'Kanyakumari', '0000-00-00 00:00:00', '0000-00-00 00:00:00'),
(604, 32, 'Karur', '0000-00-00 00:00:00', '0000-00-00 00:00:00'),
(605, 32, 'Krishnagiri', '0000-00-00 00:00:00', '0000-00-00 00:00:00'),
(606, 32, 'Madurai', '0000-00-00 00:00:00', '0000-00-00 00:00:00'),
(607, 32, 'Mayiladuthurai ', '0000-00-00 00:00:00', '0000-00-00 00:00:00'),
(608, 32, 'Nagapattinam', '0000-00-00 00:00:00', '0000-00-00 00:00:00'),
(609, 32, 'Namakkal', '0000-00-00 00:00:00', '0000-00-00 00:00:00'),
(610, 32, 'Nilgiris', '0000-00-00 00:00:00', '0000-00-00 00:00:00'),
(611, 32, 'Perambalur', '0000-00-00 00:00:00', '0000-00-00 00:00:00'),
(612, 32, 'Pudukkottai', '0000-00-00 00:00:00', '0000-00-00 00:00:00'),
(613, 32, 'Ramanathapuram', '0000-00-00 00:00:00', '0000-00-00 00:00:00'),
(614, 32, 'Ranipet', '0000-00-00 00:00:00', '0000-00-00 00:00:00'),
(615, 32, 'Salem', '0000-00-00 00:00:00', '0000-00-00 00:00:00'),
(616, 32, 'Sivaganga', '0000-00-00 00:00:00', '0000-00-00 00:00:00'),
(617, 32, 'Tenkasi', '0000-00-00 00:00:00', '0000-00-00 00:00:00'),
(618, 32, 'Thanjavur', '0000-00-00 00:00:00', '0000-00-00 00:00:00'),
(619, 32, 'Theni', '0000-00-00 00:00:00', '0000-00-00 00:00:00'),
(620, 32, 'Thoothukudi', '0000-00-00 00:00:00', '0000-00-00 00:00:00'),
(621, 32, 'Tiruchirappalli', '0000-00-00 00:00:00', '0000-00-00 00:00:00'),
(622, 32, 'Tirunelveli', '0000-00-00 00:00:00', '0000-00-00 00:00:00'),
(623, 32, 'Tirupattur', '0000-00-00 00:00:00', '0000-00-00 00:00:00'),
(624, 32, 'Tiruppur', '0000-00-00 00:00:00', '0000-00-00 00:00:00'),
(625, 32, 'Tiruvallur', '0000-00-00 00:00:00', '0000-00-00 00:00:00'),
(626, 32, 'Tiruvannamalai', '0000-00-00 00:00:00', '0000-00-00 00:00:00'),
(627, 32, 'Tiruvarur', '0000-00-00 00:00:00', '0000-00-00 00:00:00'),
(628, 32, 'Vellore', '0000-00-00 00:00:00', '0000-00-00 00:00:00'),
(629, 32, 'Viluppuram', '0000-00-00 00:00:00', '0000-00-00 00:00:00'),
(630, 32, 'Virudhunagar', '0000-00-00 00:00:00', '0000-00-00 00:00:00'),
(631, 33, 'Adilabad', '0000-00-00 00:00:00', '0000-00-00 00:00:00'),
(632, 33, 'Bhadradri Kothagudem', '0000-00-00 00:00:00', '0000-00-00 00:00:00'),
(633, 33, 'Hyderabad', '0000-00-00 00:00:00', '0000-00-00 00:00:00'),
(634, 33, 'Jagtial', '0000-00-00 00:00:00', '0000-00-00 00:00:00'),
(635, 33, 'Jangaon', '0000-00-00 00:00:00', '0000-00-00 00:00:00'),
(636, 33, 'Jayashankar', '0000-00-00 00:00:00', '0000-00-00 00:00:00'),
(637, 33, 'Jogulamba', '0000-00-00 00:00:00', '0000-00-00 00:00:00'),
(638, 33, 'Kamareddy', '0000-00-00 00:00:00', '0000-00-00 00:00:00'),
(639, 33, 'Karimnagar', '0000-00-00 00:00:00', '0000-00-00 00:00:00'),
(640, 33, 'Khammam', '0000-00-00 00:00:00', '0000-00-00 00:00:00'),
(641, 33, 'Komaram Bheem', '0000-00-00 00:00:00', '0000-00-00 00:00:00'),
(642, 33, 'Mahabubabad', '0000-00-00 00:00:00', '0000-00-00 00:00:00'),
(643, 33, 'Mahbubnagar', '0000-00-00 00:00:00', '0000-00-00 00:00:00'),
(644, 33, 'Mancherial', '0000-00-00 00:00:00', '0000-00-00 00:00:00'),
(645, 33, 'Medak', '0000-00-00 00:00:00', '0000-00-00 00:00:00'),
(646, 33, 'Medchal', '0000-00-00 00:00:00', '0000-00-00 00:00:00'),
(647, 33, 'Mulugu', '0000-00-00 00:00:00', '0000-00-00 00:00:00'),
(648, 33, 'Nagarkurnool', '0000-00-00 00:00:00', '0000-00-00 00:00:00'),
(649, 33, 'Nalgonda', '0000-00-00 00:00:00', '0000-00-00 00:00:00'),
(650, 33, 'Narayanpet', '0000-00-00 00:00:00', '0000-00-00 00:00:00'),
(651, 33, 'Nirmal', '0000-00-00 00:00:00', '0000-00-00 00:00:00'),
(652, 33, 'Nizamabad', '0000-00-00 00:00:00', '0000-00-00 00:00:00'),
(653, 33, 'Peddapalli', '0000-00-00 00:00:00', '0000-00-00 00:00:00'),
(654, 33, 'Rajanna Sircilla', '0000-00-00 00:00:00', '0000-00-00 00:00:00'),
(655, 33, 'Ranga Reddy', '0000-00-00 00:00:00', '0000-00-00 00:00:00'),
(656, 33, 'Sangareddy', '0000-00-00 00:00:00', '0000-00-00 00:00:00'),
(657, 33, 'Siddipet', '0000-00-00 00:00:00', '0000-00-00 00:00:00'),
(658, 33, 'Suryapet', '0000-00-00 00:00:00', '0000-00-00 00:00:00'),
(659, 33, 'Vikarabad', '0000-00-00 00:00:00', '0000-00-00 00:00:00'),
(660, 33, 'Wanaparthy', '0000-00-00 00:00:00', '0000-00-00 00:00:00'),
(661, 33, 'Warangal', '0000-00-00 00:00:00', '0000-00-00 00:00:00'),
(662, 33, 'Hanamkonda', '0000-00-00 00:00:00', '0000-00-00 00:00:00'),
(663, 33, 'Yadadri Bhuvanagiri', '0000-00-00 00:00:00', '0000-00-00 00:00:00'),
(664, 34, 'Dhalai', '0000-00-00 00:00:00', '0000-00-00 00:00:00'),
(665, 34, 'Gomati', '0000-00-00 00:00:00', '0000-00-00 00:00:00'),
(666, 34, 'Khowai', '0000-00-00 00:00:00', '0000-00-00 00:00:00'),
(667, 34, 'North 34', '0000-00-00 00:00:00', '0000-00-00 00:00:00'),
(668, 34, 'Sepahijala', '0000-00-00 00:00:00', '0000-00-00 00:00:00'),
(669, 34, 'South 34', '0000-00-00 00:00:00', '0000-00-00 00:00:00'),
(670, 34, 'Unakoti', '0000-00-00 00:00:00', '0000-00-00 00:00:00'),
(671, 34, 'West 34', '0000-00-00 00:00:00', '0000-00-00 00:00:00'),
(672, 35, 'Agra', '0000-00-00 00:00:00', '0000-00-00 00:00:00'),
(673, 35, 'Aligarh', '0000-00-00 00:00:00', '0000-00-00 00:00:00'),
(674, 35, 'Ambedkar Nagar', '0000-00-00 00:00:00', '0000-00-00 00:00:00'),
(675, 35, 'Amethi', '0000-00-00 00:00:00', '0000-00-00 00:00:00'),
(676, 35, 'Amroha', '0000-00-00 00:00:00', '0000-00-00 00:00:00'),
(677, 35, 'Auraiya', '0000-00-00 00:00:00', '0000-00-00 00:00:00'),
(678, 35, 'Ayodhya', '0000-00-00 00:00:00', '0000-00-00 00:00:00'),
(679, 35, 'Azamgarh', '0000-00-00 00:00:00', '0000-00-00 00:00:00'),
(680, 35, 'Baghpat', '0000-00-00 00:00:00', '0000-00-00 00:00:00'),
(681, 35, 'Bahraich', '0000-00-00 00:00:00', '0000-00-00 00:00:00'),
(682, 35, 'Ballia', '0000-00-00 00:00:00', '0000-00-00 00:00:00'),
(683, 35, 'Balrampur', '0000-00-00 00:00:00', '0000-00-00 00:00:00'),
(684, 35, 'Banda', '0000-00-00 00:00:00', '0000-00-00 00:00:00'),
(685, 35, 'Barabanki', '0000-00-00 00:00:00', '0000-00-00 00:00:00'),
(686, 35, 'Bareilly', '0000-00-00 00:00:00', '0000-00-00 00:00:00'),
(687, 35, 'Basti', '0000-00-00 00:00:00', '0000-00-00 00:00:00'),
(688, 35, 'Bhadohi', '0000-00-00 00:00:00', '0000-00-00 00:00:00'),
(689, 35, 'Bijnor', '0000-00-00 00:00:00', '0000-00-00 00:00:00'),
(690, 35, 'Budaun', '0000-00-00 00:00:00', '0000-00-00 00:00:00'),
(691, 35, 'Bulandshahr', '0000-00-00 00:00:00', '0000-00-00 00:00:00'),
(692, 35, 'Chandauli', '0000-00-00 00:00:00', '0000-00-00 00:00:00'),
(693, 35, 'Chitrakoot', '0000-00-00 00:00:00', '0000-00-00 00:00:00'),
(694, 35, 'Deoria', '0000-00-00 00:00:00', '0000-00-00 00:00:00'),
(695, 35, 'Etah', '0000-00-00 00:00:00', '0000-00-00 00:00:00'),
(696, 35, 'Etawah', '0000-00-00 00:00:00', '0000-00-00 00:00:00'),
(697, 35, 'Farrukhabad', '0000-00-00 00:00:00', '0000-00-00 00:00:00'),
(698, 35, 'Fatehpur', '0000-00-00 00:00:00', '0000-00-00 00:00:00'),
(699, 35, 'Firozabad', '0000-00-00 00:00:00', '0000-00-00 00:00:00'),
(700, 35, 'Gautam Buddha Nagar', '0000-00-00 00:00:00', '0000-00-00 00:00:00'),
(701, 35, 'Ghaziabad', '0000-00-00 00:00:00', '0000-00-00 00:00:00'),
(702, 35, 'Ghazipur', '0000-00-00 00:00:00', '0000-00-00 00:00:00'),
(703, 35, 'Gonda', '0000-00-00 00:00:00', '0000-00-00 00:00:00'),
(704, 35, 'Gorakhpur', '0000-00-00 00:00:00', '0000-00-00 00:00:00'),
(705, 35, 'Hamirpur', '0000-00-00 00:00:00', '0000-00-00 00:00:00'),
(706, 35, 'Hapur', '0000-00-00 00:00:00', '0000-00-00 00:00:00'),
(707, 35, 'Hardoi', '0000-00-00 00:00:00', '0000-00-00 00:00:00'),
(708, 35, 'Hathras', '0000-00-00 00:00:00', '0000-00-00 00:00:00'),
(709, 35, 'Jalaun', '0000-00-00 00:00:00', '0000-00-00 00:00:00'),
(710, 35, 'Jaunpur', '0000-00-00 00:00:00', '0000-00-00 00:00:00'),
(711, 35, 'Jhansi', '0000-00-00 00:00:00', '0000-00-00 00:00:00'),
(712, 35, 'Kannauj', '0000-00-00 00:00:00', '0000-00-00 00:00:00'),
(713, 35, 'Kanpur Dehat', '0000-00-00 00:00:00', '0000-00-00 00:00:00'),
(714, 35, 'Kanpur Nagar', '0000-00-00 00:00:00', '0000-00-00 00:00:00'),
(715, 35, 'Kasganj', '0000-00-00 00:00:00', '0000-00-00 00:00:00'),
(716, 35, 'Kaushambi', '0000-00-00 00:00:00', '0000-00-00 00:00:00'),
(717, 35, 'Kheri', '0000-00-00 00:00:00', '0000-00-00 00:00:00'),
(718, 35, 'Kushinagar', '0000-00-00 00:00:00', '0000-00-00 00:00:00'),
(719, 35, 'Lalitpur', '0000-00-00 00:00:00', '0000-00-00 00:00:00'),
(720, 35, 'Lucknow', '0000-00-00 00:00:00', '0000-00-00 00:00:00'),
(721, 35, 'Maharajganj', '0000-00-00 00:00:00', '0000-00-00 00:00:00'),
(722, 35, 'Mahoba', '0000-00-00 00:00:00', '0000-00-00 00:00:00'),
(723, 35, 'Mainpuri', '0000-00-00 00:00:00', '0000-00-00 00:00:00'),
(724, 35, 'Mathura', '0000-00-00 00:00:00', '0000-00-00 00:00:00'),
(725, 35, 'Mau', '0000-00-00 00:00:00', '0000-00-00 00:00:00'),
(726, 35, 'Meerut', '0000-00-00 00:00:00', '0000-00-00 00:00:00'),
(727, 35, 'Mirzapur', '0000-00-00 00:00:00', '0000-00-00 00:00:00'),
(728, 35, 'Moradabad', '0000-00-00 00:00:00', '0000-00-00 00:00:00'),
(729, 35, 'Muzaffarnagar', '0000-00-00 00:00:00', '0000-00-00 00:00:00'),
(730, 35, 'Pilibhit', '0000-00-00 00:00:00', '0000-00-00 00:00:00'),
(731, 35, 'Pratapgarh', '0000-00-00 00:00:00', '0000-00-00 00:00:00'),
(732, 35, 'Prayagraj', '0000-00-00 00:00:00', '0000-00-00 00:00:00'),
(733, 35, 'Raebareli', '0000-00-00 00:00:00', '0000-00-00 00:00:00'),
(734, 35, 'Rampur', '0000-00-00 00:00:00', '0000-00-00 00:00:00'),
(735, 35, 'Saharanpur', '0000-00-00 00:00:00', '0000-00-00 00:00:00'),
(736, 35, 'Sambhal', '0000-00-00 00:00:00', '0000-00-00 00:00:00'),
(737, 35, 'Sant Kabir Nagar', '0000-00-00 00:00:00', '0000-00-00 00:00:00'),
(738, 35, 'Shahjahanpur', '0000-00-00 00:00:00', '0000-00-00 00:00:00'),
(739, 35, 'Shamli', '0000-00-00 00:00:00', '0000-00-00 00:00:00'),
(740, 35, 'Shravasti', '0000-00-00 00:00:00', '0000-00-00 00:00:00'),
(741, 35, 'Siddharthnagar', '0000-00-00 00:00:00', '0000-00-00 00:00:00'),
(742, 35, 'Sitapur', '0000-00-00 00:00:00', '0000-00-00 00:00:00'),
(743, 35, 'Sonbhadra', '0000-00-00 00:00:00', '0000-00-00 00:00:00'),
(744, 35, 'Sultanpur', '0000-00-00 00:00:00', '0000-00-00 00:00:00');
INSERT INTO `cities` (`id`, `state_id`, `city`, `created_at`, `updated_at`) VALUES
(745, 35, 'Unnao', '0000-00-00 00:00:00', '0000-00-00 00:00:00'),
(746, 35, 'Varanasi', '0000-00-00 00:00:00', '0000-00-00 00:00:00'),
(747, 36, 'Almora', '0000-00-00 00:00:00', '0000-00-00 00:00:00'),
(748, 36, 'Bageshwar', '0000-00-00 00:00:00', '0000-00-00 00:00:00'),
(749, 36, 'Chamoli', '0000-00-00 00:00:00', '0000-00-00 00:00:00'),
(750, 36, 'Champawat', '0000-00-00 00:00:00', '0000-00-00 00:00:00'),
(751, 36, 'Dehradun', '0000-00-00 00:00:00', '0000-00-00 00:00:00'),
(752, 36, 'Haridwar', '0000-00-00 00:00:00', '0000-00-00 00:00:00'),
(753, 36, 'Nainital', '0000-00-00 00:00:00', '0000-00-00 00:00:00'),
(754, 36, 'Pauri', '0000-00-00 00:00:00', '0000-00-00 00:00:00'),
(755, 36, 'Pithoragarh', '0000-00-00 00:00:00', '0000-00-00 00:00:00'),
(756, 36, 'Rudraprayag', '0000-00-00 00:00:00', '0000-00-00 00:00:00'),
(757, 36, 'Tehri', '0000-00-00 00:00:00', '0000-00-00 00:00:00'),
(758, 36, 'Udham Singh Nagar', '0000-00-00 00:00:00', '0000-00-00 00:00:00'),
(759, 36, 'Uttarkashi', '0000-00-00 00:00:00', '0000-00-00 00:00:00'),
(760, 37, 'Alipurduar', '0000-00-00 00:00:00', '0000-00-00 00:00:00'),
(761, 37, 'Bankura', '0000-00-00 00:00:00', '0000-00-00 00:00:00'),
(762, 37, 'Birbhum', '0000-00-00 00:00:00', '0000-00-00 00:00:00'),
(763, 37, 'Cooch Behar', '0000-00-00 00:00:00', '0000-00-00 00:00:00'),
(764, 37, 'Dakshin Dinajpur', '0000-00-00 00:00:00', '0000-00-00 00:00:00'),
(765, 37, 'Darjeeling', '0000-00-00 00:00:00', '0000-00-00 00:00:00'),
(766, 37, 'Hooghly', '0000-00-00 00:00:00', '0000-00-00 00:00:00'),
(767, 37, 'Howrah', '0000-00-00 00:00:00', '0000-00-00 00:00:00'),
(768, 37, 'Jalpaiguri', '0000-00-00 00:00:00', '0000-00-00 00:00:00'),
(769, 37, 'Jhargram', '0000-00-00 00:00:00', '0000-00-00 00:00:00'),
(770, 37, 'Kalimpong', '0000-00-00 00:00:00', '0000-00-00 00:00:00'),
(771, 37, 'Kolkata', '0000-00-00 00:00:00', '0000-00-00 00:00:00'),
(772, 37, 'Malda', '0000-00-00 00:00:00', '0000-00-00 00:00:00'),
(773, 37, 'Murshidabad', '0000-00-00 00:00:00', '0000-00-00 00:00:00'),
(774, 37, 'Nadia', '0000-00-00 00:00:00', '0000-00-00 00:00:00'),
(775, 37, 'North 24 Parganas', '0000-00-00 00:00:00', '0000-00-00 00:00:00'),
(776, 37, 'Paschim Bardhaman', '0000-00-00 00:00:00', '0000-00-00 00:00:00'),
(777, 37, 'Paschim Medinipur', '0000-00-00 00:00:00', '0000-00-00 00:00:00'),
(778, 37, 'Purba Bardhaman', '0000-00-00 00:00:00', '0000-00-00 00:00:00'),
(779, 37, 'Purba Medinipur', '0000-00-00 00:00:00', '0000-00-00 00:00:00'),
(780, 37, 'Purulia', '0000-00-00 00:00:00', '0000-00-00 00:00:00'),
(781, 37, 'South 24 Parganas', '0000-00-00 00:00:00', '0000-00-00 00:00:00'),
(782, 37, 'Uttar Dinajpur', '0000-00-00 00:00:00', '0000-00-00 00:00:00');

-- --------------------------------------------------------

--
-- Table structure for table `countries`
--

CREATE TABLE `countries` (
  `id` int(11) NOT NULL,
  `country` varchar(255) NOT NULL,
  `url` varchar(255) NOT NULL,
  `image` varchar(255) DEFAULT NULL,
  `updated_at` timestamp NOT NULL DEFAULT current_timestamp() ON UPDATE current_timestamp(),
  `is_deleted` int(11) NOT NULL DEFAULT 0
) ENGINE=InnoDB DEFAULT CHARSET=utf8mb4 COLLATE=utf8mb4_general_ci;

--
-- Dumping data for table `countries`
--

INSERT INTO `countries` (`id`, `country`, `url`, `image`, `updated_at`, `is_deleted`) VALUES
(1, 'UNITED KINGDOM', 'united-kingdom', '2301100824UK.jpg', '2023-01-10 08:24:39', 0),
(2, 'ARGENTINA', 'argentina', NULL, '2022-12-21 02:23:36', 0),
(3, 'AUSTRALIA', 'australia', '2301100832AUS.jpg', '2023-01-10 08:32:36', 0),
(4, 'BAHAMAS', 'bahamas', NULL, '2022-12-21 02:23:36', 0),
(5, 'BELGIUM', 'belgium', NULL, '2022-12-21 02:23:36', 0),
(6, 'BRAZIL', 'brazil', '2301100841BRA.jpg', '2023-01-10 08:41:09', 0),
(7, 'CANADA', 'canada', NULL, '2022-12-21 02:23:36', 0),
(8, 'CHINA', 'china', '2301100842CHI.jpg', '2023-01-10 08:42:23', 0),
(9, 'COLOMBIA', 'colombia', NULL, '2022-12-21 02:23:36', 0),
(10, 'CUBA', 'cuba', NULL, '2022-12-21 02:23:36', 0),
(11, 'DOMINICAN REPUBLIC', 'dominican-republic', NULL, '2022-12-21 02:23:36', 0),
(12, 'ECUADOR', 'ecuador', NULL, '2022-12-21 02:23:36', 0),
(13, 'EL SALVADOR', 'el-salvador', NULL, '2022-12-21 02:23:36', 0),
(14, 'FRANCE', 'france', '2301100900FRA.jpg', '2023-01-10 09:00:43', 0),
(15, 'GERMANY', 'germany', '2301100905GER.jpg', '2023-01-10 09:05:16', 0),
(16, 'GUATEMALA', 'guatemala', NULL, '2022-12-21 02:23:36', 0),
(17, 'HAITI', 'haiti', NULL, '2022-12-21 02:23:36', 0),
(18, 'HONG KONG', 'honduras', '2301100909HON.jpg', '2023-01-10 09:10:13', 0),
(19, 'INDIA', 'india', '2301100911ind.jpg', '2023-01-10 09:11:23', 0),
(20, 'IRELAND', 'ireland', NULL, '2022-12-21 02:23:36', 0),
(21, 'ISRAEL', 'israel', NULL, '2022-12-21 02:23:36', 0),
(22, 'ITALY', 'italy', NULL, '2022-12-21 02:23:36', 0),
(23, 'Japan', 'japan', '202212190210jaiput.jpg', '2022-12-24 06:51:45', 0),
(24, 'KYRGYZSTAN', 'korea', '2301100918kyr.jpeg', '2023-01-10 09:18:22', 0),
(25, 'MEXICO', 'mexico', NULL, '2022-12-21 02:23:36', 0),
(26, 'NETHERLANDS', 'netherlands', NULL, '2022-12-21 02:23:36', 0),
(27, 'PHILIPPINES', 'philippines', NULL, '2022-12-21 02:23:36', 0),
(28, 'SPAIN', 'spain', '2301100927SPA.jpg', '2023-01-10 09:27:55', 0),
(29, 'SWEDEN', 'sweden', NULL, '2022-12-21 02:23:36', 0),
(30, 'SWITZERLAND', 'switzerland', '22122412016.jpg', '2022-12-24 06:31:15', 0),
(31, 'TAIWAN', 'taiwan', NULL, '2022-12-21 02:23:36', 0),
(32, 'VENEZUELA', 'venezuela', NULL, '2022-12-21 02:23:36', 0),
(33, 'VIET NAM', 'viet-nam', '2301100957VIE.jpg', '2023-01-10 09:57:48', 0),
(34, 'Afghanistan', 'afghanistan', '230104052311.png', '2023-01-09 17:29:18', 0),
(35, 'ALBANIA', 'albania', '2301100823ALB.jpg', '2023-01-10 08:23:30', 0),
(36, 'ALGERIA', 'algeria', NULL, '2022-12-21 02:23:36', 0),
(37, 'EUROPE', 'american-samoa', '2302211015Europe.jfif', '2023-02-21 10:22:33', 0),
(38, 'ANDORRA', 'andorra', NULL, '2022-12-21 02:23:36', 0),
(39, 'ANGOLA', 'angola', NULL, '2022-12-21 02:23:36', 0),
(40, 'ARMENIA', 'armenia', '2301100829ARM.jpg', '2023-01-10 08:29:19', 0),
(41, 'AUSTRIA', 'austria', NULL, '2022-12-21 02:23:36', 0),
(42, 'AZERBAIJAN', 'azerbaijan', '2301100834AZB.jpg', '2023-01-10 08:34:15', 0),
(43, 'BAHRAIN', 'bahrain', '2301100838BAH.jpg', '2023-01-10 08:38:16', 0),
(44, 'BANGLADESH', 'bangladesh', NULL, '2022-12-21 02:23:36', 0),
(45, 'BARBADOS', 'barbados', NULL, '2022-12-21 02:23:36', 0),
(46, 'BELARUS', 'belarus', NULL, '2022-12-21 02:23:36', 0),
(47, 'BELIZE', 'belize', NULL, '2022-12-21 02:23:36', 0),
(48, 'BENIN', 'benin', NULL, '2022-12-21 02:23:36', 0),
(49, 'BERMUDA', 'bermuda', NULL, '2022-12-21 02:23:36', 0),
(50, 'BHUTAN', 'bhutan', NULL, '2022-12-21 02:23:36', 0),
(51, 'BOLIVIA', 'bolivia', NULL, '2022-12-21 02:23:36', 0),
(52, 'BOSNIA AND HERZEGOVINA', 'bosnia-and-herzegovina', NULL, '2022-12-21 02:23:36', 0),
(53, 'BOTSWANA', 'botswana', NULL, '2022-12-21 02:23:36', 0),
(54, 'BULGARIA', 'bulgaria', NULL, '2022-12-21 02:23:36', 0),
(55, 'LAOS', 'burkina-faso', '2106231237Laos.jpg', '2023-06-21 07:32:37', 0),
(56, 'BURUNDI', 'burundi', NULL, '2022-12-21 02:23:36', 0),
(57, 'CAMBODIA', 'cambodia', NULL, '2022-12-21 02:23:36', 0),
(58, 'CAMEROON', 'cameroon', NULL, '2022-12-21 02:23:36', 0),
(59, 'CAPE VERDE ISLANDS', 'cape-verde-islands', NULL, '2022-12-21 02:23:36', 0),
(60, 'CHAD', 'chad', NULL, '2022-12-21 02:23:36', 0),
(61, 'CHILE', 'chile', NULL, '2022-12-21 02:23:36', 0),
(62, 'CONGO', 'congo', NULL, '2022-12-21 02:23:36', 0),
(63, 'COSTA RICA', 'costa-rica', NULL, '2022-12-21 02:23:36', 0),
(64, 'CROATIA', 'croatia', '2301100844CRO.jpg', '2023-01-10 08:44:09', 0),
(65, 'CYPRUS', 'cyprus', NULL, '2022-12-21 02:23:36', 0),
(66, 'CZECH REPUBLIC', 'czech-republic', NULL, '2022-12-21 02:23:36', 0),
(67, 'DENMARK', 'denmark', NULL, '2022-12-21 02:23:36', 0),
(68, 'DJIBOUTI', 'djibouti', NULL, '2022-12-21 02:23:36', 0),
(69, 'DOMINICA', 'dominica', NULL, '2022-12-21 02:23:36', 0),
(70, 'EGYPT', 'egypt', NULL, '2022-12-21 02:23:36', 0),
(71, 'ERITREA', 'eritrea', NULL, '2022-12-21 02:23:36', 0),
(72, 'ESTONIA', 'estonia', NULL, '2022-12-21 02:23:36', 0),
(73, 'ETHIOPIA', 'ethiopia', '2301100847ETH.jpg', '2023-01-10 08:47:08', 0),
(74, 'FIJI', 'fiji', NULL, '2022-12-21 02:23:36', 0),
(75, 'FINLAND', 'finland', NULL, '2022-12-21 02:23:36', 0),
(76, 'FRENCH POLYNESIA', 'french-polynesia', NULL, '2022-12-21 02:23:36', 0),
(77, 'GABON', 'gabon', NULL, '2022-12-21 02:23:36', 0),
(78, 'GAMBIA', 'gambia', NULL, '2022-12-21 02:23:36', 0),
(79, 'GEORGIA', 'georgia', NULL, '2022-12-21 02:23:36', 0),
(80, 'GHANA', 'ghana', NULL, '2022-12-21 02:23:36', 0),
(81, 'GREECE', 'greece', NULL, '2022-12-21 02:23:36', 0),
(82, 'GRENADA', 'grenada', NULL, '2022-12-21 02:23:36', 0),
(83, 'GUINEA', 'guinea', NULL, '2022-12-21 02:23:36', 0),
(84, 'GUYANA', 'guyana', NULL, '2022-12-21 02:23:36', 0),
(85, 'HUNGARY', 'hungary', NULL, '2022-12-21 02:23:36', 0),
(86, 'ICELAND', 'iceland', NULL, '2022-12-21 02:23:36', 0),
(87, 'INDONESIA', 'indonesia', '0707231156BALI AT&T.jpg', '2023-07-07 06:26:17', 0),
(88, 'IRAN', 'iran', NULL, '2022-12-21 02:23:36', 0),
(89, 'IRAQ', 'iraq', NULL, '2022-12-21 02:23:36', 0),
(90, 'JAMAICA', 'jamaica', NULL, '2022-12-21 02:23:36', 0),
(91, 'JORDAN', 'jordan', '2212210226dubai.jpg', '2022-12-24 06:54:12', 0),
(92, 'KAZAKHSTAN', 'kazakhstan', NULL, '2022-12-21 02:23:36', 0),
(93, 'KENYA', 'kenya', '2301100915KEN.jpg', '2023-01-10 09:15:22', 0),
(94, 'KOREA', 'korea', NULL, '2022-12-21 02:23:36', 0),
(95, 'KUWAIT', 'kuwait', NULL, '2022-12-21 02:23:36', 0),
(96, 'LATVIA', 'latvia', NULL, '2022-12-21 02:23:36', 0),
(97, 'LEBANON', 'lebanon', NULL, '2022-12-21 02:23:36', 0),
(98, 'LIBERIA', 'liberia', NULL, '2022-12-21 02:23:36', 0),
(99, 'LIBYA', 'libya', NULL, '2022-12-21 02:23:36', 0),
(100, 'LITHUANIA', 'lithuania', NULL, '2022-12-21 02:23:36', 0),
(101, 'LUXEMBOURG', 'luxembourg', '2301100919lux.jpg', '2023-01-10 09:19:54', 0),
(102, 'MADAGASCAR', 'madagascar', NULL, '2022-12-21 02:23:36', 0),
(103, 'MALAWI', 'malawi', NULL, '2022-12-21 02:23:36', 0),
(104, 'MALAYSIA', 'malaysia', '2212211045kul.jpeg', '2022-12-21 10:45:55', 0),
(105, 'MALDIVES', 'maldives', '2212211046bagislandguests-11.jpg', '2022-12-21 10:46:55', 0),
(106, 'MALI', 'mali', NULL, '2022-12-21 02:23:36', 0),
(107, 'MALTA', 'malta', '2301100921mal.jpg', '2023-01-10 09:21:22', 0),
(108, 'MAURITANIA', 'mauritania', NULL, '2022-12-21 02:23:36', 0),
(109, 'MAURITIUS', 'mauritius', '2212211050Alexandra-Waterfalls.jpg', '2022-12-21 10:50:56', 0),
(110, 'MONACO', 'monaco', NULL, '2022-12-21 02:23:36', 0),
(111, 'MONGOLIA', 'mongolia', NULL, '2022-12-21 02:23:36', 0),
(112, 'MONTENEGRO', 'montenegro', NULL, '2022-12-21 02:23:36', 0),
(113, 'MOROCCO', 'morocco', NULL, '2022-12-21 02:23:36', 0),
(114, 'MOZAMBIQUE', 'mozambique', NULL, '2022-12-21 02:23:36', 0),
(115, 'NAMIBIA', 'namibia', NULL, '2022-12-21 02:23:36', 0),
(116, 'NEPAL', 'nepal', '22122110515.jpg', '2022-12-21 10:51:40', 0),
(117, 'NEW ZEALAND', 'new-zealand', NULL, '2022-12-21 02:23:36', 0),
(118, 'NICARAGUA', 'nicaragua', NULL, '2022-12-21 02:23:36', 0),
(119, 'NIGER', 'niger', NULL, '2022-12-21 02:23:36', 0),
(120, 'NIGERIA', 'nigeria', NULL, '2022-12-21 02:23:36', 0),
(121, 'NORWAY', 'norway', NULL, '2022-12-21 02:23:36', 0),
(122, 'OMAN', 'oman', NULL, '2022-12-21 02:23:36', 0),
(123, 'PAKISTAN', 'pakistan', NULL, '2022-12-21 02:23:36', 0),
(124, 'PANAMA', 'panama', NULL, '2022-12-21 02:23:36', 0),
(125, 'PAPUA NEW GUINEA', 'papua-new-guinea', NULL, '2022-12-21 02:23:36', 0),
(126, 'PARAGUAY', 'paraguay', NULL, '2022-12-21 02:23:36', 0),
(127, 'PERU', 'peru', NULL, '2022-12-21 02:23:36', 0),
(128, 'POLAND', 'poland', '2301100922pol.jpeg', '2023-01-10 09:22:44', 0),
(129, 'PORTUGAL', 'portugal', NULL, '2022-12-21 02:23:36', 0),
(130, 'QATAR', 'qatar', '2212210223dubai.jpg', '2022-12-24 06:52:38', 0),
(131, 'ROMANIA', 'romania', NULL, '2022-12-21 02:23:36', 0),
(132, 'RUSSIA', 'rwanda', '2301100923RUS.jpg', '2023-01-10 09:23:50', 0),
(133, 'SAUDI ARABIA', 'saudi-arabia', '2212211052pic10.jpg', '2022-12-24 06:52:43', 0),
(134, 'SENEGAL', 'senegal', NULL, '2022-12-21 02:23:36', 0),
(135, 'SERBIA', 'serbia', NULL, '2022-12-21 02:23:36', 0),
(136, 'SIERRA LEONE', 'sierra-leone', NULL, '2022-12-21 02:23:36', 0),
(137, 'SINGAPORE', 'singapore', '2212211053Merlion Tower.jpg', '2023-01-10 09:24:49', 0),
(138, 'SLOVAKIA', 'slovakia', '2301100926SLO.jpg', '2023-01-10 09:26:40', 0),
(139, 'SLOVENIA', 'slovenia', NULL, '2022-12-21 02:23:36', 0),
(140, 'SOLOMON ISLANDS', 'solomon-islands', NULL, '2022-12-21 02:23:36', 0),
(141, 'SOMALIA', 'somalia', NULL, '2022-12-21 02:23:36', 0),
(142, 'SOUTH AFRICA', 'south-africa', NULL, '2022-12-21 02:23:36', 0),
(143, 'SRI LANKA', 'sri-lanka', '2212211054Colombo.jpg', '2022-12-24 06:52:55', 0),
(144, 'SUDAN', 'sudan', NULL, '2022-12-21 02:23:36', 0),
(145, 'SURINAME', 'suriname', '2301100930SUR.jpg', '2023-01-10 09:30:48', 0),
(146, 'SWAZILAND', 'swaziland', '22122411545.jpg', '2022-12-24 06:24:46', 0),
(147, 'TAJIKISTAN', 'tajikistan', NULL, '2022-12-21 02:23:36', 0),
(148, 'THAILAND', 'thailand', '0407230139Phuket AT&T.jpg', '2023-07-04 08:09:55', 0),
(149, 'TOGO', 'togo', NULL, '2022-12-21 02:23:36', 0),
(150, 'TANZANIA', 'trinidad-and-tobago', '2301100932TAN.jpg', '2023-01-10 09:32:59', 0),
(151, 'TUNISIA', 'tunisia', NULL, '2022-12-21 02:23:36', 0),
(152, 'TURKEY', 'turkey', '0707231027Turkey AT&T.jpg', '2023-07-07 04:57:28', 0),
(153, 'TURKMENISTAN', 'turkmenistan', '2301100945TURK.jpg', '2023-01-10 09:45:26', 0),
(154, 'TUVALU', 'tuvalu', NULL, '2022-12-21 02:23:36', 0),
(155, 'UGANDA', 'uganda', '2301100950UGA.jpg', '2023-01-10 09:50:02', 0),
(156, 'UKRAINE', 'ukraine', '2301100952UKR.jpg', '2023-01-10 09:52:18', 0),
(157, 'UNITED ARAB EMIRATES', 'united-arab-emirates', '0707231015Dubai AT&T.jpg', '2023-07-07 04:45:04', 0),
(158, 'UNITED STATES', 'united-states', NULL, '2022-12-21 02:23:36', 0),
(159, 'URUGUAY', 'uruguay', NULL, '2022-12-21 02:23:36', 0),
(160, 'UZBEKISTAN', 'uzbekistan', '2301100954UZB.jpg', '2023-01-10 09:54:59', 0),
(161, 'VANUATU', 'vanuatu', NULL, '2022-12-21 02:23:36', 0),
(162, 'YEMEN', 'yemen', NULL, '2022-12-21 02:23:36', 0),
(163, 'ZAMBIA', 'zambia', '2301101013ZAM.jpg', '2023-01-10 10:13:31', 0);

-- --------------------------------------------------------

--
-- Table structure for table `failed_jobs`
--

CREATE TABLE `failed_jobs` (
  `id` bigint(20) UNSIGNED NOT NULL,
  `uuid` varchar(255) NOT NULL,
  `connection` text NOT NULL,
  `queue` text NOT NULL,
  `payload` longtext NOT NULL,
  `exception` longtext NOT NULL,
  `failed_at` timestamp NOT NULL DEFAULT current_timestamp()
) ENGINE=InnoDB DEFAULT CHARSET=utf8mb4 COLLATE=utf8mb4_unicode_ci;

-- --------------------------------------------------------

--
-- Table structure for table `faqs`
--

CREATE TABLE `faqs` (
  `id` bigint(20) UNSIGNED NOT NULL,
  `faq` varchar(255) NOT NULL,
  `explain` text NOT NULL,
  `created_at` timestamp NULL DEFAULT NULL,
  `updated_at` timestamp NULL DEFAULT NULL
) ENGINE=InnoDB DEFAULT CHARSET=utf8mb4 COLLATE=utf8mb4_unicode_ci;

--
-- Dumping data for table `faqs`
--

INSERT INTO `faqs` (`id`, `faq`, `explain`, `created_at`, `updated_at`) VALUES
(1, 'What is the objective of edha.', '<p>edha is an initiative, to facilitate emotional and psychological well-being through its platform. &nbsp;Aim is to offer comprehensive online counselling, coaching, relaxation techniques, self-help and therapies. &nbsp;This is done through one-on-one sessions with Clients, either through video Call or audio call through the platform. &nbsp;In future, you can also get to experience offline sessions. &nbsp;We also conduct various other programs and workshops for Organizations, Institutions, groups.</p>', '2023-11-13 07:47:41', '2023-11-13 07:47:41'),
(2, 'How do I get started to avail your services?', '<p>Please click on the &ldquo;Get Started&rdquo; button from Home page of the web-site/platform and follow the steps and proceed with the kind of service you wish to seek. &nbsp;In case you are not sure, which service to proceed with, then please call us up at the number mentioned on our website and the Team shall facilitate you with your concern. &nbsp;You may also drop in a mail to us and the Team shall revert to you, at an earliest.</p>', '2023-10-21 00:34:42', NULL),
(3, 'What is online video or audio sessions?', '<p>Be it Counselling, Coaching or any other Self Help, our services are presently available on-line. This means, you will be able to seek sessions using online mode, be it through a video call or audio call from this portal.</p>', '2023-10-21 00:35:05', NULL),
(4, 'Can I join session using my mobile phone?', '<p>Yes, of course. &nbsp;You can access website from your mobile phone as well, other than Desktop, Laptop or Tablet, per your convenience. &nbsp;Just make sure that you have good data (internet connectivity) during the entire session time.</p>', '2023-10-21 00:35:23', NULL),
(5, 'What is the time duration of sessions?', '<p>Our sessions are of 30 minutes and 60 minutes duration. You may choose any one of these timings for your session, as per your availability and convenience.</p>', '2023-10-21 00:35:43', NULL),
(6, 'Are these sessions recorded, are these safe while doing online sessions?', '<p>No, our sessions are not recorded at all, irrespective. There is no need for the recording to happen, as these are personal and confidential sessions and there is no need to record these sessions at all, for future use. &nbsp;While having a session with your expert, if you wish, you may use a pen and a paper to note down any important or pertinent suggestion or point so that you do not forget.</p>', '2023-10-21 00:36:11', NULL),
(7, 'What all details would you require from me while signing up for a session?', '<p>We require basic details from you, which includes type of service, in the langue you desire, your place of stay, so that we connect you with the most relevant expert with you. &nbsp;Once&nbsp;you are ready to proceed with a session, then a few details are sought like, your name, e-mail id, mobile number and a few more details so that an account is also created for you to be able to access our portal with ease, for future sessions. This avoids keying in information again and again when you visit our portal for future sessions.</p>', '2023-10-21 00:36:52', NULL),
(8, 'Do I need to disclose my name and details correctly?', '<p>Yes, please be rest assured, this information stays in our system only. True name and other information are important so that our experts address you appropriately and this helps build a good connect.</p>', '2023-10-21 00:37:31', NULL),
(9, 'Are these services paid ?', '<p>Yes, all our sessions are paid. Standalone sessions do not offer any discount, however, if you choose to go for multiple sessions and pay for it, then we offer good discount to you. &nbsp;At times, we may come up with various promotional offers, which you may avail. These offers will be valid for certain time duration only.</p>', '2023-10-21 00:37:56', NULL),
(10, 'What are the charges for a session?', '<p>Charges vary from a registered expert to another as these are decided by them, individually. Charges may vary basis their academic qualification, years of experience, expertise areas and their service offering.</p>', '2023-10-21 00:38:15', NULL),
(11, 'How do I make payment for session?', '<p>You can use any of the online payment methods as mentioned at the time of making payment. You can pay using Credit card, Debit card, UPI or net banking.</p>', '2023-10-21 00:38:34', NULL),
(12, 'Is your payment gateway safe and secure?', '<p>Yes, please be rest assured, as our payment gateway is very secure as it is through one of the renowned Bank. &nbsp;&nbsp;</p>', '2023-10-21 00:38:59', NULL),
(13, 'Is there any age limit to enroll for sessions?', '<p>Yes, we conduct sessions for an individual who is above 18 years of age. In case someone is a minor, then we suggest the person&rsquo;s parent to be in agreement for session and discussion.</p>', '2023-10-21 00:39:24', NULL),
(14, 'Are online sessions effective? Do they really help one?', '<p>Our services are such, that irrespective of the mode of discussion, online mode is effective. Indeed, a face to face session is slightly better, as compared to discussion using an online mode.</p>', '2023-10-21 00:39:49', NULL),
(15, 'How many Counselling sessions do I need to undergo?', '<p>Number of sessions may vary from person to person, basis their areas of concern for counselling or coaching or for any other services available on our platform. It varies due purpose of session, how severe is the condition or concern, what has been the tenure of the present state and the response and participation by our Client on their way to recovery or meeting up their goal.</p>', '2023-10-21 00:40:07', NULL),
(16, 'What is the time gap between two sessions?', '<p>This is best decided by your expert, Counsellor, Psychologist, Psychiatrist, Therapist, Coach or Instructor for other services during or post first session and discussion.</p>', '2023-10-21 00:40:38', NULL),
(17, 'Can I reschedule a booked session? How do I do that?', '<p>Yes, you can conveniently reschedule your booked session basis availability of your expert. However, we do not encourage you to reschedule your booked sessions multiple times, as availability of your expert may not be the same, whenever you desire. Further, you would not be able to change your expert once you have made a booking with one of them.</p>', '2023-10-21 00:40:58', NULL),
(18, 'Can I cancel a session and get refund?', '<p>For refund, we deal with our Clients individually. To proceed with refund, you will have to drop in a mail to us at <a href=\"http://ask@edha.life\">ask@edha.life</a>&nbsp;and our Team shall look into it and revert to you within 05 business days. Subsequently, the Team will look into your request. We suggest you please go through our cancellation and refund policy available on our portal.</p>\r\n\r\n<p>Yes, if you think it is not possible for you to proceed with your booked session then you may cancel the same. &nbsp;We will have your paid amount with us and would allow you 06 months of time to re-book your session with the same amount with the expert who has the same fees, just in case you wish to speak with someone else. &nbsp;</p>', '2023-11-13 07:49:23', '2023-11-13 07:49:23'),
(19, 'What if I am not satisfied with the session?', '<p>It would be unfortunate for us to hear that from you, as all our experts are experienced and competent enough to be able to work with their Clients, most appropriately. &nbsp;However, in case of any such situation arising, we suggest you to kindly drop in a detailed mail to us at <a href=\"mailto:support@feelsgood.in\">&nbsp;ask@edha.life</a>&nbsp;within a week of your session, for us to be able to look into the matter, urgently. A delayed response from you might not be appropriate, due obvious reasons. &nbsp;</p>', '2023-11-06 05:36:55', '2023-11-06 05:36:55'),
(20, 'For Counselling, what all types of cases do you handle at edha?', '<p>We request you to please go through the exhaustive list of our services, which is available in our drop down on Home page under the respective Tabs of Counselling, Coaching or other offerings.</p>', '2023-11-13 07:47:05', '2023-11-13 07:47:05'),
(21, 'Is there any situation or state which you do not handle through your platform? What are those?', '<p>We attend to only those Clients who seek services which are mentioned on our portal. In case a service is not mentioned out there, then those situations, we do not handle.</p>\r\n\r\n<p>Further, people requiring immediate medical assistance, as stated as disclaimer in the footer of our web-site or under Disclaimer in our Terms and conditions are those situations we do not attend to. We suggest, you please read through that in detail.</p>', '2023-10-21 01:13:43', '2023-10-21 01:13:43'),
(22, 'How is my captured information used?', '<p>Your information rests in our database only and is not used for any purpose other than to serve you in your first session or for future sessions. &nbsp;</p>', '2023-10-21 00:43:10', NULL),
(23, 'Should I go through Terms and conditions and policies mentioned on your portal even before I seek services through your portal?', '<p>Yes, it is always good to know the Terms and conditions before you use any service. In case you come across any point which you are not comfortable with, then we recommend, you should not go for seeking support from us. &nbsp;Alternatively, you may seek clarification and then decide, accordingly. &nbsp;</p>', '2023-10-21 00:43:36', NULL);

-- --------------------------------------------------------

--
-- Table structure for table `migrations`
--

CREATE TABLE `migrations` (
  `id` int(10) UNSIGNED NOT NULL,
  `migration` varchar(255) NOT NULL,
  `batch` int(11) NOT NULL
) ENGINE=InnoDB DEFAULT CHARSET=utf8mb4 COLLATE=utf8mb4_unicode_ci;

--
-- Dumping data for table `migrations`
--

INSERT INTO `migrations` (`id`, `migration`, `batch`) VALUES
(1, '2014_10_12_000000_create_users_table', 1),
(2, '2014_10_12_100000_create_password_resets_table', 1),
(3, '2019_08_19_000000_create_failed_jobs_table', 1),
(4, '2019_12_14_000001_create_personal_access_tokens_table', 1),
(14, '2024_02_16_132139_create_permission_tables', 2),
(15, '2024_02_17_054828_create_studios_table', 2),
(16, '2024_02_17_055459_create_vendors_table', 2),
(17, '2024_02_17_055612_create_services_table', 2),
(18, '2024_02_17_060223_create_amenities_table', 2),
(19, '2024_02_17_064225_create_studio_services_table', 2),
(20, '2024_02_17_064303_create_amenity_studios_table', 2),
(21, '2024_02_17_064441_create_rents_table', 2),
(22, '2024_02_19_104110_create_charges_table', 3),
(23, '2024_02_20_060112_create_bookings_table', 4),
(24, '2024_02_20_060656_create_slots_table', 4),
(25, '2024_02_20_061256_create_booking_items_table', 4),
(26, '2024_02_20_065729_create_blocked_slots_table', 5),
(27, '2024_02_20_084514_create_service_studios_table', 6),
(28, '2024_02_22_130853_create_studio_images_table', 7),
(29, '2024_02_26_100636_create_transactions_table', 8);

-- --------------------------------------------------------

--
-- Table structure for table `model_has_permissions`
--

CREATE TABLE `model_has_permissions` (
  `permission_id` bigint(20) UNSIGNED NOT NULL,
  `model_type` varchar(255) NOT NULL,
  `model_id` bigint(20) UNSIGNED NOT NULL
) ENGINE=InnoDB DEFAULT CHARSET=utf8mb4 COLLATE=utf8mb4_unicode_ci;

-- --------------------------------------------------------

--
-- Table structure for table `model_has_roles`
--

CREATE TABLE `model_has_roles` (
  `role_id` bigint(20) UNSIGNED NOT NULL,
  `model_type` varchar(255) NOT NULL,
  `model_id` bigint(20) UNSIGNED NOT NULL
) ENGINE=InnoDB DEFAULT CHARSET=utf8mb4 COLLATE=utf8mb4_unicode_ci;

--
-- Dumping data for table `model_has_roles`
--

INSERT INTO `model_has_roles` (`role_id`, `model_type`, `model_id`) VALUES
(2, 'App\\Models\\User', 1),
(6, 'App\\Models\\User', 1),
(6, 'App\\Models\\User', 2),
(6, 'App\\Models\\User', 7),
(7, 'App\\Models\\User', 5),
(7, 'App\\Models\\User', 6),
(9, 'App\\Models\\User', 339);

-- --------------------------------------------------------

--
-- Table structure for table `notifications`
--

CREATE TABLE `notifications` (
  `id` int(11) NOT NULL,
  `user_id` int(11) NOT NULL,
  `booking_id` int(11) DEFAULT NULL,
  `studio_id` int(11) DEFAULT NULL,
  `vendor_id` int(11) DEFAULT NULL,
  `type` enum('Booking','Payment','Cancel','Reschedule','Login') NOT NULL DEFAULT 'Booking',
  `image` varchar(200) DEFAULT NULL,
  `title` varchar(255) CHARACTER SET utf8mb4 COLLATE utf8mb4_general_ci DEFAULT NULL,
  `message` text CHARACTER SET utf8mb4 COLLATE utf8mb4_general_ci DEFAULT NULL,
  `is_read` enum('0','1','2') NOT NULL DEFAULT '0',
  `created_at` datetime DEFAULT NULL,
  `updated_at` datetime DEFAULT NULL
) ENGINE=InnoDB DEFAULT CHARSET=latin1 COLLATE=latin1_swedish_ci;

--
-- Dumping data for table `notifications`
--

INSERT INTO `notifications` (`id`, `user_id`, `booking_id`, `studio_id`, `vendor_id`, `type`, `image`, `title`, `message`, `is_read`, `created_at`, `updated_at`) VALUES
(1, 23, NULL, 5, 2, 'Payment', NULL, 'Payment Received', 'Transaction of amount 100', '1', '2024-09-08 07:08:32', '2024-10-15 15:27:15'),
(2, 23, NULL, 5, 2, 'Payment', NULL, 'Payment Received', 'Transaction of amount 100', '1', '2024-09-08 07:18:39', '2024-10-15 15:27:15'),
(3, 23, NULL, 5, 2, 'Payment', NULL, 'Payment Received', 'Transaction of amount 100', '1', '2024-09-09 09:14:17', '2024-10-15 15:27:15'),
(4, 23, NULL, 5, 2, 'Payment', NULL, 'Payment Received', 'Transaction of amount 100', '1', '2024-09-09 09:14:25', '2024-10-15 15:27:15'),
(5, 23, NULL, 5, 2, 'Payment', NULL, 'Payment Received', 'Transaction of amount 200', '1', '2024-09-09 09:20:43', '2024-10-15 15:27:15'),
(6, 320, NULL, 5, 2, 'Payment', NULL, 'Payment Received', 'Transaction of amount 100', '1', '2024-09-09 09:21:47', '2024-10-17 17:55:02'),
(7, 314, NULL, 4, 1, 'Booking', NULL, 'Booking Created ', 'Booking has been created. Please make payment otherwise your request will be cancelled within 20 minutes.', '1', '2024-09-09 15:57:08', '2024-10-17 17:55:02'),
(8, 314, NULL, 3, 1, 'Booking', NULL, 'Booking Created ', 'Booking has been created. Please make payment otherwise your request will be cancelled within 20 minutes.', '1', '2024-09-09 16:06:00', '2024-10-17 17:55:02'),
(9, 314, NULL, 5, 2, 'Booking', NULL, 'Booking Created ', 'Booking has been created. Please make payment otherwise your request will be cancelled within 20 minutes.', '1', '2024-09-09 16:08:42', '2024-10-17 17:55:02'),
(10, 314, NULL, 5, 2, 'Booking', NULL, 'Booking Created ', 'Booking has been created. Please make payment otherwise your request will be cancelled within 20 minutes.', '1', '2024-09-09 16:10:04', '2024-10-17 17:55:02'),
(11, 315, NULL, 5, 2, 'Booking', NULL, 'Booking Created ', 'Booking has been created. Please make payment otherwise your request will be cancelled within 20 minutes.', '1', '2024-09-09 16:20:36', '2024-10-18 10:56:51'),
(12, 315, NULL, 2, 1, 'Booking', NULL, 'Booking Created ', 'Booking has been created. Please make payment otherwise your request will be cancelled within 20 minutes.', '1', '2024-09-09 16:21:52', '2024-10-18 10:58:15'),
(13, 314, NULL, 2, 1, 'Booking', NULL, 'Booking Created ', 'Booking has been created. Please make payment otherwise your request will be cancelled within 20 minutes.', '1', '2024-09-09 16:58:16', '2024-10-18 11:07:16'),
(14, 314, NULL, 2, 1, 'Booking', NULL, 'Booking Created ', 'Booking has been created. Please make payment otherwise your request will be cancelled within 20 minutes.', '1', '2024-09-09 17:20:33', '2024-10-18 11:07:16'),
(15, 314, NULL, 2, 1, 'Booking', NULL, 'Booking Created ', 'Booking has been created. Please make payment otherwise your request will be cancelled within 20 minutes.', '1', '2024-09-09 17:21:47', '2024-10-18 11:07:16'),
(16, 314, NULL, 2, 1, 'Booking', NULL, 'Booking Created ', 'Booking has been created. Please make payment otherwise your request will be cancelled within 20 minutes.', '1', '2024-09-09 17:29:52', '2024-10-18 11:07:16'),
(17, 314, NULL, 2, 1, 'Booking', NULL, 'Booking Created ', 'Booking has been created. Please make payment otherwise your request will be cancelled within 20 minutes.', '1', '2024-09-09 17:51:57', '2024-10-18 18:29:37'),
(18, 314, NULL, 2, 1, 'Booking', NULL, 'Booking Created ', 'Booking has been created. Please make payment otherwise your request will be cancelled within 20 minutes.', '1', '2024-09-10 18:22:26', '2024-10-18 18:29:37'),
(19, 314, NULL, 2, 1, 'Booking', NULL, 'Booking Created ', 'Booking has been created. Please make payment otherwise your request will be cancelled within 20 minutes.', '1', '2024-09-10 18:25:00', '2024-10-18 18:29:37'),
(20, 314, NULL, 2, 1, 'Booking', NULL, 'Booking Created ', 'Booking has been created. Please make payment otherwise your request will be cancelled within 20 minutes.', '1', '2024-09-10 18:26:04', '2024-10-18 18:29:37'),
(21, 314, NULL, 5, 2, 'Booking', NULL, 'Booking Created ', 'Booking has been created. Please make payment otherwise your request will be cancelled within 20 minutes.', '1', '2024-09-10 18:26:43', '2024-10-18 18:29:37'),
(22, 314, NULL, 5, 2, 'Booking', NULL, 'Booking Created ', 'Booking has been created. Please make payment otherwise your request will be cancelled within 20 minutes.', '1', '2024-09-10 18:35:29', '2024-10-18 18:29:37'),
(23, 314, NULL, 4, 1, 'Booking', NULL, 'Booking Created ', 'Booking has been created. Please make payment otherwise your request will be cancelled within 20 minutes.', '1', '2024-09-10 18:45:07', '2024-10-18 18:29:37'),
(24, 314, NULL, 4, 1, 'Booking', NULL, 'Booking Created ', 'Booking has been created. Please make payment otherwise your request will be cancelled within 20 minutes.', '1', '2024-09-10 18:46:10', '2024-10-18 18:29:37'),
(25, 314, NULL, 4, 1, 'Booking', NULL, 'Booking Created ', 'Booking has been created. Please make payment otherwise your request will be cancelled within 20 minutes.', '1', '2024-09-10 18:50:48', '2024-10-18 18:29:37'),
(26, 322, NULL, 3, 1, 'Booking', NULL, 'Booking Created ', 'Booking has been created. Please make payment otherwise your request will be cancelled within 20 minutes.', '1', '2024-09-12 19:49:21', '2024-10-18 18:29:37'),
(27, 315, NULL, 3, 1, 'Booking', NULL, 'Booking Created ', 'Booking has been created. Please make payment otherwise your request will be cancelled within 20 minutes.', '1', '2024-09-12 20:06:05', '2024-11-11 14:13:57'),
(28, 308, NULL, 3, 1, 'Booking', NULL, 'Booking Created ', 'Booking has been created. Please make payment otherwise your request will be cancelled within 20 minutes.', '1', '2024-09-12 20:15:07', '2024-11-11 14:13:57'),
(29, 321, NULL, 2, 1, 'Booking', NULL, 'Booking Created ', 'Booking has been created. Please make payment otherwise your request will be cancelled within 20 minutes.', '1', '2024-09-16 16:30:44', '2024-12-30 12:17:36'),
(30, 7, NULL, 3, 1, 'Booking', NULL, 'Booking Created ', 'Booking has been created. Please make payment otherwise your request will be cancelled within 20 minutes.', '1', '2024-09-16 18:23:45', '2024-12-30 12:17:36'),
(33, 324, NULL, 2, 1, 'Booking', NULL, 'Booking Created ', 'Booking has been created. Please make payment otherwise your request will be cancelled within 20 minutes.', '1', '2024-09-17 10:09:06', '2024-12-30 12:17:36'),
(34, 324, NULL, 3, 1, 'Booking', NULL, 'Booking Created ', 'Booking has been created. Please make payment otherwise your request will be cancelled within 20 minutes.', '1', '2024-09-17 14:28:19', '2024-12-30 12:30:10'),
(35, 324, NULL, 2, 1, 'Booking', NULL, 'Booking Created ', 'Booking has been created. Please make payment otherwise your request will be cancelled within 20 minutes.', '1', '2024-09-17 14:42:47', '2024-12-30 12:30:10'),
(36, 324, NULL, 2, 1, 'Booking', NULL, 'Booking Created ', 'Booking has been created. Please make payment otherwise your request will be cancelled within 20 minutes.', '1', '2024-09-17 16:25:03', '2024-12-30 12:30:10'),
(37, 325, NULL, 2, 1, 'Booking', NULL, 'Booking Created ', 'Booking has been created. Please make payment otherwise your request will be cancelled within 20 minutes.', '1', '2024-09-17 17:34:44', '2024-12-30 12:30:10'),
(38, 325, NULL, 3, 1, 'Booking', NULL, 'Booking Created ', 'Booking has been created. Please make payment otherwise your request will be cancelled within 20 minutes.', '1', '2024-09-17 17:58:50', '2024-12-30 17:04:23'),
(39, 328, NULL, 4, 1, 'Booking', NULL, 'Booking Created ', 'Booking has been created. Please make payment otherwise your request will be cancelled within 20 minutes.', '1', '2024-09-19 15:03:56', '2024-12-30 17:04:23'),
(40, 324, NULL, 2, 1, 'Payment', NULL, 'Payment Received', 'Transaction of amount 1000', '1', '2024-09-19 15:06:56', '2024-12-30 17:04:23'),
(41, 330, NULL, 3, 1, 'Booking', NULL, 'Booking Created ', 'Booking has been created. Please make payment otherwise your request will be cancelled within 20 minutes.', '1', '2024-09-30 11:50:17', '2024-12-30 17:04:23'),
(42, 330, NULL, 5, 2, 'Booking', NULL, 'Booking Created ', 'Booking has been created. Please make payment otherwise your request will be cancelled within 20 minutes.', '1', '2024-09-30 13:13:15', '2024-12-30 17:04:23'),
(43, 330, NULL, 5, 2, 'Payment', NULL, 'Payment Received', 'Transaction of amount 4720', '1', '2024-09-30 16:31:04', '2024-12-30 17:04:23'),
(44, 331, NULL, 2, 1, 'Booking', NULL, 'Booking Created ', 'Booking has been created. Please make payment otherwise your request will be cancelled within 20 minutes.', '1', '2024-10-03 16:45:46', '2024-12-30 17:04:23'),
(45, 329, NULL, 4, 1, 'Booking', NULL, 'Booking Created ', 'Booking has been created. Please make payment otherwise your request will be cancelled within 20 minutes.', '1', '2024-10-15 14:31:42', '2024-12-30 17:04:23'),
(46, 329, NULL, 4, 1, 'Payment', NULL, 'Payment Received', 'Transaction of amount 1775', '1', '2024-10-15 14:50:51', '2024-12-30 17:04:23'),
(47, 324, NULL, 2, 1, 'Booking', NULL, 'Booking Created ', 'Booking has been created. Please make payment otherwise your request will be cancelled within 20 minutes.', '1', '2024-10-15 15:10:15', '2024-12-30 17:04:23'),
(48, 324, NULL, 3, 1, 'Booking', NULL, 'Booking Created ', 'Booking has been created. Please make payment otherwise your request will be cancelled within 20 minutes.', '1', '2024-10-15 15:15:03', '2024-12-30 17:04:23'),
(49, 324, NULL, 2, 1, 'Booking', NULL, 'Booking Created ', 'Booking has been created. Please make payment otherwise your request will be cancelled within 20 minutes.', '1', '2024-10-15 15:22:43', '2024-12-30 17:04:23'),
(50, 324, NULL, 3, 1, 'Booking', NULL, 'Booking Created ', 'Booking has been created. Please make payment otherwise your request will be cancelled within 20 minutes.', '1', '2024-10-17 17:01:16', '2025-01-09 17:47:32'),
(51, 333, NULL, 2, 1, 'Booking', NULL, 'Booking Created ', 'Booking has been created. Please make payment otherwise your request will be cancelled within 20 minutes.', '1', '2024-10-17 17:33:34', '2025-01-09 17:47:32'),
(52, 333, NULL, 2, 1, 'Booking', NULL, 'Booking Created ', 'Booking has been created. Please make payment otherwise your request will be cancelled within 20 minutes.', '1', '2024-10-17 17:35:26', '2025-01-09 17:47:32'),
(53, 333, NULL, 2, 1, 'Booking', NULL, 'Booking Created ', 'Booking has been created. Please make payment otherwise your request will be cancelled within 20 minutes.', '1', '2024-10-17 17:36:55', '2025-01-09 17:47:32'),
(54, 333, NULL, 2, 1, 'Booking', NULL, 'Booking Created ', 'Booking has been created. Please make payment otherwise your request will be cancelled within 20 minutes.', '1', '2024-10-17 17:45:55', '2025-01-11 11:12:53'),
(55, 333, NULL, 2, 1, 'Booking', NULL, 'Booking Created ', 'Booking has been created. Please make payment otherwise your request will be cancelled within 20 minutes.', '1', '2024-10-17 17:46:43', '2025-01-11 11:12:53'),
(56, 333, NULL, 3, 1, 'Booking', NULL, 'Booking Created ', 'Booking has been created. Please make payment otherwise your request will be cancelled within 20 minutes.', '1', '2024-10-17 18:15:44', '2025-01-11 11:12:53'),
(57, 333, NULL, 3, 1, 'Booking', NULL, 'Booking Created ', 'Booking has been created. Please make payment otherwise your request will be cancelled within 20 minutes.', '1', '2024-10-17 18:16:30', '2025-01-11 11:21:27'),
(58, 333, NULL, 2, 1, 'Booking', NULL, 'Booking Created ', 'Booking has been created. Please make payment otherwise your request will be cancelled within 20 minutes.', '1', '2024-10-17 18:18:53', '2025-01-11 11:21:27'),
(59, 333, NULL, 3, 1, 'Booking', NULL, 'Booking Created ', 'Booking has been created. Please make payment otherwise your request will be cancelled within 20 minutes.', '1', '2024-10-17 18:20:49', '2025-01-11 11:21:27'),
(60, 333, NULL, 3, 1, 'Booking', NULL, 'Booking Created ', 'Booking has been created. Please make payment otherwise your request will be cancelled within 20 minutes.', '1', '2024-10-17 18:30:49', '2025-01-11 11:21:27'),
(61, 334, NULL, 2, 1, 'Booking', NULL, 'Booking Created ', 'Booking has been created. Please make payment otherwise your request will be cancelled within 20 minutes.', '1', '2024-10-18 10:58:05', '2025-01-11 11:21:27'),
(62, 334, NULL, 2, 1, 'Payment', NULL, 'Payment Received', 'Transaction of amount 1000', '1', '2024-10-18 11:07:04', '2025-01-11 11:21:27'),
(63, 335, NULL, 2, 1, 'Booking', NULL, 'Booking Created ', 'Booking has been created. Please make payment otherwise your request will be cancelled within 20 minutes.', '1', '2024-10-18 11:23:08', '2025-01-11 11:21:27'),
(64, 337, NULL, 4, 1, 'Booking', NULL, 'Booking Created ', 'Booking has been created. Please make payment otherwise your request will be cancelled within 20 minutes.', '1', '2024-10-18 11:51:11', '2025-01-11 11:21:27'),
(65, 338, NULL, 4, 1, 'Booking', NULL, 'Booking Created ', 'Booking has been created. Please make payment otherwise your request will be cancelled within 20 minutes.', '1', '2024-10-18 11:55:41', '2025-01-11 11:21:27'),
(66, 335, NULL, 2, 1, 'Payment', NULL, 'Payment Received', 'Transaction of amount 100', '1', '2024-10-18 18:29:31', '2025-01-11 11:21:27'),
(67, 336, NULL, 3, 1, 'Booking', NULL, 'Booking Created ', 'Booking has been created. Please make payment otherwise your request will be cancelled within 20 minutes.', '1', '2024-10-18 18:56:12', '2025-01-11 11:21:27'),
(68, 330, NULL, 2, 1, 'Booking', NULL, 'Booking Created ', 'Booking has been created. Please make payment otherwise your request will be cancelled within 20 minutes.', '1', '2024-10-27 19:21:26', '2025-01-11 11:21:27'),
(69, 329, NULL, 2, 1, 'Booking', NULL, 'Booking Created ', 'Booking has been created. Please make payment otherwise your request will be cancelled within 20 minutes.', '1', '2024-10-27 19:50:47', '2025-01-11 11:21:27'),
(70, 329, NULL, 3, 1, 'Booking', NULL, 'Booking Created ', 'Booking has been created. Please make payment otherwise your request will be cancelled within 20 minutes.', '1', '2024-10-27 19:52:57', '2025-01-11 11:21:27'),
(71, 324, NULL, 2, 1, 'Booking', NULL, 'Booking Created ', 'Booking has been created. Please make payment otherwise your request will be cancelled within 20 minutes.', '1', '2024-11-07 15:29:01', '2025-01-11 11:21:27'),
(72, 342, NULL, 4, 1, 'Booking', NULL, 'Booking Created ', 'Booking has been created. Please make payment otherwise your request will be cancelled within 20 minutes.', '1', '2024-11-07 17:34:01', '2025-01-11 11:21:27'),
(73, 342, NULL, 5, 2, 'Booking', NULL, 'Booking Created ', 'Booking has been created. Please make payment otherwise your request will be cancelled within 20 minutes.', '1', '2024-11-09 09:00:00', '2025-01-11 11:21:27'),
(74, 342, NULL, 2, 1, 'Booking', NULL, 'Booking Created ', 'Booking has been created. Please make payment otherwise your request will be cancelled within 20 minutes.', '1', '2024-11-09 09:25:23', '2025-01-11 11:21:27'),
(75, 342, NULL, 2, 1, 'Booking', NULL, 'Booking Created ', 'Booking has been created. Please make payment otherwise your request will be cancelled within 20 minutes.', '1', '2024-11-09 09:26:21', '2025-01-11 11:21:27'),
(76, 342, NULL, 2, 1, 'Booking', NULL, 'Booking Created ', 'Booking has been created. Please make payment otherwise your request will be cancelled within 20 minutes.', '1', '2024-11-09 09:33:56', '2025-01-11 11:21:27'),
(77, 325, NULL, 2, 1, 'Booking', NULL, 'Booking Created ', 'Booking has been created. Please make payment otherwise your request will be cancelled within 20 minutes.', '1', '2024-12-07 16:20:47', '2025-01-11 11:21:27'),
(80, 329, NULL, 5, 2, 'Booking', NULL, 'Booking Created ', 'Booking has been created. Please make payment otherwise your request will be cancelled within 20 minutes.', '1', '2024-12-13 17:32:10', '2025-01-11 11:21:27'),
(81, 342, NULL, 4, 1, 'Booking', NULL, 'Booking Created ', 'Booking has been created. Please make payment otherwise your request will be cancelled within 20 minutes.', '1', '2024-12-14 16:05:55', '2025-01-11 11:21:27'),
(82, 342, NULL, 5, 2, 'Booking', NULL, 'Booking Created ', 'Booking has been created. Please make payment otherwise your request will be cancelled within 20 minutes.', '1', '2024-12-14 16:50:01', '2025-01-11 11:21:27'),
(83, 342, NULL, 4, 1, 'Booking', NULL, 'Booking Created ', 'Booking has been created. Please make payment otherwise your request will be cancelled within 20 minutes.', '1', '2024-12-30 12:22:48', '2025-01-11 11:21:27'),
(84, 342, NULL, 2, 1, 'Booking', NULL, 'Booking Created ', 'Booking has been created. Please make payment otherwise your request will be cancelled within 20 minutes.', '1', '2024-12-30 12:23:30', '2025-01-11 11:21:27'),
(85, 342, NULL, 2, 1, 'Payment', NULL, 'Payment Received', 'Transaction of amount 1', '1', '2024-12-30 12:30:02', '2025-01-11 11:21:27'),
(87, 342, NULL, 3, 1, 'Booking', NULL, 'Booking Created ', 'Booking has been created. Please make payment otherwise your request will be cancelled within 20 minutes.', '1', '2024-12-30 12:51:02', '2025-01-11 11:21:27'),
(88, 344, NULL, 2, 1, 'Booking', NULL, 'Booking Created ', 'Booking has been created. Please make payment otherwise your request will be cancelled within 20 minutes.', '1', '2024-12-30 12:54:19', '2025-01-11 11:21:27'),
(89, 324, NULL, 2, 1, 'Booking', NULL, 'Booking Created ', 'Booking has been created. Please make payment otherwise your request will be cancelled within 20 minutes.', '1', '2024-12-30 15:44:12', '2025-01-11 11:21:27'),
(90, 336, NULL, 5, 2, 'Booking', NULL, 'Booking Created ', 'Booking has been created. Please make payment otherwise your request will be cancelled within 20 minutes.', '1', '2024-12-30 17:02:30', '2025-01-11 11:21:27'),
(91, 342, NULL, 3, 1, 'Booking', NULL, 'Booking Created ', 'Booking has been created. Please make payment otherwise your request will be cancelled within 20 minutes.', '1', '2025-01-02 13:49:29', '2025-01-11 11:21:27'),
(92, 329, NULL, 3, 1, 'Booking', NULL, 'Booking Created ', 'Booking has been created. Please make payment otherwise your request will be cancelled within 20 minutes.', '1', '2025-01-06 15:45:55', '2025-01-11 11:21:27'),
(93, 329, NULL, 3, 1, 'Payment', NULL, 'Payment Received', 'Transaction of amount 4.72', '1', '2025-01-06 15:48:35', '2025-01-11 11:21:27'),
(94, 336, 29, 5, 2, 'Booking', NULL, 'Booking Created ', 'Booking has been created. Please make payment otherwise your request will be cancelled within 0 minutes.', '1', '2025-01-06 17:36:04', '2025-01-11 11:21:27'),
(95, 342, 30, 2, 1, 'Booking', NULL, 'Booking Created ', 'Booking has been created. Please make payment otherwise your request will be cancelled within 30 minutes.', '1', '2025-01-08 13:43:04', '2025-01-11 11:21:27'),
(96, 342, 31, 3, 1, 'Booking', NULL, 'Booking Created ', 'Booking has been created. Please make payment otherwise your request will be cancelled within 30 minutes.', '1', '2025-01-08 14:44:15', '2025-01-11 11:21:27'),
(97, 324, 32, 2, 1, 'Booking', NULL, 'Booking Created ', 'Booking has been created. Please make payment otherwise your request will be cancelled within 30 minutes.', '1', '2025-01-09 16:55:02', '2025-01-11 11:21:27'),
(98, 324, 33, 2, 1, 'Booking', NULL, 'Booking Created ', 'Booking has been created. Please make payment otherwise your request will be cancelled within 30 minutes.', '1', '2025-01-09 17:19:58', '2025-01-11 11:21:27'),
(99, 324, 34, 2, 1, 'Booking', NULL, 'Booking Created ', 'Booking has been created. Please make payment otherwise your request will be cancelled within 30 minutes.', '1', '2025-01-09 17:23:10', '2025-01-11 11:21:27'),
(100, 324, 35, 2, 1, 'Booking', NULL, 'Booking Created ', 'Booking has been created. Please make payment otherwise your request will be cancelled within 30 minutes.', '1', '2025-01-09 17:23:58', '2025-01-11 11:21:27'),
(101, 324, 36, 2, 1, 'Booking', NULL, 'Booking Created ', 'Booking has been created. Please make payment otherwise your request will be cancelled within 30 minutes.', '1', '2025-01-09 17:25:15', '2025-01-11 11:21:27'),
(102, 324, 37, 3, 1, 'Booking', NULL, 'Booking Created ', 'Booking has been created. Please make payment otherwise your request will be cancelled within 30 minutes.', '1', '2025-01-09 17:26:08', '2025-01-11 11:21:27'),
(103, 324, 38, 2, 1, 'Booking', NULL, 'Booking Created ', 'Booking has been created. Please make payment otherwise your request will be cancelled within 30 minutes.', '1', '2025-01-10 12:45:55', '2025-01-11 11:21:27'),
(104, 324, 38, 2, 1, 'Payment', NULL, 'Payment Received', 'Transaction of amount 1', '1', '2025-01-10 12:46:50', '2025-01-11 11:21:27'),
(105, 336, 39, 5, 2, 'Booking', NULL, 'Booking Created ', 'Booking has been created. Please make payment otherwise your request will be cancelled within 30 minutes.', '1', '2025-01-10 21:33:44', '2025-01-11 11:21:27'),
(106, 336, 40, 5, 2, 'Booking', NULL, 'Booking Created ', 'Booking has been created. Please make payment otherwise your request will be cancelled within 30 minutes.', '1', '2025-01-11 11:11:58', '2025-01-11 11:21:27'),
(107, 336, 40, 5, 2, 'Payment', NULL, 'Payment Received', 'Transaction of amount 1000', '1', '2025-01-11 11:14:38', '2025-01-11 11:21:27'),
(108, 336, 40, 5, 2, 'Payment', NULL, 'Payment Received', 'Transaction of amount 1000', '1', '2025-01-11 11:19:12', '2025-01-11 11:21:27'),
(109, 336, 40, 5, 2, 'Payment', NULL, 'Payment Received', 'Transaction of amount 22000', '1', '2025-01-11 11:19:36', '2025-01-11 11:21:27');

-- --------------------------------------------------------

--
-- Table structure for table `password_resets`
--

CREATE TABLE `password_resets` (
  `email` varchar(255) NOT NULL,
  `token` varchar(255) NOT NULL,
  `created_at` timestamp NULL DEFAULT NULL
) ENGINE=InnoDB DEFAULT CHARSET=utf8mb4 COLLATE=utf8mb4_unicode_ci;

-- --------------------------------------------------------

--
-- Table structure for table `permissions`
--

CREATE TABLE `permissions` (
  `id` bigint(20) UNSIGNED NOT NULL,
  `cname` varchar(50) NOT NULL,
  `name` varchar(255) NOT NULL,
  `guard_name` varchar(255) NOT NULL,
  `created_at` timestamp NULL DEFAULT NULL,
  `updated_at` timestamp NULL DEFAULT NULL
) ENGINE=InnoDB DEFAULT CHARSET=utf8mb4 COLLATE=utf8mb4_unicode_ci;

--
-- Dumping data for table `permissions`
--

INSERT INTO `permissions` (`id`, `cname`, `name`, `guard_name`, `created_at`, `updated_at`) VALUES
(1, 'Role', 'role-list', 'web', '2024-02-17 04:21:29', '2024-02-17 04:21:29'),
(2, 'Role', 'role-create', 'web', '2024-02-17 04:21:29', '2024-02-17 04:21:29'),
(3, 'Role', 'role-edit', 'web', '2024-02-17 04:21:29', '2024-02-17 04:21:29'),
(4, 'Role', 'role-delete', 'web', '2024-02-17 04:21:29', '2024-02-17 04:21:29'),
(5, 'Rent Resource', 'product-list', 'web', '2024-02-17 04:21:29', '2024-02-17 04:21:29'),
(6, 'Rent Resource', 'product-create', 'web', '2024-02-17 04:21:29', '2024-02-17 04:21:29'),
(7, 'Rent Resource', 'product-edit', 'web', '2024-02-17 04:21:29', '2024-02-17 04:21:29'),
(8, 'Rent Resource', 'product-delete', 'web', '2024-02-17 04:21:29', '2024-02-17 04:21:29'),
(9, 'Services', 'services-list', 'web', '2024-09-07 11:44:44', NULL),
(10, 'Services', 'services-edit', 'web', '2024-09-07 11:44:44', NULL),
(11, 'Services', 'services-delete', 'web', '2024-09-07 11:44:44', NULL),
(12, 'Policies', 'policies-list', 'web', '2024-09-07 11:44:44', NULL),
(13, 'Policies', 'policies-edit', 'web', '2024-09-07 11:44:44', NULL),
(14, 'Policies', 'policies-delete', 'web', '2024-09-07 11:44:44', NULL),
(15, 'Faq', 'faq-list', 'web', '2024-09-07 11:44:44', NULL),
(16, 'Faq', 'faq-edit', 'web', '2024-09-07 11:44:44', NULL),
(17, 'Faq', 'faq-delete', 'web', '2024-09-07 11:44:44', NULL),
(18, 'Banners', 'banners-list', 'web', '2024-09-07 11:44:44', NULL),
(19, 'Banners', 'banners-edit', 'web', '2024-09-07 11:44:44', NULL),
(20, 'Banners', 'banners-delete', 'web', '2024-09-07 11:44:44', NULL),
(21, 'Employee', 'employee-list', 'web', '2024-09-07 11:44:44', NULL),
(22, 'Employee', 'employee-edit', 'web', '2024-09-07 11:44:44', NULL),
(23, 'Employee', 'employee-delete', 'web', '2024-09-07 11:44:44', NULL),
(24, 'Vendors', 'vendors-list', 'web', '2024-09-07 11:44:44', NULL),
(25, 'Vendors', 'vendors-edit', 'web', '2024-09-07 11:44:44', NULL),
(26, 'Vendors', 'vendors-delete', 'web', '2024-09-07 11:44:44', NULL),
(27, 'Studios', 'studios-list', 'web', '2024-09-07 11:44:44', NULL),
(28, 'Studios', 'studios-edit', 'web', '2024-09-07 11:44:44', NULL),
(29, 'Studios', 'studios-delete', 'web', '2024-09-07 11:44:44', NULL),
(30, 'Bookings', 'bookings-list', 'web', '2024-09-07 11:44:44', NULL),
(31, 'Bookings', 'bookings-edit', 'web', '2024-09-07 11:44:44', NULL),
(32, 'Bookings', 'bookings-delete', 'web', '2024-09-07 11:44:44', NULL),
(33, 'PromoCodes', 'promocodes-list', 'web', '2024-09-07 11:44:44', NULL),
(34, 'PromoCodes', 'promocodes-edit', 'web', '2024-09-07 11:44:44', NULL),
(35, 'PromoCodes', 'promocodes-delete', 'web', '2024-09-07 11:44:44', NULL),
(36, 'Payments', 'payments-list', 'web', '2024-09-07 11:44:44', NULL),
(37, 'Payments', 'payments-edit', 'web', '2024-09-07 11:44:44', NULL),
(38, 'Payments', 'payments-delete', 'web', '2024-09-07 11:44:44', NULL),
(39, 'Services', 'services-create', 'web', '2024-09-07 11:45:36', NULL),
(40, 'Policies', 'policies-create', 'web', '2024-09-07 11:45:36', NULL),
(41, 'Faq', 'faq-create', 'web', '2024-09-07 11:45:36', NULL),
(42, 'Banners', 'banners-create', 'web', '2024-09-07 11:45:36', NULL),
(43, 'Employee', 'employee-create', 'web', '2024-09-07 11:45:36', NULL),
(44, 'Vendors', 'vendors-create', 'web', '2024-09-07 11:45:36', NULL),
(45, 'Studios', 'studios-create', 'web', '2024-09-07 11:45:36', NULL),
(46, 'Bookings', 'bookings-create', 'web', '2024-09-07 11:45:36', NULL),
(47, 'PromoCodes', 'promocodes-create', 'web', '2024-09-07 11:45:36', NULL),
(48, 'Payments', 'payments-create', 'web', '2024-09-07 11:45:36', NULL);

-- --------------------------------------------------------

--
-- Table structure for table `personal_access_tokens`
--

CREATE TABLE `personal_access_tokens` (
  `id` bigint(20) UNSIGNED NOT NULL,
  `tokenable_type` varchar(255) NOT NULL,
  `tokenable_id` bigint(20) UNSIGNED NOT NULL,
  `name` varchar(255) NOT NULL,
  `token` varchar(64) NOT NULL,
  `abilities` text DEFAULT NULL,
  `last_used_at` timestamp NULL DEFAULT NULL,
  `expires_at` timestamp NULL DEFAULT NULL,
  `created_at` timestamp NULL DEFAULT NULL,
  `updated_at` timestamp NULL DEFAULT NULL
) ENGINE=InnoDB DEFAULT CHARSET=utf8mb4 COLLATE=utf8mb4_unicode_ci;

--
-- Dumping data for table `personal_access_tokens`
--

INSERT INTO `personal_access_tokens` (`id`, `tokenable_type`, `tokenable_id`, `name`, `token`, `abilities`, `last_used_at`, `expires_at`, `created_at`, `updated_at`) VALUES
(1, 'App\\Models\\User', 3, 'auth_token', '4923fecd647835e9613efe893b74359b1d5122be037f8220c159749478f743a7', '[\"*\"]', NULL, NULL, '2024-02-21 09:19:02', '2024-02-21 09:19:02'),
(2, 'App\\Models\\User', 3, 'auth_token', '9b50a12240accb870db378881f8c144ae45937677e9cd4b43b8764086a88e869', '[\"*\"]', '2024-02-22 02:19:44', NULL, '2024-02-22 07:47:02', '2024-02-22 02:19:44'),
(3, 'App\\Models\\User', 14, 'auth_token', 'cb5cfc2e0e5d10364e429aaa3908cf0e4ab19b42d30092710ed4afe0873efe80', '[\"*\"]', '2024-03-01 20:13:49', NULL, '2024-02-27 17:37:11', '2024-03-01 20:13:49'),
(4, 'App\\Models\\User', 14, 'auth_token', '5f1c690e7f82def2a8da188342911d2763e3992d809aeeeeafc603062fc3c02e', '[\"*\"]', NULL, NULL, '2024-02-27 17:54:05', '2024-02-27 17:54:05'),
(5, 'App\\Models\\User', 14, 'auth_token', 'e451e9309590f1032c1eacd7a43d84d2fe8865bb6489ca616cc6ad7b47cb90a1', '[\"*\"]', '2024-04-19 05:53:22', NULL, '2024-02-27 17:54:20', '2024-04-19 05:53:22'),
(6, 'App\\Models\\User', 29, 'auth_token', 'bb2ee0a2ad1e48abd26515ef81d3768755dbcba9a825b3047a04ecb51712bc39', '[\"*\"]', '2024-03-02 19:46:06', NULL, '2024-03-02 01:46:03', '2024-03-02 19:46:06'),
(7, 'App\\Models\\User', 14, 'auth_token', '9f3231e2e0fb59e04eff7ff097de20c5e3f043499b01fe32e2a5206f91d8452d', '[\"*\"]', '2024-03-02 19:48:50', NULL, '2024-03-03 01:16:37', '2024-03-02 19:48:50'),
(8, 'App\\Models\\User', 29, 'auth_token', '3c86af5edc1bbd25a48e67a1f4206bac2308907cd28a32def7af52b49a07f166', '[\"*\"]', '2024-03-07 17:18:22', NULL, '2024-03-03 01:19:14', '2024-03-07 17:18:22'),
(9, 'App\\Models\\User', 14, 'auth_token', '5728b40bc9509cd948809760ba79adc76c90647c2d6c20acfb734169c1bc3df4', '[\"*\"]', '2024-03-07 17:23:14', NULL, '2024-03-06 17:36:51', '2024-03-07 17:23:14'),
(10, 'App\\Models\\User', 35, 'auth_token', '776b1773a4f952e596533aa40324602f116d36e4d4b09e22e67ad892ac432056', '[\"*\"]', '2024-03-07 18:12:26', NULL, '2024-03-07 23:03:33', '2024-03-07 18:12:26'),
(11, 'App\\Models\\User', 32, 'auth_token', '1811378a7b63401c03ca977152ed8ff67838c569cb8a717e96339c5c384792b6', '[\"*\"]', '2024-03-08 13:27:51', NULL, '2024-03-07 23:48:51', '2024-03-08 13:27:51'),
(12, 'App\\Models\\User', 37, 'auth_token', 'f1379c86fc3d04ca909a90e218158b6f216b585b6968706799c6d2add0a605b2', '[\"*\"]', '2024-03-11 16:12:25', NULL, '2024-03-08 19:00:16', '2024-03-11 16:12:25'),
(13, 'App\\Models\\User', 37, 'auth_token', '7fd5d0f03e5841e4ad9e86d4671c1f0cc995cb6db7cdb8f3cb7f9d78608062cd', '[\"*\"]', '2024-07-20 09:02:55', NULL, '2024-03-08 19:02:26', '2024-07-20 09:02:55'),
(14, 'App\\Models\\User', 14, 'auth_token', '725577d0675eee32843e6ce78da43b57d76c54da46b5d92d17a9c78976f4bc1b', '[\"*\"]', '2024-03-11 17:20:05', NULL, '2024-03-11 22:50:04', '2024-03-11 17:20:05'),
(15, 'App\\Models\\User', 14, 'auth_token', 'fe2976a3d8f49f71a9980ff1b6cf7fcc8b32ea4605758af07ee8f2d124f56a36', '[\"*\"]', '2024-03-11 17:22:24', NULL, '2024-03-11 22:51:14', '2024-03-11 17:22:24'),
(16, 'App\\Models\\User', 14, 'auth_token', 'ebab29e05b3e8a65757cc67d5f183b122010b531be9da27e1a5edf0b39f79a20', '[\"*\"]', '2024-03-12 13:45:48', NULL, '2024-03-11 23:39:38', '2024-03-12 13:45:48'),
(17, 'App\\Models\\User', 14, 'auth_token', '0d5b5df3a28916617c6344facd5e5f0c7ba9045e156045f12ddc16a78c77b589', '[\"*\"]', '2024-03-12 16:40:12', NULL, '2024-03-12 19:26:43', '2024-03-12 16:40:12'),
(18, 'App\\Models\\User', 14, 'auth_token', '33486c7fadba36bc10b4ace1d0f687b7e3387a2452ece16b3d4f31d856eba0f8', '[\"*\"]', '2024-03-12 16:53:49', NULL, '2024-03-12 22:21:10', '2024-03-12 16:53:49'),
(19, 'App\\Models\\User', 39, 'auth_token', 'f32fb1fa7cac0111060c561dae38fc915182017c691dc54f65441a5eae6d1086', '[\"*\"]', '2024-03-12 17:00:05', NULL, '2024-03-12 22:26:53', '2024-03-12 17:00:05'),
(20, 'App\\Models\\User', 40, 'auth_token', '7af9b85f2df680fc4be971bb84b5f44386bde17762c3c5a7350710df11636651', '[\"*\"]', '2024-03-12 18:04:03', NULL, '2024-03-12 22:30:43', '2024-03-12 18:04:03'),
(21, 'App\\Models\\User', 38, 'auth_token', 'c34d20b021230e4a6f6736f73ecd3f350b00be0539c1e823bdeded5df5875f41', '[\"*\"]', '2024-03-12 18:09:12', NULL, '2024-03-12 23:35:45', '2024-03-12 18:09:12'),
(22, 'App\\Models\\User', 14, 'auth_token', '6c66dff32a00cebd66db5425185a7d8ecac8da172f85fd9eeef5ecb024345118', '[\"*\"]', '2024-03-12 18:14:15', NULL, '2024-03-12 23:40:54', '2024-03-12 18:14:15'),
(23, 'App\\Models\\User', 14, 'auth_token', 'c6c1784b6d0cc8214fa196818c208a8576d9ee7950bd885b16c350e862060769', '[\"*\"]', '2024-03-12 18:16:42', NULL, '2024-03-12 23:44:46', '2024-03-12 18:16:42'),
(24, 'App\\Models\\User', 41, 'auth_token', '8177ad155bdacbbb255c63e8df4fa432643aa4dfc1544f180bf8391a633fce9a', '[\"*\"]', '2024-03-12 18:24:57', NULL, '2024-03-12 23:47:55', '2024-03-12 18:24:57'),
(25, 'App\\Models\\User', 42, 'auth_token', 'c4a2aeff06f5573c25ba7b61fb15bfd17fcc9cc16f5f097dd5a952b7b06f5754', '[\"*\"]', '2024-03-12 18:36:52', NULL, '2024-03-12 23:55:46', '2024-03-12 18:36:52'),
(26, 'App\\Models\\User', 43, 'auth_token', 'e7f111fc065392e16eb691ae2be668bc35448a4d1e62eeb2a5f6bac7ab206123', '[\"*\"]', '2024-06-21 11:39:31', NULL, '2024-03-13 00:10:20', '2024-06-21 11:39:31'),
(27, 'App\\Models\\User', 44, 'auth_token', '262fe2dbae3a9b41ef6ff775373795f5b09790dd98bf617d980fad997818b55f', '[\"*\"]', '2024-03-13 12:29:54', NULL, '2024-03-13 00:16:14', '2024-03-13 12:29:54'),
(28, 'App\\Models\\User', 45, 'auth_token', '3ff8f1575dd706ef2c6c3e7bb5eae96b00b8c9590a8ead800fb7aee5473b41ca', '[\"*\"]', '2024-03-12 19:02:57', NULL, '2024-03-13 00:23:45', '2024-03-12 19:02:57'),
(29, 'App\\Models\\User', 37, 'auth_token', 'a5b7062aa50488478971013a28978337cf243c48155ea7110120987990333f52', '[\"*\"]', NULL, NULL, '2024-03-13 00:27:30', '2024-03-13 00:27:30'),
(30, 'App\\Models\\User', 46, 'auth_token', '0d544dfeda2ef185866830588fcc7da5c5ca108d16162ce14f4f6a52862648c4', '[\"*\"]', '2024-03-12 19:11:19', NULL, '2024-03-13 00:33:50', '2024-03-12 19:11:19'),
(31, 'App\\Models\\User', 47, 'auth_token', '07b5f77c637f378b8111a9e8694f722fc923dbee40bbb2be9aa95e5e51feceb7', '[\"*\"]', '2024-03-12 19:17:39', NULL, '2024-03-13 00:41:56', '2024-03-12 19:17:39'),
(32, 'App\\Models\\User', 48, 'auth_token', 'e71e7993390d08d5b8297f3dfe8e55b8e238b9e9cd5f52780b98558e11a6fa36', '[\"*\"]', '2024-03-12 19:21:51', NULL, '2024-03-13 00:48:13', '2024-03-12 19:21:51'),
(33, 'App\\Models\\User', 49, 'auth_token', '366e67578efc77330a2872b78139141368f8d7b4f664ea1f7e9871a7e560fc14', '[\"*\"]', '2024-03-12 20:12:18', NULL, '2024-03-13 00:52:26', '2024-03-12 20:12:18'),
(34, 'App\\Models\\User', 50, 'auth_token', 'e6f05de7a1394e33868e08216c919744f98f7b26b7cc9fe99d6f0179cd7b70df', '[\"*\"]', '2024-03-12 20:21:13', NULL, '2024-03-13 01:43:06', '2024-03-12 20:21:13'),
(35, 'App\\Models\\User', 51, 'auth_token', '900e94a750533efabd62ae6a0d1f589013b5461bba6dd4ed8724a6514a682277', '[\"*\"]', '2024-03-12 20:23:03', NULL, '2024-03-13 01:51:52', '2024-03-12 20:23:03'),
(36, 'App\\Models\\User', 52, 'auth_token', 'fac4afff1925ce1990bcd5b33b128b4d6278b519fa49cb347eb1ef47e9d42912', '[\"*\"]', '2024-04-19 05:56:38', NULL, '2024-03-13 01:54:03', '2024-04-19 05:56:38'),
(37, 'App\\Models\\User', 53, 'auth_token', '1ddc6898aab22ba77d40646443162051985680247ce3295e9ca429603e70ecb8', '[\"*\"]', '2024-04-19 07:10:27', NULL, '2024-03-13 17:45:35', '2024-04-19 07:10:27'),
(38, 'App\\Models\\User', 14, 'auth_token', '319365d6638b945d58d621ab87ba728742383712792c9ba247285f10e01f71fc', '[\"*\"]', '2024-03-13 14:55:23', NULL, '2024-03-13 20:07:39', '2024-03-13 14:55:23'),
(39, 'App\\Models\\User', 55, 'auth_token', 'c421470ad013ced6aeef80a084fa674ac1650f42417d5b3cfda2b35ad09a796b', '[\"*\"]', '2024-06-12 10:47:53', NULL, '2024-03-13 20:29:19', '2024-06-12 10:47:53'),
(40, 'App\\Models\\User', 56, 'auth_token', 'a22a4f3577f98e95d85e4d8a3d5c8f01078b16cf9ed652e490a7d18e013044f7', '[\"*\"]', '2024-03-13 16:24:03', NULL, '2024-03-13 21:51:48', '2024-03-13 16:24:03'),
(41, 'App\\Models\\User', 57, 'auth_token', 'd46e5044650b52f80103a745615b6d4922668143416b916b6f064aad10b22bf7', '[\"*\"]', '2024-03-15 14:32:06', NULL, '2024-03-13 21:54:44', '2024-03-15 14:32:06'),
(42, 'App\\Models\\User', 37, 'auth_token', '18596d6c5cf1ebcaad2b781cdd33e4d3a42fdd24501e4e14d1a0348fd40cfadc', '[\"*\"]', NULL, NULL, '2024-03-15 17:27:04', '2024-03-15 17:27:04'),
(43, 'App\\Models\\User', 37, 'auth_token', '6c4bba32dea959330c425588db2c257fca7064dd7d37de6c2ea39af3371618f3', '[\"*\"]', NULL, NULL, '2024-03-15 19:25:05', '2024-03-15 19:25:05'),
(44, 'App\\Models\\User', 14, 'auth_token', '99d131421abe4069c374101082a9c5d27bad777925c0f446410d9a9971c1da22', '[\"*\"]', '2024-03-15 14:32:33', NULL, '2024-03-15 20:02:30', '2024-03-15 14:32:33'),
(45, 'App\\Models\\User', 32, 'auth_token', '08f3791660870802a3734601c40e7bc85412ef13128b54b57fa859e9fd2f5e25', '[\"*\"]', '2024-03-15 14:33:09', NULL, '2024-03-15 20:03:06', '2024-03-15 14:33:09'),
(46, 'App\\Models\\User', 32, 'auth_token', '602ab6c523a6a1966da3b2de8a176a537d83c26ff3e5ea50c089f2957dc885ae', '[\"*\"]', '2024-03-15 14:34:14', NULL, '2024-03-15 20:03:32', '2024-03-15 14:34:14'),
(47, 'App\\Models\\User', 14, 'auth_token', '2c083c8b67fbd0f8b56144c84dad60ac5856e590ed9094db81bd864d86302bf5', '[\"*\"]', '2024-03-15 16:12:51', NULL, '2024-03-15 21:42:44', '2024-03-15 16:12:51'),
(48, 'App\\Models\\User', 14, 'auth_token', '51ff59f434a895d6f46df2de5fdcf4df29ae77f4cd4884c3c44804f796ca6f26', '[\"*\"]', '2024-03-26 14:38:27', NULL, '2024-03-15 21:43:30', '2024-03-26 14:38:27'),
(49, 'App\\Models\\User', 30, 'auth_token', 'ecfa19f6f31d94fafd8bf4eae5607e9b9bb205a11ef92f6584960cd224583e1d', '[\"*\"]', NULL, NULL, '2024-03-21 01:20:08', '2024-03-21 01:20:08'),
(50, 'App\\Models\\User', 3, 'auth_token', 'c78f8047a4a147f32ef1d7137f9c7c681b7b555c4df4e84cdd2db49f3889bf96', '[\"*\"]', NULL, NULL, '2024-03-22 01:44:07', '2024-03-22 01:44:07'),
(51, 'App\\Models\\User', 46, 'auth_token', 'e8cb8cbe8241fe43d5df0b0e50f9b0f4bfbe66e963b1e10816864c483fed2d9f', '[\"*\"]', NULL, NULL, '2024-03-27 21:02:31', '2024-03-27 21:02:31'),
(52, 'App\\Models\\User', 14, 'auth_token', 'e603614cd54f8fe18f0b25b8cb6e0ea8f3f62da3d16b8362c2b70dac8eef9bad', '[\"*\"]', '2024-04-02 19:47:02', NULL, '2024-03-27 22:49:05', '2024-04-02 19:47:02'),
(53, 'App\\Models\\User', 260, 'auth_token', '7a985a7b3881f82d341fdb5f9e3e5f428031b968eb16df2707ef2dbb176260e7', '[\"*\"]', '2024-04-03 16:53:33', NULL, '2024-04-03 01:18:18', '2024-04-03 16:53:33'),
(54, 'App\\Models\\User', 93, 'auth_token', '40aec15c3941bbbb3a683be3f37fe2c392b1dc82e3d6523963aad4269767ad14', '[\"*\"]', '2024-04-04 14:06:10', NULL, '2024-04-04 19:10:27', '2024-04-04 14:06:10'),
(55, 'App\\Models\\User', 62, 'auth_token', 'b60d404499542933374c6ea88e4ea51f597fbc20c5fa0ae71b44bf6ab657f62f', '[\"*\"]', '2024-04-04 15:00:13', NULL, '2024-04-04 20:30:06', '2024-04-04 15:00:13'),
(56, 'App\\Models\\User', 62, 'auth_token', 'a30c520072a4e29491a2299d4de70bdb89ef4784b3bceb4282b51692ecaf79a6', '[\"*\"]', '2024-04-04 15:00:46', NULL, '2024-04-04 20:30:33', '2024-04-04 15:00:46'),
(57, 'App\\Models\\User', 266, 'auth_token', '514093666ceef741b60bace8f89ff65c72365f96a0122730d1be7ec93c0ac12b', '[\"*\"]', '2024-04-04 17:03:41', NULL, '2024-04-04 22:26:32', '2024-04-04 17:03:41'),
(58, 'App\\Models\\User', 62, 'auth_token', '5564dbfc7cfb95293151dda3261e4be6f7a527fb222a46e3de243f77a5deb6ed', '[\"*\"]', '2024-04-04 17:52:35', NULL, '2024-04-04 22:33:58', '2024-04-04 17:52:35'),
(59, 'App\\Models\\User', 62, 'auth_token', 'd36ddd9e8bfbd3253c823f8e0735c94f394d2ee7fad0950017da522089354ee2', '[\"*\"]', '2024-04-04 23:28:34', NULL, '2024-04-04 23:30:51', '2024-04-04 23:28:34'),
(60, 'App\\Models\\User', 267, 'auth_token', 'bba4eb5dcab353c46fc235014f2614b010068aa39a0f5e682d36cd41169ad963', '[\"*\"]', '2024-04-04 23:47:08', NULL, '2024-04-05 04:59:49', '2024-04-04 23:47:08'),
(61, 'App\\Models\\User', 256, 'auth_token', 'bcb67cfad682e81f467cafd55e90eb766191c92b411eb03fbb5e0cd7b4c39a14', '[\"*\"]', NULL, NULL, '2024-04-05 17:22:07', '2024-04-05 17:22:07'),
(62, 'App\\Models\\User', 256, 'auth_token', '04514c7fec47eb95a15d15d9de046a012612565d8be283b423632ae71194fd3e', '[\"*\"]', NULL, NULL, '2024-04-05 18:28:08', '2024-04-05 18:28:08'),
(63, 'App\\Models\\User', 256, 'auth_token', '120b3a0a4d6b4b494d1d345baeaf88125edeb39607c9bb4a8924fb38c7e94839', '[\"*\"]', NULL, NULL, '2024-04-05 19:34:01', '2024-04-05 19:34:01'),
(64, 'App\\Models\\User', 256, 'auth_token', '670ba74b8a4c776e699e1619aa74641d8d4193eee7529e8891c6f127e748dd72', '[\"*\"]', NULL, NULL, '2024-04-05 19:39:48', '2024-04-05 19:39:48'),
(65, 'App\\Models\\User', 256, 'auth_token', 'd521e419c387b84296f0f9d40b2b84ccb9c68596d0f01cf392df9cd07771f660', '[\"*\"]', NULL, NULL, '2024-04-05 19:42:02', '2024-04-05 19:42:02'),
(66, 'App\\Models\\User', 256, 'auth_token', '4ffd976920537cbe913cb4caba524e13b5a0a9d0b4b489dce56a9e56e0cc2d70', '[\"*\"]', NULL, NULL, '2024-04-05 19:50:13', '2024-04-05 19:50:13'),
(67, 'App\\Models\\User', 256, 'auth_token', 'f66b06b44586c83c2ce23b88d3e93a6f2cf587bc44ca45155d4219280fb8c283', '[\"*\"]', NULL, NULL, '2024-04-05 19:53:49', '2024-04-05 19:53:49'),
(68, 'App\\Models\\User', 268, 'auth_token', 'd63593e856fa4fa7f289719e2618dcbab8faf54b1b2d3569b8e46e3064b82f0f', '[\"*\"]', NULL, NULL, '2024-04-05 20:12:11', '2024-04-05 20:12:11'),
(69, 'App\\Models\\User', 14, 'auth_token', '32b3aaa2561dffeea7dd3d4f7b39cf0b44f633d8f56300fed87eedd2c3ab1802', '[\"*\"]', '2024-04-18 12:56:59', NULL, '2024-04-05 20:20:08', '2024-04-18 12:56:59'),
(70, 'App\\Models\\User', 268, 'auth_token', '231c785ebf2cbee98bb87de9e98cc6e01174e43fec0f5a99ee8b25c298dfd8e8', '[\"*\"]', NULL, NULL, '2024-04-05 20:35:05', '2024-04-05 20:35:05'),
(71, 'App\\Models\\User', 268, 'auth_token', '8e75a6f9f06fc401ca2bac25b7f404d695a456be449f08a81f8495dafe6cad68', '[\"*\"]', '2024-04-08 13:20:32', NULL, '2024-04-05 21:32:04', '2024-04-08 13:20:32'),
(72, 'App\\Models\\User', 268, 'auth_token', 'a917a115863231f4055b47ddf3732e31646c31c0f70914534e5ab9e4729302de', '[\"*\"]', NULL, NULL, '2024-04-05 22:15:30', '2024-04-05 22:15:30'),
(73, 'App\\Models\\User', 268, 'auth_token', '1c2b4cd99448ca76198d89575776afa91a1db2687c691784c39e8aba186f3a77', '[\"*\"]', '2024-04-08 19:10:33', NULL, '2024-04-05 22:16:22', '2024-04-08 19:10:33'),
(74, 'App\\Models\\User', 271, 'auth_token', '4b59ffda9ba01262152203e19b9d075f46210baa927f6e4aed59760bce2804d9', '[\"*\"]', '2024-04-19 05:36:14', NULL, '2024-04-18 18:41:20', '2024-04-19 05:36:14'),
(75, 'App\\Models\\User', 14, 'auth_token', 'f77e913a66b213b8ed2a3d61df192c1dbe872dd742513b94413b3807f6438d8a', '[\"*\"]', '2024-06-11 05:38:06', NULL, '2024-04-19 11:33:02', '2024-06-11 05:38:06'),
(76, 'App\\Models\\User', 53, 'auth_token', '159b2ade8a5fa92c4b3b370de2f5b3c361b27f949a82a0f2384b00bc81550df5', '[\"*\"]', '2024-04-19 07:10:46', NULL, '2024-04-19 12:40:43', '2024-04-19 07:10:46'),
(77, 'App\\Models\\User', 14, 'auth_token', 'a4e0b95787ca15207383230e3aec32fd40084b39421cea30a815851b895a023c', '[\"*\"]', '2024-05-23 15:12:28', NULL, '2024-04-19 12:42:30', '2024-05-23 15:12:28'),
(78, 'App\\Models\\User', 272, 'auth_token', '59fb65bff55661af0f868dc533ec31dc7e396d0a994fafc5fa5b4592835f3829', '[\"*\"]', '2024-04-19 10:00:53', NULL, '2024-04-19 15:24:15', '2024-04-19 10:00:53'),
(79, 'App\\Models\\User', 273, 'auth_token', 'e97fcbd0e527ebaa8e891f0c120f1df4b7cba8389f6922ae6af74852f6848753', '[\"*\"]', '2024-06-11 11:58:33', NULL, '2024-04-27 15:01:15', '2024-06-11 11:58:33'),
(80, 'App\\Models\\User', 273, 'auth_token', 'c96197c3f4f1e01ea7f6701bf692cb7febb08eab10e927f6065c599d2e2210a5', '[\"*\"]', '2024-05-21 07:14:21', NULL, '2024-05-16 20:42:13', '2024-05-21 07:14:21'),
(81, 'App\\Models\\User', 274, 'auth_token', '02f05ed973ea467265ad01ecb84a4107642c97be344a02c5308f1156c5ac38e6', '[\"*\"]', '2024-05-27 18:26:38', NULL, '2024-05-24 10:29:27', '2024-05-27 18:26:38'),
(82, 'App\\Models\\User', 14, 'auth_token', 'ef86bd17fd0fa4691823a7059261b4dcbf43e733e4b69369de0db48f27bec8ba', '[\"*\"]', '2024-06-20 07:27:41', NULL, '2024-06-12 16:15:42', '2024-06-20 07:27:41'),
(83, 'App\\Models\\User', 32, 'auth_token', '7ae0dbab91535672349500892de8cef10be1169c21f1813cbed6f8c9adc02fbe', '[\"*\"]', '2024-06-12 12:20:48', NULL, '2024-06-12 17:47:39', '2024-06-12 12:20:48'),
(84, 'App\\Models\\User', 14, 'auth_token', '87683f1580b7767199702060bd99a85133e91d345ba1ac0e2b412d5680789288', '[\"*\"]', '2024-06-20 07:28:40', NULL, '2024-06-20 12:58:26', '2024-06-20 07:28:40'),
(85, 'App\\Models\\User', 275, 'auth_token', 'bb928b7416c6b2460b029101e9044cdafb92f8196dc72d39eafab4c78c4d3dfe', '[\"*\"]', '2024-06-20 07:29:56', NULL, '2024-06-20 12:59:26', '2024-06-20 07:29:56'),
(86, 'App\\Models\\User', 14, 'auth_token', '28166e8acaec08098d590e45876fdb7002644d3ab774629066cf39ccdce73b0c', '[\"*\"]', '2024-06-20 07:30:47', NULL, '2024-06-20 13:00:10', '2024-06-20 07:30:47'),
(87, 'App\\Models\\User', 276, 'auth_token', '3cd8c1fbc991fdff906dd25efefe7239f3d771a6e68feaf98c4685dc2b05d8b4', '[\"*\"]', '2024-06-20 07:31:37', NULL, '2024-06-20 13:01:21', '2024-06-20 07:31:37'),
(88, 'App\\Models\\User', 14, 'auth_token', '103de6920a6a1316727c52f9c3ff923323c82c8e3b61917284b1dd9f9890e19a', '[\"*\"]', '2024-06-24 12:58:18', NULL, '2024-06-20 13:03:49', '2024-06-24 12:58:18'),
(89, 'App\\Models\\User', 278, 'auth_token', 'b9a66e26c4da155602b180ca2e7a12421b3c83198c28294fc10c15e9e1790283', '[\"*\"]', '2024-06-21 05:26:51', NULL, '2024-06-21 10:56:47', '2024-06-21 05:26:51'),
(90, 'App\\Models\\User', 280, 'auth_token', '0ae9e1e7200d9acb34a618333718a4f792c458eb80c8c06b545ff66d23ef63e8', '[\"*\"]', '2024-06-21 05:32:21', NULL, '2024-06-21 11:02:17', '2024-06-21 05:32:21'),
(91, 'App\\Models\\User', 14, 'auth_token', 'a5d308b1f0299fd62790fb253b953a4e1ed7d5c7733db70a560d2f625ffa7436', '[\"*\"]', '2024-06-21 05:36:41', NULL, '2024-06-21 11:04:41', '2024-06-21 05:36:41'),
(92, 'App\\Models\\User', 281, 'auth_token', '25dd0f8fd95281c1fcc59dab5f61dfe1aa42b09e7ba1617cb2fba01a659dd9f7', '[\"*\"]', '2024-06-21 05:46:42', NULL, '2024-06-21 11:12:57', '2024-06-21 05:46:42'),
(93, 'App\\Models\\User', 282, 'auth_token', '1b2f7c2f78bc6540ab4cffc280f78f4dc4ffc5e3c3111fefc2df38c8e16f7d59', '[\"*\"]', '2024-06-21 06:16:44', NULL, '2024-06-21 11:21:40', '2024-06-21 06:16:44'),
(94, 'App\\Models\\User', 23, 'auth_token', '66121e120af9fef8df97a535e009f3245065d888436863e460c0f360c093a3e6', '[\"*\"]', '2024-06-21 06:02:01', NULL, '2024-06-21 11:30:56', '2024-06-21 06:02:01'),
(95, 'App\\Models\\User', 283, 'auth_token', 'bf526089ab7248140102d08069e83e8bbb1ccafeb98dd45b4eee97c4ece5c46c', '[\"*\"]', '2024-06-21 06:02:00', NULL, '2024-06-21 11:31:48', '2024-06-21 06:02:00'),
(96, 'App\\Models\\User', 53, 'auth_token', 'f17c98297e333356926a4a44638995a90e84d5ca4149a52791531b24be374fd4', '[\"*\"]', '2024-06-21 06:13:45', NULL, '2024-06-21 11:32:17', '2024-06-21 06:13:45'),
(97, 'App\\Models\\User', 284, 'auth_token', '897690cee31e4160e953b8f660bf8b1fdc0a164369b5ce8a4239d6194deab8bc', '[\"*\"]', '2024-06-21 06:59:05', NULL, '2024-06-21 11:40:00', '2024-06-21 06:59:05'),
(98, 'App\\Models\\User', 285, 'auth_token', '408dda9c5009b49a84196cb88a0e77f6ae5fa284327cc237783c981d4d591dcd', '[\"*\"]', '2024-06-21 07:55:23', NULL, '2024-06-21 13:02:14', '2024-06-21 07:55:23'),
(99, 'App\\Models\\User', 14, 'auth_token', '69154f13b796ba0afba196ddaac373a83c9c63937e1c678ff263f9cec7632a1a', '[\"*\"]', '2024-07-04 06:15:15', NULL, '2024-06-21 13:30:57', '2024-07-04 06:15:15'),
(100, 'App\\Models\\User', 3, 'auth_token', '2825fe76acdf3ce3f3b8ecaf068c88b74bd38a2cfaabc9fec030b96e4ccdd5e2', '[\"*\"]', '2024-06-24 06:47:50', NULL, '2024-06-24 12:15:16', '2024-06-24 06:47:50'),
(101, 'App\\Models\\User', 14, 'auth_token', '59e824b5cf43cf0b8a33f92392fa602b6c5af3854f4b5b320c6bf80332133506', '[\"*\"]', '2024-06-26 05:59:31', NULL, '2024-06-24 18:33:43', '2024-06-26 05:59:31'),
(102, 'App\\Models\\User', 32, 'auth_token', '7cc84211d0bf372b08d3e995db6bf7c80be613d609d4557cef97f5bb5e5b043b', '[\"*\"]', '2024-06-24 13:25:48', NULL, '2024-06-24 18:52:40', '2024-06-24 13:25:48'),
(103, 'App\\Models\\User', 14, 'auth_token', 'fafb2956aebaaa17d3b51a5f8053f76edefcb8f506fb85226f21022ba724f3cf', '[\"*\"]', '2024-06-27 06:10:52', NULL, '2024-06-26 18:43:19', '2024-06-27 06:10:52'),
(104, 'App\\Models\\User', 14, 'auth_token', 'e57842b61fa4a963cbd85fb787951bcd8551c25936a4153a6a8f9f65f7debb51', '[\"*\"]', '2024-07-02 11:31:20', NULL, '2024-06-27 12:42:35', '2024-07-02 11:31:20'),
(105, 'App\\Models\\User', 14, 'auth_token', '178af23c51f65bcf3a07ba1d9c27e14b40d75c9ca515eb54b2a5c9145d6aa8da', '[\"*\"]', '2024-07-03 06:34:12', NULL, '2024-07-02 17:07:07', '2024-07-03 06:34:12'),
(106, 'App\\Models\\User', 14, 'auth_token', 'fb8631b12ba2ce998a84a0f7a954721be331c5d5af63f42885bea248ecca3f31', '[\"*\"]', '2024-07-06 04:41:32', NULL, '2024-07-03 12:17:29', '2024-07-06 04:41:32'),
(107, 'App\\Models\\User', 23, 'auth_token', 'd305e0227387ed9cba17afe86f3a8acc28806339e0e672cab0b9081c3d0aed2e', '[\"*\"]', '2024-07-03 10:42:00', NULL, '2024-07-03 16:09:39', '2024-07-03 10:42:00'),
(108, 'App\\Models\\User', 53, 'auth_token', 'b172f2e0b09aa3368b9e92239d72409992a28aeb14b44e3f76287c2e5a49debc', '[\"*\"]', '2024-07-06 10:39:46', NULL, '2024-07-04 10:52:36', '2024-07-06 10:39:46'),
(109, 'App\\Models\\User', 292, 'auth_token', '4e8a3cb20a1155cb629441343f497576cfacdb5ecb6c3ee9c0821f71ba34b3ca', '[\"*\"]', '2024-07-10 06:13:34', NULL, '2024-07-06 16:16:01', '2024-07-10 06:13:34'),
(110, 'App\\Models\\User', 291, 'auth_token', 'b0c666739fa57adb83b30f9833e020f4fc30b4a79155f23aa93e40961ea4b0ae', '[\"*\"]', '2024-07-11 05:58:19', NULL, '2024-07-11 11:27:20', '2024-07-11 05:58:19'),
(111, 'App\\Models\\User', 291, 'auth_token', '7d7262ae5bda2cc3ea333c3d5278f4352b26f2156e91529b614b6f8c91379375', '[\"*\"]', '2024-07-20 06:48:32', NULL, '2024-07-11 11:28:44', '2024-07-20 06:48:32'),
(112, 'App\\Models\\User', 126, 'auth_token', 'e20bc97171feda09da980d6f3e66849412348b258051682eeb663f37dfc3cb32', '[\"*\"]', '2024-07-20 09:17:45', NULL, '2024-07-20 12:19:03', '2024-07-20 09:17:45'),
(113, 'App\\Models\\User', 294, 'auth_token', '954f4a22e44780b523b12ce00655d040e6e24a345665960a53f4f9c5e05c1e9c', '[\"*\"]', '2024-07-20 09:18:16', NULL, '2024-07-20 14:40:29', '2024-07-20 09:18:16'),
(114, 'App\\Models\\User', 126, 'auth_token', '061b157d9600e118fb549765ae22e36b36d387995ac2349803f26c39eb2e5ae0', '[\"*\"]', '2024-07-23 10:16:10', NULL, '2024-07-20 14:52:24', '2024-07-23 10:16:10'),
(115, 'App\\Models\\User', 126, 'auth_token', 'fdab67fceaa01ecc2855e99ebf9d59a3c4a9b77e021dccda302bddbfc611097b', '[\"*\"]', '2024-07-21 11:18:07', NULL, '2024-07-21 16:46:24', '2024-07-21 11:18:07'),
(116, 'App\\Models\\User', 126, 'auth_token', '11ef536f082ed9080eec0d9c93369a1a2f95bff280eedb438c769c0da64a3050', '[\"*\"]', '2024-07-23 07:57:06', NULL, '2024-07-23 13:25:34', '2024-07-23 07:57:06'),
(117, 'App\\Models\\User', 126, 'auth_token', 'c189067ea0e54b7ee4d7e732e872a234e06f4dcbf1d19353e24eb9cfcccf4230', '[\"*\"]', '2024-07-23 11:58:06', NULL, '2024-07-23 17:25:01', '2024-07-23 11:58:06'),
(118, 'App\\Models\\User', 297, 'auth_token', '603f4d5ccbd79bc9a6c1ea73f503f510de4c43252fdf84bde4da8de72881e4fb', '[\"*\"]', '2024-07-23 12:41:15', NULL, '2024-07-23 18:11:11', '2024-07-23 12:41:15'),
(119, 'App\\Models\\User', 299, 'auth_token', '24e392a345e76a6ed29f62702814febfe9a831afc9c3d1b10eb91985ecfdc3a7', '[\"*\"]', '2024-07-23 12:46:02', NULL, '2024-07-23 18:13:58', '2024-07-23 12:46:02'),
(120, 'App\\Models\\User', 296, 'auth_token', '8665394d491c68490c1dadc4d8099e9193d034b6fbbf24e5a11d66c78fbae80e', '[\"*\"]', '2024-07-23 12:49:44', NULL, '2024-07-23 18:19:18', '2024-07-23 12:49:44'),
(121, 'App\\Models\\User', 296, 'auth_token', 'f746395009e58c83d5b3273be3ca0dfd01142986c585ae24e0e6c18c7f5acbd4', '[\"*\"]', '2024-07-23 12:59:47', NULL, '2024-07-23 18:29:11', '2024-07-23 12:59:47'),
(122, 'App\\Models\\User', 14, 'auth_token', '450455e73ac926664fc48482e0f82c3ba38e42bd91a921ebfb1adf50876f0633', '[\"*\"]', '2024-08-09 10:23:25', NULL, '2024-07-23 18:29:26', '2024-08-09 10:23:25'),
(123, 'App\\Models\\User', 126, 'auth_token', '07c209ee2f24067b4c9c11f26ccd3a232655d9cf137161ad19c0be80b503a8f6', '[\"*\"]', '2024-07-29 13:25:17', NULL, '2024-07-23 18:29:58', '2024-07-29 13:25:17'),
(124, 'App\\Models\\User', 126, 'auth_token', 'd76b851981fb9ace3d185f6e355cb37cf4d10a4f9f347ad7e72af9afa0a4fca5', '[\"*\"]', '2024-07-24 06:49:38', NULL, '2024-07-24 12:18:19', '2024-07-24 06:49:38'),
(125, 'App\\Models\\User', 300, 'auth_token', 'ec978740c00269bd742b3157f74d5846ebad96e116da8b59ccfa3e948c76575f', '[\"*\"]', '2024-07-24 06:51:25', NULL, '2024-07-24 12:20:14', '2024-07-24 06:51:25'),
(126, 'App\\Models\\User', 126, 'auth_token', '940d632b229eeb1253b2da46108d7b7610628c0813af7a3783fa2ed8bd8e2614', '[\"*\"]', '2024-08-02 09:13:59', NULL, '2024-07-26 19:02:30', '2024-08-02 09:13:59'),
(127, 'App\\Models\\User', 126, 'auth_token', 'eb4ccbf4c6973a9ef60c5d5b1cc98d747709a90eab51e1675ed52248cc3d6f73', '[\"*\"]', '2024-07-27 02:50:21', NULL, '2024-07-27 08:19:26', '2024-07-27 02:50:21'),
(128, 'App\\Models\\User', 304, 'auth_token', 'f63e8e767aa0900c7f3e15fd0abc675a63a741ccbecb005bd36a636bd29e132f', '[\"*\"]', '2024-09-08 20:14:26', NULL, '2024-07-29 17:13:21', '2024-09-08 20:14:26'),
(129, 'App\\Models\\User', 302, 'auth_token', '8020adc0ac8546bbfee478b5ee51d2010f668d944e6c186ea0dcdd7559357ec2', '[\"*\"]', '2024-08-14 10:30:59', NULL, '2024-07-29 17:13:45', '2024-08-14 10:30:59'),
(130, 'App\\Models\\User', 53, 'auth_token', '06a00045ab01101f0292a297e791d82a953183202333af7935f64067cfdb2364', '[\"*\"]', '2024-08-10 07:30:27', NULL, '2024-07-29 17:44:54', '2024-08-10 07:30:27'),
(131, 'App\\Models\\User', 126, 'auth_token', '08318bbd1b391f5f07819d526e670f26ad6ca4eb5ff557a0b749d4097728293c', '[\"*\"]', '2024-07-29 13:22:42', NULL, '2024-07-29 18:27:01', '2024-07-29 13:22:42'),
(132, 'App\\Models\\User', 126, 'auth_token', 'fe4963f95121f839f517d61ccde3990b0d9c2ea234c8a947ba1a366927f0005e', '[\"*\"]', '2024-07-29 13:28:57', NULL, '2024-07-29 18:58:30', '2024-07-29 13:28:57'),
(133, 'App\\Models\\User', 305, 'auth_token', 'd543522e4b214363781a696a5bc251909fa07b133d997b366e8686eff37f1569', '[\"*\"]', '2024-08-31 07:18:45', NULL, '2024-07-29 20:26:50', '2024-08-31 07:18:45'),
(134, 'App\\Models\\User', 126, 'auth_token', 'bb6aa2b7895da52dc45ff7e1b913bae0dc17fba662689379c7b9f86c9483e1d2', '[\"*\"]', '2024-07-29 18:43:04', NULL, '2024-07-30 00:11:59', '2024-07-29 18:43:04'),
(135, 'App\\Models\\User', 306, 'auth_token', 'df3d41ccb31481eb090bf4293bff5ba0d5d1d067c540aac55d3c088950fb6ea0', '[\"*\"]', '2024-07-31 11:50:58', NULL, '2024-07-31 17:20:57', '2024-07-31 11:50:58'),
(136, 'App\\Models\\User', 306, 'auth_token', 'e6bc350c7c0c934fbf2f91f89ee2134889cd4b3591974909017facd521998c96', '[\"*\"]', '2024-09-04 14:38:50', NULL, '2024-07-31 17:20:58', '2024-09-04 14:38:50'),
(137, 'App\\Models\\User', 126, 'auth_token', '58fae3d83095165e129564dd8ad0fc963a476555aa63e03e1b1ac901764da06b', '[\"*\"]', '2024-08-22 05:10:44', NULL, '2024-08-02 14:58:15', '2024-08-22 05:10:44'),
(138, 'App\\Models\\User', 126, 'auth_token', '9d8c797872bb09aa7ecaac0ab38c11182736855a9a524bc7db6f4a8cac6c5b5c', '[\"*\"]', '2024-08-02 19:07:02', NULL, '2024-08-03 00:36:57', '2024-08-02 19:07:02'),
(139, 'App\\Models\\User', 307, 'auth_token', '5899f72492165c98d7b53e6ab523431ec75f8ef6155bbb21d0d26b4cb563c484', '[\"*\"]', '2024-08-08 06:59:14', NULL, '2024-08-03 14:07:44', '2024-08-08 06:59:14'),
(140, 'App\\Models\\User', 273, 'auth_token', 'e97a5f0f93b2a0eec137c21820804df8c736077bd4b83a60d6d88f6c86bdef5e', '[\"*\"]', '2024-08-12 13:23:13', NULL, '2024-08-07 12:36:59', '2024-08-12 13:23:13'),
(141, 'App\\Models\\User', 308, 'auth_token', 'ce1d708272077d09f085fc5b63626546352997d12d908fed53fd207ace957067', '[\"*\"]', '2024-08-18 13:41:24', NULL, '2024-08-07 21:30:39', '2024-08-18 13:41:24'),
(142, 'App\\Models\\User', 309, 'auth_token', '120a9771ab540e149f88ada1e131ac0dbba2fa1bae53305aefbaaf59ce40f682', '[\"*\"]', '2024-08-17 01:51:34', NULL, '2024-08-07 22:12:34', '2024-08-17 01:51:34'),
(143, 'App\\Models\\User', 310, 'auth_token', 'd31631e31f7d953505e8f08b8dac630da6e61ebac46b24b89f1563b8a53cd3e3', '[\"*\"]', '2024-08-23 03:20:53', NULL, '2024-08-09 19:03:46', '2024-08-23 03:20:53'),
(144, 'App\\Models\\User', 272, 'auth_token', 'dc1de3396942486e3eda56238c1c91f78978a226c843c0e39d0b0be1154e41bc', '[\"*\"]', '2024-08-10 07:39:23', NULL, '2024-08-10 13:07:07', '2024-08-10 07:39:23'),
(145, 'App\\Models\\User', 23, 'auth_token', '269c7931c553a02ec64d89c0f7e813dc1052f53afd9187f6ace5fadc3e34b0b0', '[\"*\"]', '2024-08-20 06:55:37', NULL, '2024-08-10 13:07:10', '2024-08-20 06:55:37'),
(146, 'App\\Models\\User', 272, 'auth_token', '3cba754c47dd8589bb4f2bc6bc699e9b7407d7e57e67aee1eff01d9aaa5ea917', '[\"*\"]', '2024-08-10 07:44:20', NULL, '2024-08-10 13:11:07', '2024-08-10 07:44:20'),
(147, 'App\\Models\\User', 273, 'auth_token', 'a2f6176293024a00a34f1fa7204771ad9be30482ae1f89965d0d43b4149b5c81', '[\"*\"]', '2024-08-13 15:32:31', NULL, '2024-08-13 20:49:41', '2024-08-13 15:32:31'),
(148, 'App\\Models\\User', 273, 'auth_token', 'd51ec1b58e163decc5ffab045b405acfb164dd9def0a460dbd2299871cf290e4', '[\"*\"]', '2024-08-24 09:39:12', NULL, '2024-08-14 09:34:16', '2024-08-24 09:39:12'),
(149, 'App\\Models\\User', 302, 'auth_token', '38c8b2ec7a2c5d785d8931f38c4e18ecf07d7d499b5f90ac8ca9bdb1b927d35c', '[\"*\"]', '2024-08-29 10:32:08', NULL, '2024-08-14 16:02:41', '2024-08-29 10:32:08'),
(150, 'App\\Models\\User', 23, 'auth_token', '22e9200a4f2b5ac64d8d6909bbc757cec621fdb0738eb338657d223b29bbd725', '[\"*\"]', '2024-08-20 07:42:01', NULL, '2024-08-20 12:24:58', '2024-08-20 07:42:01'),
(151, 'App\\Models\\User', 23, 'auth_token', '7b218c22dcc68cee9bb5511dbdad7386e65cd607216dec57854618d0b4697439', '[\"*\"]', '2024-08-20 06:56:50', NULL, '2024-08-20 12:26:21', '2024-08-20 06:56:50'),
(152, 'App\\Models\\User', 284, 'auth_token', '6e5b925b59280377db2d3e5c0c2eadabbb5e569a7250aeb6255555b760b4671b', '[\"*\"]', '2024-08-20 07:00:44', NULL, '2024-08-20 12:30:41', '2024-08-20 07:00:44'),
(153, 'App\\Models\\User', 23, 'auth_token', '93c6afce9aa484dd4fbb44b0c4d3617f6f69dc366b01b99d93deb2fa3f1f24d0', '[\"*\"]', '2024-08-21 12:33:46', NULL, '2024-08-20 12:33:17', '2024-08-21 12:33:46'),
(154, 'App\\Models\\User', 307, 'auth_token', 'efe149ea9a7795a44533a5d0b9ae85bb0266bd05b7f32b54794cde1b3c2695bc', '[\"*\"]', '2024-08-31 04:09:10', NULL, '2024-08-21 08:09:13', '2024-08-31 04:09:10'),
(155, 'App\\Models\\User', 284, 'auth_token', 'f87d3b75d3f64804985326ae66e5bddb6d7c848a7a76c3ee834af0ec8fd22b05', '[\"*\"]', '2024-08-22 08:01:42', NULL, '2024-08-21 18:04:51', '2024-08-22 08:01:42'),
(156, 'App\\Models\\User', 53, 'auth_token', 'f6e7555f3afeaa42db9a121a51bf041f9cfe9f824bae52390710b01f452fe598', '[\"*\"]', '2024-08-22 06:29:54', NULL, '2024-08-21 18:05:20', '2024-08-22 06:29:54'),
(157, 'App\\Models\\User', 53, 'auth_token', '3c49bfa2ce05ac050cca555b9f623851b4975f16641a5806fc743738c526569a', '[\"*\"]', '2024-08-22 05:49:34', NULL, '2024-08-22 10:46:54', '2024-08-22 05:49:34'),
(158, 'App\\Models\\User', 314, 'auth_token', '68e63ac66fcb1105946b01f5edc41900bfc562b7cec6aba05c502107c6d2d800', '[\"*\"]', '2024-08-22 05:54:32', NULL, '2024-08-22 11:21:26', '2024-08-22 05:54:32'),
(159, 'App\\Models\\User', 126, 'auth_token', '1a5e165b53900b0538b1b203ebe6cf373952fc2ae7ac8d9b635568fe85e58fd2', '[\"*\"]', '2024-08-22 06:37:36', NULL, '2024-08-22 11:28:24', '2024-08-22 06:37:36'),
(160, 'App\\Models\\User', 126, 'auth_token', 'f7cd962636c137d2f096e7daa8d2ec8c7147c83d8bdd796dbc19e2eff1da5a16', '[\"*\"]', '2024-08-22 12:06:42', NULL, '2024-08-22 12:07:02', '2024-08-22 12:06:42'),
(161, 'App\\Models\\User', 126, 'auth_token', 'b08d2bfa574bcf33a2645a3e6ad95a22f56fdb1e10fffaaf5edb9d24375127a4', '[\"*\"]', '2024-08-22 09:59:45', NULL, '2024-08-22 12:07:43', '2024-08-22 09:59:45'),
(162, 'App\\Models\\User', 126, 'auth_token', 'f2b314b39e63e43d3008bc40d048f90dc2ab66534667966d98b221f0a41d88bc', '[\"*\"]', '2024-08-22 10:19:27', NULL, '2024-08-22 12:10:25', '2024-08-22 10:19:27'),
(163, 'App\\Models\\User', 284, 'auth_token', 'e26d3f195fb27154703bd7fb43d6c863d0798af8c4d2e776dc90ee146a3f3f64', '[\"*\"]', '2024-08-25 11:49:37', NULL, '2024-08-22 13:31:58', '2024-08-25 11:49:37'),
(164, 'App\\Models\\User', 126, 'auth_token', '67fa5dd9ba337ed9aa90c2db5691b68cd12ea1e4339dc0dd6be519aa9deb08c5', '[\"*\"]', '2024-09-10 09:20:01', NULL, '2024-08-22 17:36:50', '2024-09-10 09:20:01'),
(165, 'App\\Models\\User', 126, 'auth_token', '26376f07e405430a97165a2f0dfe51ba64b5e098d5ef50996d043a6fca8cc950', '[\"*\"]', '2024-08-22 12:07:11', NULL, '2024-08-22 17:37:11', '2024-08-22 12:07:11'),
(166, 'App\\Models\\User', 126, 'auth_token', '2e33c064a1d3f2e1f19f35493bd92e1b02553e2579ebb489dfe7eec6cfd126fe', '[\"*\"]', '2024-08-22 12:42:12', NULL, '2024-08-22 17:55:19', '2024-08-22 12:42:12'),
(167, 'App\\Models\\User', 315, 'auth_token', '37f6564daa40e190d55b37365947b20e2c9bf6f1b10781d77e80af4b14effcde', '[\"*\"]', '2024-09-13 18:38:25', NULL, '2024-08-24 15:14:16', '2024-09-13 18:38:25'),
(168, 'App\\Models\\User', 314, 'auth_token', 'fac949cedfb2e762ea962249b0b5141cd9cc62d2f8f2072dbd5cb52ef6ecffb8', '[\"*\"]', '2024-09-03 09:58:54', NULL, '2024-08-28 15:46:53', '2024-09-03 09:58:54'),
(169, 'App\\Models\\User', 302, 'auth_token', '2c06d2fb51eb274bd957b2f1435fb5be1c7e3a5c1d8e63e13271e52bfecf628e', '[\"*\"]', '2024-09-09 11:45:40', NULL, '2024-08-29 16:04:48', '2024-09-09 11:45:40'),
(170, 'App\\Models\\User', 314, 'auth_token', 'b98cbdcb8b8580b3297e68e1f3b30a9d780c373a3633cfc2bd906d056b9419ba', '[\"*\"]', '2024-09-03 08:49:58', NULL, '2024-09-03 11:50:32', '2024-09-03 08:49:58'),
(171, 'App\\Models\\User', 32, 'auth_token', '710d909fe10858c749a71856339ee2955a58919c7f394374d23ad6b3937804df', '[\"*\"]', '2024-09-03 09:51:08', NULL, '2024-09-03 14:20:25', '2024-09-03 09:51:08'),
(172, 'App\\Models\\User', 314, 'auth_token', '96d4518bb89047d3ae11f0439c812d66cec372d6cb6741d69f7f9685e9412aa1', '[\"*\"]', '2024-09-09 10:19:10', NULL, '2024-09-03 15:21:38', '2024-09-09 10:19:10'),
(173, 'App\\Models\\User', 126, 'auth_token', 'b27533ffe4df498a235dc4e4cfac7f691ef591970d7a3b1cb1737a78e27032d3', '[\"*\"]', '2024-09-09 07:43:14', NULL, '2024-09-06 18:14:09', '2024-09-09 07:43:14'),
(174, 'App\\Models\\User', 314, 'auth_token', '9fd21fbbaf200e562e1432c282173d8efd927ee372cdb356ba7f5fd9be19b2af', '[\"*\"]', '2024-09-13 12:37:02', NULL, '2024-09-09 15:51:27', '2024-09-13 12:37:02'),
(175, 'App\\Models\\User', 302, 'auth_token', '8372b8a070212cece9111eb345eea3a1b99c91ffc70e0762604bfcc096bcb423', '[\"*\"]', '2024-09-09 11:47:09', NULL, '2024-09-09 17:16:57', '2024-09-09 11:47:09'),
(176, 'App\\Models\\User', 311, 'auth_token', 'a8086cc772f48f049c30e9adc579ca2cfc3ad9599274621b7935b9503de10b68', '[\"*\"]', '2024-09-10 05:59:06', NULL, '2024-09-10 11:29:06', '2024-09-10 05:59:06'),
(177, 'App\\Models\\User', 308, 'auth_token', '7dfb9427fec17ddd5262a4dd4bafc33ed532218a32485215a4dc113cd609392a', '[\"*\"]', '2024-09-12 14:39:14', NULL, '2024-09-12 14:40:21', '2024-09-12 14:39:14'),
(178, 'App\\Models\\User', 308, 'auth_token', 'b6398a603f6e7a380dd51352a13d44175aa15c8894e94f5f79592c85c5532864', '[\"*\"]', '2024-09-12 14:48:09', NULL, '2024-09-12 20:14:35', '2024-09-12 14:48:09'),
(179, 'App\\Models\\User', 321, 'auth_token', '459b93ab1e386f554fa4d2f771b2b5e1c36762d1e3d180ca2e6eacd7b2629d3b', '[\"*\"]', '2024-09-16 10:56:13', NULL, '2024-09-16 16:08:06', '2024-09-16 10:56:13'),
(180, 'App\\Models\\User', 321, 'auth_token', '39c352aa7907cb77e6bc229461bc07b618ac518be3f1e355e66ce512ad2f0043', '[\"*\"]', '2024-09-16 11:01:04', NULL, '2024-09-16 16:29:53', '2024-09-16 11:01:04'),
(181, 'App\\Models\\User', 7, 'auth_token', '280379be4aedd24241cf25dc0d55eb8b361305102777f92c14ccced716b25a44', '[\"*\"]', '2024-09-16 13:03:18', NULL, '2024-09-16 17:39:09', '2024-09-16 13:03:18'),
(182, 'App\\Models\\User', 321, 'auth_token', 'a849f1e953a1c2820dec9522c5c0c16e4baebf08c0d53c38baf424a2a634cb26', '[\"*\"]', '2024-09-16 12:37:24', NULL, '2024-09-16 18:06:03', '2024-09-16 12:37:24'),
(183, 'App\\Models\\User', 321, 'auth_token', 'db35fa2e22827be1acd2a83e3636a601495758fa38da91ff2be63cd20b1859d6', '[\"*\"]', '2024-09-16 12:43:37', NULL, '2024-09-16 18:10:32', '2024-09-16 12:43:37'),
(184, 'App\\Models\\User', 321, 'auth_token', '867326b7255dd81e712be8918aed2841c15589c9d6faa2f9df82a7c44e23721b', '[\"*\"]', '2024-09-16 12:44:22', NULL, '2024-09-16 18:14:07', '2024-09-16 12:44:22'),
(185, 'App\\Models\\User', 7, 'auth_token', 'ff5e900f1fe1cfe335cfb4575f495ce180da7731d567ac4480e433fff719bf79', '[\"*\"]', '2024-09-16 12:46:04', NULL, '2024-09-16 18:14:54', '2024-09-16 12:46:04'),
(186, 'App\\Models\\User', 273, 'auth_token', '2c015b4e252924ca534f36deefd0f1a50686d6e82caab3700eeb12b817e63b4d', '[\"*\"]', '2024-09-16 12:53:25', NULL, '2024-09-16 18:18:56', '2024-09-16 12:53:25'),
(187, 'App\\Models\\User', 23, 'auth_token', '8aad3364a65bb679af41e979b64689264287c9f7eddbb755024e84c50ceeec41', '[\"*\"]', '2024-09-16 12:53:31', NULL, '2024-09-16 18:22:57', '2024-09-16 12:53:31'),
(188, 'App\\Models\\User', 321, 'auth_token', 'cb97032d208b5b17ac7d96c6eff9a6bbd2be5e7e7f8f73eb75a534df8b7e053f', '[\"*\"]', '2024-09-16 13:06:15', NULL, '2024-09-16 18:23:48', '2024-09-16 13:06:15'),
(189, 'App\\Models\\User', 324, 'auth_token', 'bfb911c254f0d4f82b3ba31b96a00277f640566d9a8bde9383a3ca927a7e64a4', '[\"*\"]', '2024-09-19 15:07:31', NULL, '2024-09-16 18:42:34', '2024-09-19 15:07:31'),
(190, 'App\\Models\\User', 325, 'auth_token', '2a372f72757d6e2578d78c48732195eaab58da85c60f7cb1b8fea7445719a38a', '[\"*\"]', '2024-09-17 17:59:54', NULL, '2024-09-17 17:34:23', '2024-09-17 17:59:54'),
(191, 'App\\Models\\User', 329, 'auth_token', '812ab143036a63ad628fb6ccf3de0cd059fa921e0228cfe5d0ba090fd76bfdc8', '[\"*\"]', '2024-09-30 11:46:21', NULL, '2024-09-24 15:54:35', '2024-09-30 11:46:21'),
(192, 'App\\Models\\User', 330, 'auth_token', '10324331557ed0bd8631b2a5962cb040bd2d62024292ea445b5f343097375632', '[\"*\"]', '2024-10-24 12:59:21', NULL, '2024-09-30 11:48:36', '2024-10-24 12:59:21'),
(193, 'App\\Models\\User', 329, 'auth_token', '2aaeb7a6273a7c94af6c5bd235ae7438ca402002cb31492c2d573f489af8194f', '[\"*\"]', '2024-10-24 16:50:55', NULL, '2024-09-30 13:17:46', '2024-10-24 16:50:55'),
(194, 'App\\Models\\User', 331, 'auth_token', '05b2d27d8df0869808f5e6c4ab9fee47952145ff6bd3b3d9228417700d6bed62', '[\"*\"]', '2024-10-16 11:57:36', NULL, '2024-10-03 16:42:23', '2024-10-16 11:57:36'),
(195, 'App\\Models\\User', 324, 'auth_token', '9e62435fb1c1c467dcf4efd3c855813a760708e9ee36218be97476d0213ce054', '[\"*\"]', '2024-10-15 14:51:00', NULL, '2024-10-15 14:50:24', '2024-10-15 14:51:00'),
(196, 'App\\Models\\User', 324, 'auth_token', '1a4982619be6d9a735de7d8adffe627be6eb6c92e64d5b74b15ca73d7f18ac3f', '[\"*\"]', '2024-10-17 16:27:39', NULL, '2024-10-15 15:07:11', '2024-10-17 16:27:39'),
(197, 'App\\Models\\User', 324, 'auth_token', '461907b526a7e8ea80c59fc3b049deb564ddd2a3ded1146dc076c9cfbceb66cb', '[\"*\"]', '2024-10-17 17:27:56', NULL, '2024-10-17 16:38:16', '2024-10-17 17:27:56'),
(198, 'App\\Models\\User', 333, 'auth_token', '97dab75fe2aa8370a38aacdc454d30ac43216911753e8b49ba218ae69f024dc0', '[\"*\"]', '2024-10-17 18:31:04', NULL, '2024-10-17 17:33:22', '2024-10-17 18:31:04'),
(199, 'App\\Models\\User', 330, 'auth_token', '819688a3ff0e3ac8f183e696b7f14813c853d8308228a2cf2522bbd4952ea67a', '[\"*\"]', '2024-10-27 19:40:09', NULL, '2024-10-27 19:18:25', '2024-10-27 19:40:09'),
(200, 'App\\Models\\User', 329, 'auth_token', 'a4269dcda452a823199c3bcfe3697213b6cb6b62b31a4905ae04f3c949e1fe03', '[\"*\"]', '2024-11-25 22:35:05', NULL, '2024-10-27 19:41:17', '2024-11-25 22:35:05'),
(201, 'App\\Models\\User', 329, 'auth_token', '74dec7443da01a928e7e111b4ace9fe698e4e5a6d7c5a81060fd978994f5d194', '[\"*\"]', '2024-10-29 12:25:20', NULL, '2024-10-29 12:25:00', '2024-10-29 12:25:20'),
(202, 'App\\Models\\User', 329, 'auth_token', 'b72a2ebda510c1bd28700d1c35b83c51311d6396788a9c71f4e91c03eb1d907c', '[\"*\"]', '2024-10-29 21:52:13', NULL, '2024-10-29 21:49:55', '2024-10-29 21:52:13'),
(203, 'App\\Models\\User', 340, 'auth_token', 'afd167e82e0daa92ec4eca40e546b497394668d3e76b71f664bd787689c3ea01', '[\"*\"]', '2024-11-03 13:02:29', NULL, '2024-11-03 13:02:25', '2024-11-03 13:02:29'),
(204, 'App\\Models\\User', 340, 'auth_token', '1bc963edcb0481704e76fb9f5df290c40da0a222566c17102c38ce3f18437581', '[\"*\"]', '2024-11-03 13:02:33', NULL, '2024-11-03 13:02:28', '2024-11-03 13:02:33'),
(205, 'App\\Models\\User', 340, 'auth_token', 'e1c2efad567121de2bf3bed5ae8ead9714edefd34dc8ff7cbb21fa3f81d59da4', '[\"*\"]', '2024-11-03 13:04:03', NULL, '2024-11-03 13:02:31', '2024-11-03 13:04:03'),
(206, 'App\\Models\\User', 324, 'auth_token', 'e68cbe637185ffabc7c0fef0784620b5643623b2efa7d0e7bebfbdd11ad9beba', '[\"*\"]', '2024-11-07 15:24:47', NULL, '2024-11-07 12:17:47', '2024-11-07 15:24:47'),
(207, 'App\\Models\\User', 341, 'auth_token', '060c4118f2415f5f76c90d34f437d9a752a841cde4f71f7453083f4e112f184c', '[\"*\"]', '2024-11-07 15:28:32', NULL, '2024-11-07 15:26:40', '2024-11-07 15:28:32'),
(208, 'App\\Models\\User', 324, 'auth_token', 'c6f3315b8feb57f33c4be0054d8b3161b80eeb916e37191e7bb36894b28d50c2', '[\"*\"]', '2024-11-16 12:29:48', NULL, '2024-11-07 15:28:51', '2024-11-16 12:29:48'),
(209, 'App\\Models\\User', 341, 'auth_token', '307c2e14cdef99d23ae9ed4521e593a3bf0074237f53374b688a7de7e16450b6', '[\"*\"]', '2024-11-13 14:45:04', NULL, '2024-11-07 15:30:26', '2024-11-13 14:45:04'),
(210, 'App\\Models\\User', 342, 'auth_token', 'e2d189c5834dd31c56891d1bc1a2d0283d419b8e5b48a71880edba2fd8e81003', '[\"*\"]', '2024-11-08 21:58:59', NULL, '2024-11-07 17:20:08', '2024-11-08 21:58:59'),
(211, 'App\\Models\\User', 342, 'auth_token', '8bd4f53e4384df3a4db600ff1b151c68a63f68e051759646ab475682188a079c', '[\"*\"]', '2024-11-09 08:32:13', NULL, '2024-11-09 08:21:28', '2024-11-09 08:32:13'),
(212, 'App\\Models\\User', 342, 'auth_token', 'c68b2fabcb705d5e756f1aacf1c7226c06de42bfeef9ae11e14849fd89a0dfd3', '[\"*\"]', '2024-12-30 12:51:02', NULL, '2024-11-09 08:34:22', '2024-12-30 12:51:02'),
(213, 'App\\Models\\User', 325, 'auth_token', 'fd8d1562cb84e3229f3bdb653347c961a0254d1a28cad58ea4861add850e6d13', '[\"*\"]', '2024-12-07 16:18:14', NULL, '2024-12-07 16:17:30', '2024-12-07 16:18:14'),
(214, 'App\\Models\\User', 325, 'auth_token', '397ab52c0602abfb4014b745501f4e6c363b038efc75f410c22a42be6e9a1c6a', '[\"*\"]', '2024-12-07 16:22:50', NULL, '2024-12-07 16:19:21', '2024-12-07 16:22:50'),
(215, 'App\\Models\\User', 343, 'auth_token', '8ec59d3c3f20dd7c513a8a67712347930bf7a32fd31934bb2502bb876d1717be', '[\"*\"]', '2024-12-20 11:43:18', NULL, '2024-12-18 14:34:13', '2024-12-20 11:43:18'),
(216, 'App\\Models\\User', 324, 'auth_token', 'a56c0ea64d07ef8d054daf6289cc2f204a8b4dde7ff0d5f8e67ae3495eb532f6', '[\"*\"]', '2024-12-30 16:50:39', NULL, '2024-12-30 15:44:00', '2024-12-30 16:50:39'),
(217, 'App\\Models\\User', 336, 'auth_token', 'cd6979aee8090d409d48b6505ed264dc8f1fb0046c0a05da366292c31a63bd7a', '[\"*\"]', '2025-01-02 19:06:50', NULL, '2024-12-30 16:48:46', '2025-01-02 19:06:50'),
(218, 'App\\Models\\User', 324, 'auth_token', 'c931c2cf022c2e5359008728ede60b3ef1fbdc89b84ac2feafc1f7a9b9c3b2e0', '[\"*\"]', '2025-01-09 13:22:03', NULL, '2024-12-30 16:51:20', '2025-01-09 13:22:03'),
(219, 'App\\Models\\User', 342, 'auth_token', 'd92675f133794b16f5c94ec67b64a7dd941904e7e48faa98b517c546ff2bb010', '[\"*\"]', '2025-01-08 14:46:00', NULL, '2025-01-02 13:48:50', '2025-01-08 14:46:00'),
(220, 'App\\Models\\User', 336, 'auth_token', 'c2d1ec414780aa8a984baf6b409c3843408aeca9123ba47e389adac36bf558b4', '[\"*\"]', '2025-01-10 21:35:33', NULL, '2025-01-06 17:33:25', '2025-01-10 21:35:33'),
(221, 'App\\Models\\User', 324, 'auth_token', '914708eec683ba709e15b44a11baef8fbe96ce0c9cbf000b613f356f28793906', '[\"*\"]', '2025-01-09 16:51:02', NULL, '2025-01-09 14:51:53', '2025-01-09 16:51:02'),
(222, 'App\\Models\\User', 324, 'auth_token', '9aeafd221d47337e2f337c1b0f200db7c20d78547d48eb9863f08d356cd4aa36', '[\"*\"]', '2025-01-10 12:54:43', NULL, '2025-01-09 16:51:19', '2025-01-10 12:54:43'),
(223, 'App\\Models\\User', 342, 'auth_token', 'a176d942f5ea4e8090975f52bcd5001191a9a521d810f3ef3a84dd04ce133743', '[\"*\"]', '2025-01-09 20:28:11', NULL, '2025-01-09 20:28:02', '2025-01-09 20:28:11'),
(224, 'App\\Models\\User', 324, 'auth_token', '71ab330c1bd5ac307f9338bbeaa2f37415886d89e80e212f085f71186de0e9b1', '[\"*\"]', '2025-01-11 11:33:21', NULL, '2025-01-10 12:55:04', '2025-01-11 11:33:21'),
(225, 'App\\Models\\User', 336, 'auth_token', '90dea59017ac170c1ef1f76723583869159c460ef47b1488e0ac7d1b43f59a05', '[\"*\"]', '2025-01-11 11:21:02', NULL, '2025-01-11 11:11:19', '2025-01-11 11:21:02');

-- --------------------------------------------------------

--
-- Table structure for table `pincodes`
--

CREATE TABLE `pincodes` (
  `id` int(11) NOT NULL,
  `area` varchar(100) NOT NULL,
  `pincode` varchar(8) NOT NULL,
  `district` varchar(100) NOT NULL,
  `state` varchar(100) NOT NULL
) ENGINE=InnoDB DEFAULT CHARSET=utf8mb4 COLLATE=utf8mb4_general_ci;

-- --------------------------------------------------------

--
-- Table structure for table `policies`
--

CREATE TABLE `policies` (
  `id` int(11) NOT NULL,
  `url` varchar(255) NOT NULL,
  `policy` varchar(255) NOT NULL,
  `description` longtext NOT NULL,
  `created_at` datetime DEFAULT NULL,
  `updated_at` timestamp NULL DEFAULT NULL
) ENGINE=InnoDB DEFAULT CHARSET=utf8mb4 COLLATE=utf8mb4_unicode_ci;

--
-- Dumping data for table `policies`
--

INSERT INTO `policies` (`id`, `url`, `policy`, `description`, `created_at`, `updated_at`) VALUES
(1, 'privacy-policy', 'Privacy Policy', '<h1><strong>Privacy Policy for RB Studio</strong></h1>\r\n\r\n<p>Welcome to RB Studio! We value your privacy and are committed to protecting your personal information. This Privacy Policy explains how we collect, use, and safeguard your information when you visit our website and book our services.</p>\r\n\r\n<h3>Information We Collect</h3>\r\n\r\n<ul>\r\n	<li><strong>Personal Information:</strong> When you book a studio session or rent instruments, we collect your name, contact number, and email address.</li>\r\n	<li><strong>Payment Information:</strong> We collect payment details through our secure payment gateway for processing transactions.</li>\r\n	<li><strong>Usage Data:</strong> We may collect information on how you access and use our website.</li>\r\n</ul>\r\n\r\n<h3>How We Use Your Information</h3>\r\n\r\n<p>We use your information to:</p>\r\n\r\n<ul>\r\n	<li>Process and manage your bookings, rentals, and payments.</li>\r\n	<li>Communicate with you regarding your reservations and provide customer support.</li>\r\n	<li>Improve our website and services.</li>\r\n</ul>\r\n\r\n<h3>Sharing Your Information</h3>\r\n\r\n<p>We do not sell or rent your personal information to third parties. We may share your information with:</p>\r\n\r\n<ul>\r\n	<li>Service providers, including payment processors, assisting us with operations.</li>\r\n	<li>Legal authorities if required by law.</li>\r\n</ul>\r\n\r\n<h3>Data Security</h3>\r\n\r\n<p>We implement security measures to protect your information from unauthorized access or disclosure. However, no method of transmission over the Internet is 100% secure.</p>\r\n\r\n<h3>Your Rights</h3>\r\n\r\n<p>You have the right to:</p>\r\n\r\n<ul>\r\n	<li>Access, update, or delete your personal information.</li>\r\n	<li>Opt-out of receiving marketing communications.</li>\r\n</ul>\r\n\r\n<h3>Changes to This Policy</h3>\r\n\r\n<p>We may update this Privacy Policy from time to time. We will notify you of any changes by posting the new policy on our website.</p>\r\n\r\n<h3>Contact Us</h3>\r\n\r\n<p>If you have any questions or concerns about this Privacy Policy, please contact us at admin@rbstudios.info.</p>', NULL, '2024-07-22 05:34:54'),
(2, 'terms-conditions', 'Terms & Conditions', '<h1><strong><strong><strong>Terms &amp; Conditions</strong></strong></strong></h1>\r\n\r\n<ul>\r\n	<li>\r\n	<p><strong>Introduction</strong></p>\r\n\r\n	<ul>\r\n		<li>Purpose of the Terms and Conditions.</li>\r\n		<li>Brief description of your website or service.</li>\r\n	</ul>\r\n	</li>\r\n	<li>\r\n	<p><strong>Acceptance of Terms</strong></p>\r\n\r\n	<ul>\r\n		<li>Statement that by using the site, users agree to the terms.</li>\r\n		<li>Information on how users accept the terms (e.g., by accessing the site or registering).</li>\r\n	</ul>\r\n	</li>\r\n	<li>\r\n	<p><strong>Modifications to Terms</strong></p>\r\n\r\n	<ul>\r\n		<li>Note that terms may be updated or modified.</li>\r\n		<li>How users will be informed of changes (e.g., through notifications or website updates).</li>\r\n	</ul>\r\n	</li>\r\n	<li>\r\n	<p><strong>User Responsibilities</strong></p>\r\n\r\n	<ul>\r\n		<li>Guidelines on acceptable use of the site.</li>\r\n		<li>Prohibitions on illegal or harmful activities.</li>\r\n	</ul>\r\n	</li>\r\n	<li>\r\n	<p><strong>Intellectual Property</strong></p>\r\n\r\n	<ul>\r\n		<li>Ownership of content on the site.</li>\r\n		<li>Restrictions on using or reproducing site content.</li>\r\n	</ul>\r\n	</li>\r\n	<li>\r\n	<p><strong>Privacy Policy</strong></p>\r\n\r\n	<ul>\r\n		<li>Link or reference to your Privacy Policy.</li>\r\n		<li>How user data is collected, used, and protected.</li>\r\n	</ul>\r\n	</li>\r\n	<li>\r\n	<p><strong>Dispute Resolution</strong></p>\r\n\r\n	<ul>\r\n		<li>How disputes or disagreements will be resolved.</li>\r\n		<li>Jurisdiction and applicable law.</li>\r\n	</ul>\r\n	</li>\r\n	<li>\r\n	<p><strong>Limitation of Liability</strong></p>\r\n\r\n	<ul>\r\n		<li>Disclaimer of warranties and limitations of your liability.</li>\r\n		<li>Any specific disclaimers related to the service or content.</li>\r\n	</ul>\r\n	</li>\r\n	<li>\r\n	<p><strong>Termination</strong></p>\r\n\r\n	<ul>\r\n		<li>Conditions under which user access may be terminated.</li>\r\n		<li>Effects of termination on user access and data.</li>\r\n	</ul>\r\n	</li>\r\n	<li>\r\n	<p><strong>Contact Information</strong></p>\r\n\r\n	<ul>\r\n		<li>How users can contact you with questions or concerns about the terms.</li>\r\n	</ul>\r\n	</li>\r\n	<li>\r\n	<p><strong>Effective Date</strong></p>\r\n\r\n	<ul>\r\n		<li>The date from which the terms are effective.</li>\r\n	</ul>\r\n	</li>\r\n</ul>\r\n\r\n<p>&nbsp;</p>', NULL, '2024-07-19 13:26:09'),
(3, 'booking-policy', 'How it Works', '<p>There are five simple ways to find what you want:</p>\r\n\r\n<h2>1. Select Service :</h2>\r\n\r\n<p>&nbsp; &nbsp; &nbsp;Selective&nbsp;<strong>Service&nbsp;</strong>System is a federal agency that requires nearly all male US citizens and male immigrants, 18 through 25, to register with it to ensure a secure future for the country&nbsp;</p>\r\n\r\n<h2>2. Select Studio :</h2>\r\n\r\n<p>&nbsp;&nbsp;&nbsp;Selective&nbsp;<strong>Service&nbsp;</strong>System is a federal agency that requires nearly all male US citizens and male immigrants, 18 through 25, to register with it to ensure a secure future for the country&nbsp;</p>\r\n\r\n<h2>3. Select Booking Date &amp; Time:</h2>\r\n\r\n<p>&nbsp; &nbsp;&nbsp;&nbsp;Selective&nbsp;<strong>Service&nbsp;</strong>System is a federal agency that requires nearly all male US citizens and male immigrants, 18 through 25, to register with it to ensure a secure future for the country&nbsp;</p>\r\n\r\n<h2>4.&nbsp; Make Payment :</h2>\r\n\r\n<p>&nbsp; &nbsp;&nbsp;&nbsp;Selective&nbsp;<strong>Service&nbsp;</strong>System is a federal agency that requires nearly all male US citizens and male immigrants, 18 through 25, to register with it to ensure a secure future for the country&nbsp;</p>', NULL, '2024-03-02 15:32:41'),
(4, 'cancellation-policy', 'Cancellation Policy', '<ul>\r\n	<li>\r\n	<h2><strong>No Return</strong></h2>\r\n	</li>\r\n	<li>\r\n	<h2><strong>Only Exchange with in 3 days&nbsp;</strong></h2>\r\n\r\n	<p>Certainly! Here&#39;s a message you could use to communicate this policy on your website:</p>\r\n\r\n	<hr />\r\n	<p><strong>Return Policy: Exchange or Replacement Only</strong></p>\r\n\r\n	<p>Dear Valued Customers,</p>\r\n\r\n	<p>At krishna boutique we are committed to providing you with the highest quality products and exceptional service. To ensure your satisfaction with every purchase, we offer an exchange or replacement policy.</p>\r\n\r\n	<p>Please note that we do not accept returns for refunds. However, if you receive a product that is defective or damaged, we will gladly exchange it for the same item or provide a replacement, 150 rupees&nbsp;&nbsp;of charge.</p>\r\n\r\n	<p>To initiate an exchange or replacement, please contact our customer service team within 3 days&nbsp;of receiving your order. Our team will assist you with the process and provide further instructions.</p>\r\n\r\n	<p>We appreciate your understanding of our policy and thank you for choosing krishna boutique. If you have any questions or concerns, please don&#39;t hesitate to reach out to us.</p>\r\n\r\n	<p>Warm regards</p>\r\n	</li>\r\n	<li>\r\n	<p>plz do not call us ,if any issuce plz contatct us on whatapps 8866030337</p>\r\n	</li>\r\n</ul>', NULL, NULL),
(5, 'refund-policy', 'Refund Policy', '<h3>Dear Valued Customers,</h3>\r\n\r\n<h3><strong>At krishna boutique we strive to provide you with products and services of the highest quality. To maintain fairness and transparency, we would like to inform you about our refund policy.</strong></h3>\r\n\r\n<h3><strong>Please note that we do not offer refunds for any purchases made through our website. Once an order has been placed and processed, it cannot be canceled or refunded after ship a parcel</strong></h3>\r\n\r\n<h3><strong>We understand that situations may arise where an exchange or replacement is necessary. In such cases, we are happy to offer our assistance in resolving any issues with your order. Please refer to our Exchange or Replacement Policy for further details on how to proceed.</strong></h3>\r\n\r\n<h3><strong>We appreciate your understanding and cooperation regarding our no refund policy. If you have any questions or concerns, please do not hesitate to contact our customer support team for assistance.</strong></h3>\r\n\r\n<h3><strong>Thank you for choosing krishna boutique&nbsp; We value your business and look forward to serving you again in the future.</strong></h3>\r\n\r\n<h3>Warm regards,</h3>', NULL, NULL),
(6, 'about-us', 'About Us', '<h1>Welcome to Book My Studio</h1>\r\n\r\n<p>Architonic-ArchDaily&#39;s vision is to empower everyone who makes architecture happen to create a better quality of life!</p>\r\n\r\n<p>Two Platforms - One Global Architecture &amp; Design Community. We welcome you to our international, open-minded, and warm-hearted team: working together on shaping the international architectural landscape</p>\r\n\r\n<p>We invite you to review our hashtag #humansofarchdaily and&nbsp;<a href=\"https://www.instagram.com/dailytonics\" target=\"ad_instagram\">@dailytonics</a>&nbsp;on Instagram so you can learn a little more about our workplace (how we work and we have fun!)</p>', NULL, '2024-03-02 15:24:06'),
(7, 'delete-policy', 'Delete Policy', '<h1>Delete Policy</h1>\r\n\r\n<ul>\r\n	<li>\r\n	<p><strong>Log into your account</strong>: Access the control panel or admin interface for the service managing the domain or policy.</p>\r\n	</li>\r\n	<li>\r\n	<p><strong>Navigate to the Policies Section</strong>: Look for a section related to policies, settings, or management related to the domain <code>rbstudio.info</code>.</p>\r\n	</li>\r\n	<li>\r\n	<p><strong>Find the Policy</strong>: Locate the specific policy you want to delete. This might be under a list of existing policies or rules.</p>\r\n	</li>\r\n	<li>\r\n	<p><strong>Delete the Policy</strong>: Select the policy and choose the option to delete or remove it. You might need to confirm your choice.</p>\r\n	</li>\r\n	<li>\r\n	<p><strong>Review and Confirm</strong>: Ensure the policy has been removed as intended. Sometimes, you might receive a confirmation email or notification.</p>\r\n	</li>\r\n</ul>', NULL, '2024-07-19 13:23:13'),
(8, 'contact-policy', 'Contact', '<p>Welcome to the RB Studio contact page! We are thrilled to connect with you and assist with your studio booking and instrument rental needs. Our team is dedicated to providing exceptional service for musicians, podcasters, and creatives seeking a professional space to bring their projects to life.</p>\r\n\r\n<p>At RB Studio, we offer flexible booking options for one hour or more, along with a wide range of high-quality instruments available for rent. Whether you&#39;re preparing for a recording session, rehearsal, or special event, our facilities are designed to meet your requirements.</p>\r\n\r\n<p>For any questions or to discuss your specific needs, please reach out to us. We&rsquo;re here to help with bookings, pricing, or any other details you might need.</p>\r\n\r\n<p>Feel free to contact us directly via email:</p>\r\n\r\n<p><strong>Email:</strong> <strong>admin@rbstudios.info</strong></p>\r\n\r\n<p>Our team is committed to responding promptly to all inquiries, typically within 24 hours. We value your feedback and are eager to ensure your experience with RB Studio is nothing short of exceptional.</p>\r\n\r\n<p>Stay updated with our latest news and promotions by following us on social media. We regularly share exciting updates, exclusive offers, and insights into our services.</p>\r\n\r\n<p>Thank you for considering RB Studio as your go-to destination for creative projects. We are excited to support your artistic endeavors and help you achieve your goals. Your satisfaction is our top priority, and we look forward to welcoming you to our studio. Let&rsquo;s make something amazing together!</p>', NULL, '2024-07-22 05:44:54');

-- --------------------------------------------------------

--
-- Table structure for table `promo_codes`
--

CREATE TABLE `promo_codes` (
  `id` int(11) NOT NULL,
  `promo_code` varchar(20) DEFAULT NULL,
  `studio_id` int(11) DEFAULT NULL,
  `code_for` varchar(20) DEFAULT NULL,
  `user_id` int(11) DEFAULT NULL,
  `user_count` double DEFAULT NULL,
  `start_at` datetime DEFAULT NULL,
  `end_at` datetime DEFAULT NULL,
  `discount` double DEFAULT NULL,
  `discount_type` varchar(20) DEFAULT NULL,
  `created_at` datetime DEFAULT NULL,
  `created_by` int(11) DEFAULT NULL,
  `deleted_at` datetime DEFAULT NULL,
  `updated_at` timestamp NULL DEFAULT NULL
) ENGINE=InnoDB DEFAULT CHARSET=latin1 COLLATE=latin1_swedish_ci;

--
-- Dumping data for table `promo_codes`
--

INSERT INTO `promo_codes` (`id`, `promo_code`, `studio_id`, `code_for`, `user_id`, `user_count`, `start_at`, `end_at`, `discount`, `discount_type`, `created_at`, `created_by`, `deleted_at`, `updated_at`) VALUES
(1, 'PROM001', NULL, NULL, NULL, NULL, '2024-07-03 00:00:00', '2024-07-30 00:00:00', NULL, NULL, NULL, NULL, '2024-07-03 10:07:16', '2024-07-03 10:07:16'),
(2, 'PROMO', NULL, NULL, NULL, NULL, '2024-07-03 00:00:00', '2024-07-30 00:00:00', 2, 'Percent', NULL, NULL, '2024-09-02 08:05:00', '2024-09-02 08:05:00'),
(3, 'HOLI1', NULL, NULL, NULL, NULL, '2024-07-04 00:00:00', '2024-07-05 00:00:00', 2, 'Percent', NULL, NULL, '2024-09-02 08:04:52', '2024-09-02 08:04:52'),
(4, 'WELCOME10', NULL, NULL, NULL, NULL, '2024-09-02 00:00:00', '2024-09-30 00:00:00', 10, 'Percent', NULL, NULL, '2024-09-12 14:33:14', '2024-09-12 14:33:14'),
(5, 'RBN100', NULL, NULL, 314, 1, '2024-09-07 00:00:00', '2024-09-30 00:00:00', 2, 'Percent', NULL, NULL, '2024-09-12 14:33:14', '2024-09-12 14:33:14'),
(6, 'RBN200', 2, NULL, 314, 1, '2024-09-07 00:00:00', '2024-09-29 00:00:00', 100, 'Fixed', NULL, NULL, '2024-09-12 14:33:13', '2024-09-12 14:33:13'),
(7, 'WELCOMX10', 5, NULL, NULL, 1, '2024-09-07 00:00:00', '2024-09-30 00:00:00', 10, 'Percent', NULL, 2, '2024-09-12 14:33:13', '2024-09-12 14:33:13'),
(8, 'DIS10', 2, NULL, NULL, 1, '2024-09-09 00:00:00', '2024-10-31 00:00:00', 10, 'Percent', NULL, 1, '2024-09-12 14:33:13', '2024-09-12 14:33:13'),
(9, 'RAJ10', 3, NULL, 314, 1, '2024-09-10 00:00:00', '2024-09-15 00:00:00', 10, 'Percent', NULL, 1, '2024-09-12 14:33:12', '2024-09-12 14:33:12'),
(10, 'DIS10', 3, NULL, NULL, 1, '2024-09-10 00:00:00', '2024-09-30 00:00:00', 10, 'Percent', NULL, 1, '2024-09-12 14:33:11', '2024-09-12 14:33:11'),
(11, 'RBSTD10', 2, NULL, NULL, 1, '2024-09-10 00:00:00', '2024-09-30 00:00:00', 10, 'Percent', NULL, 0, '2024-09-12 14:33:11', '2024-09-12 14:33:11'),
(12, 'RBSTD10', 3, NULL, NULL, 1, '2024-09-10 00:00:00', '2024-09-30 00:00:00', 10, 'Percent', NULL, 0, '2024-09-12 14:33:11', '2024-09-12 14:33:11'),
(13, 'RBSTD10', 4, NULL, NULL, 1, '2024-09-10 00:00:00', '2024-09-30 00:00:00', 10, 'Percent', NULL, 0, '2024-09-12 14:33:11', '2024-09-12 14:33:11'),
(14, 'RBSTD10', 5, NULL, NULL, 1, '2024-09-10 00:00:00', '2024-09-30 00:00:00', 10, 'Percent', NULL, 0, '2024-09-12 14:33:10', '2024-09-12 14:33:10'),
(15, 'Welcome10', 2, NULL, NULL, 100000000, '2024-10-01 00:00:00', '2025-10-01 00:00:00', 10, 'Percent', NULL, 0, NULL, NULL),
(16, 'Welcome10', 3, NULL, NULL, 100000000, '2024-10-01 00:00:00', '2025-10-01 00:00:00', 10, 'Percent', NULL, 0, NULL, NULL),
(17, 'Welcome10', 4, NULL, NULL, 100000000, '2024-10-01 00:00:00', '2025-10-01 00:00:00', 10, 'Percent', NULL, 0, NULL, NULL),
(18, 'Welcome10', 5, NULL, NULL, 100000000, '2024-10-01 00:00:00', '2025-10-01 00:00:00', 10, 'Percent', NULL, 0, NULL, NULL),
(19, 'HERO20', 2, NULL, NULL, 1, '2024-09-17 00:00:00', '2024-09-30 00:00:00', 3, 'Percent', NULL, 0, NULL, NULL),
(20, 'HERO20', 3, NULL, NULL, 1, '2024-09-17 00:00:00', '2024-09-30 00:00:00', 3, 'Percent', NULL, 0, NULL, NULL),
(21, 'HERO20', 4, NULL, NULL, 1, '2024-09-17 00:00:00', '2024-09-30 00:00:00', 3, 'Percent', NULL, 0, NULL, NULL),
(22, 'HERO20', 5, NULL, NULL, 1, '2024-09-17 00:00:00', '2024-09-30 00:00:00', 3, 'Percent', NULL, 0, NULL, NULL);

-- --------------------------------------------------------

--
-- Table structure for table `queries`
--

CREATE TABLE `queries` (
  `id` int(11) NOT NULL,
  `user_id` int(11) DEFAULT NULL,
  `subject` varchar(255) DEFAULT NULL,
  `message` text DEFAULT NULL,
  `image` varchar(255) DEFAULT NULL,
  `is_resolved` enum('0','1') NOT NULL DEFAULT '0',
  `created_at` datetime DEFAULT NULL,
  `updated_at` timestamp NULL DEFAULT NULL
) ENGINE=InnoDB DEFAULT CHARSET=latin1 COLLATE=latin1_swedish_ci;

--
-- Dumping data for table `queries`
--

INSERT INTO `queries` (`id`, `user_id`, `subject`, `message`, `image`, `is_resolved`, `created_at`, `updated_at`) VALUES
(1, 37, 'product', 'ok', NULL, '0', NULL, NULL),
(2, 37, 'xyz', 'ok', '240311094023playstore.png', '0', NULL, NULL),
(3, 37, 'xyz', 'ok', '240311111601playstore.png', '0', NULL, NULL),
(4, 37, 'xyz', 'ok', '240311051150playstore.png', '0', '2024-03-11 17:11:50', NULL),
(5, 14, 'gug', 'directed', NULL, '0', '2024-03-11 17:12:24', NULL),
(6, 14, 'kishan', 'hyy', NULL, '0', '2024-03-11 17:17:29', NULL),
(7, 14, 'guiter', 'guiter is not good', NULL, '0', '2024-03-11 17:29:59', NULL),
(8, 14, 'product issue', 'not good', NULL, '0', '2024-03-12 15:22:32', NULL),
(9, 39, 'product issue', 'not good', NULL, '0', '2024-03-12 15:28:11', NULL),
(10, 39, 'product issue', 'not good', NULL, '0', '2024-03-12 15:28:17', NULL),
(11, 40, 'gufufug', 'chch', NULL, '0', '2024-03-12 15:39:25', NULL),
(12, 40, 'gigiggi', 'chcii', NULL, '0', '2024-03-12 15:44:42', NULL),
(13, 40, 'fcjcjjv', 'cjccjvj', NULL, '0', '2024-03-12 15:46:17', NULL),
(14, 40, 'jcjcui', 'hcchjc', NULL, '0', '2024-03-12 15:48:04', NULL),
(15, 37, 'xyz', 'ok', '240312034950playstore.png', '0', '2024-03-12 15:49:50', NULL),
(16, 40, 'okk', 'ji', NULL, '0', '2024-03-12 15:51:06', NULL),
(17, 40, 'okk', 'ji', NULL, '0', '2024-03-12 15:51:12', NULL),
(18, 40, 'okk', 'ji', NULL, '0', '2024-03-12 15:51:16', NULL),
(19, 40, 'r7t7f7', 'ccjvjj', NULL, '0', '2024-03-12 15:52:15', NULL),
(20, 40, 'fgiigi', 'cjccj', NULL, '0', '2024-03-12 15:52:40', NULL),
(21, 40, 'yu', 'th', NULL, '0', '2024-03-12 15:53:26', NULL),
(22, 40, 'idk', 'idm', NULL, '0', '2024-03-12 15:57:42', NULL),
(23, 38, 'product issue', 'not good', NULL, '0', '2024-03-12 16:36:24', NULL),
(24, 38, 'product issue', 'not good', NULL, '0', '2024-03-12 16:36:29', NULL),
(25, 14, 'product issue', 'not good', NULL, '0', '2024-03-12 16:46:00', NULL),
(26, 47, 'gufigi', 'cuccufu', NULL, '0', '2024-03-12 17:42:46', NULL),
(27, 47, 'chjvjv', 'hcvijb', NULL, '0', '2024-03-12 17:44:31', NULL),
(28, 47, 'chjvjv', 'hcvijb', NULL, '0', '2024-03-12 17:44:41', NULL),
(29, 50, 'vhuh', 'gyhb', NULL, '0', '2024-03-12 18:51:10', NULL),
(30, 51, 'to yg', 'gyh', NULL, '0', '2024-03-12 18:52:27', NULL),
(31, 51, 'to ygghhb', 'gyhhhh', NULL, '0', '2024-03-12 18:53:03', NULL),
(32, 52, 'product issue', 'not good', NULL, '0', '2024-03-12 18:55:06', NULL),
(33, 53, 'test', 'test', NULL, '0', '2024-03-13 10:57:38', NULL),
(34, 55, 'huhbb', 'fuhbb', NULL, '0', '2024-03-13 13:30:21', NULL),
(35, 55, 'cuccucu', 'fucu', NULL, '0', '2024-03-13 13:38:01', NULL),
(36, 55, 'fucuc', 'c u u. j. j', NULL, '0', '2024-03-13 13:39:04', NULL),
(37, 55, 'hvvjvjvj', 'uchccjjc', NULL, '0', '2024-03-13 14:22:43', NULL),
(38, 55, 'hvvjvjvj', 'uchccjjc', NULL, '0', '2024-03-13 14:24:58', NULL),
(39, 55, 'fufuf', 'chccjjc', NULL, '0', '2024-03-13 14:26:48', NULL),
(40, 55, 'chchhc', 'ydfujvbjjb', NULL, '0', '2024-03-13 14:31:31', NULL),
(41, 55, 'chchhc', 'ydfujvbjjb', NULL, '0', '2024-03-13 14:33:09', NULL),
(42, 37, 'xyz', 'ok', '240313023414playstore.png', '0', '2024-03-13 14:34:14', NULL),
(43, 37, 'busy', 'then', '240313023434playstore.png', '0', '2024-03-13 14:34:34', NULL),
(44, 55, 'xgchhc', 'uxcjcjj', NULL, '0', '2024-03-13 14:38:31', NULL),
(45, 37, 'busy', 'then', '240313023903playstore.png', '0', '2024-03-13 14:39:03', NULL),
(46, 55, 'xgchhc', 'uxcjcjj', NULL, '0', '2024-03-13 14:39:07', NULL),
(47, 56, 'fxhvbk k', 'xyuvobnk', NULL, '0', '2024-03-13 14:52:00', NULL),
(48, 56, 'fxhvbk k', 'xyuvobnk', NULL, '0', '2024-03-13 14:53:17', NULL),
(49, 57, 'yfyf', 'ucvu', NULL, '0', '2024-03-13 14:55:02', NULL),
(50, 57, 'dcuuviv', 'ydugvibk', NULL, '0', '2024-03-13 14:56:02', NULL),
(51, 57, 'cygibokb', 'xgcuobbobk k', NULL, '0', '2024-03-13 14:57:43', NULL),
(52, 57, 'sonal', 'ok', NULL, '0', '2024-03-13 14:59:29', NULL),
(53, 57, 'pulkes', 'g', NULL, '0', '2024-03-13 15:00:35', NULL),
(54, 57, 'kishan', 'Gupta', NULL, '0', '2024-03-13 15:05:18', NULL),
(55, 57, 'Anurag', 'pandye', NULL, '0', '2024-03-13 15:06:28', NULL),
(56, 57, 'Anurag', 'pandye', NULL, '0', '2024-03-13 15:06:47', NULL),
(57, 57, 'jccjvivk', 'xgchvkkb', NULL, '0', '2024-03-13 15:08:58', NULL),
(58, 57, 'rr', 'tr', NULL, '0', '2024-03-13 15:10:33', NULL),
(59, 57, 'aa', 'dd', NULL, '0', '2024-03-13 15:12:27', NULL),
(60, 57, 'fhjjj', 'xggjj', NULL, '0', '2024-03-13 15:32:03', NULL),
(61, 57, 'ugvu', 'ugvu', NULL, '0', '2024-03-14 10:56:17', NULL),
(62, 62, 'dgdg', 'vegessvsc', NULL, '0', '2024-04-04 16:06:39', NULL),
(63, 62, 'dgdg', 'vegessvsc', NULL, '0', '2024-04-04 16:07:56', NULL),
(64, 62, 'dgdg', 'vegessvsc', NULL, '0', '2024-04-04 16:08:11', NULL),
(65, 37, 'busy', 'then', NULL, '0', '2024-04-19 11:29:01', NULL),
(66, 32, 'good', 'studio service is good', NULL, '0', '2024-06-24 18:54:57', NULL),
(67, 14, 'nice studio', 'am happy', NULL, '0', '2024-06-26 11:23:33', NULL),
(68, 14, 'studio', 'studio a', NULL, '0', '2024-06-26 11:26:08', NULL),
(69, 14, 'beautiful', 'nice', NULL, '0', '2024-06-26 11:26:57', NULL),
(70, 342, 'AC was not working', 'AC did not work the whole session', NULL, '0', '2024-11-09 08:48:40', NULL),
(71, 324, 'test', 'test', NULL, '0', '2025-01-09 17:14:49', NULL);

-- --------------------------------------------------------

--
-- Table structure for table `rents`
--

CREATE TABLE `rents` (
  `id` bigint(20) UNSIGNED NOT NULL,
  `name` varchar(255) NOT NULL,
  `icon` varchar(255) DEFAULT NULL,
  `description` longtext DEFAULT NULL,
  `created_at` timestamp NULL DEFAULT NULL,
  `updated_at` timestamp NULL DEFAULT NULL
) ENGINE=InnoDB DEFAULT CHARSET=utf8mb4 COLLATE=utf8mb4_unicode_ci;

--
-- Dumping data for table `rents`
--

INSERT INTO `rents` (`id`, `name`, `icon`, `description`, `created_at`, `updated_at`) VALUES
(1, 'Camera', 'public/uploads/20240920-1055282194DSLR Camera.png', '<h2><strong>Sony DSLR A6500 4K Camera</strong></h2>', '2024-02-17 07:45:58', '2024-09-20 10:55:28'),
(2, 'Acoustic Guitar', 'public/uploads/20240920-1050203606Acoustic Guitar.png', '<p>J &amp; D Maple Wood 6 String Acoustic Guitar</p>', '2024-02-19 00:08:35', '2024-09-20 10:50:44'),
(3, 'Yamaha Modex 6 Synth', 'public/uploads/20240920-1053173838Synth Keyboard.png', '<h2><strong>Yamaha MODX6 Synthesizer</strong></h2>\r\n\r\n<p>About this item</p>\r\n\r\n<ul>\r\n	<li>\r\n	<p>61 Keys, AWM2 &amp; FM-X Sound Engines</p>\r\n	</li>\r\n	<li>\r\n	<p>Touchscreen, Multi-Parameter Super Knob</p>\r\n	</li>\r\n	<li>\r\n	<p>Live Sets, Assignable Controls</p>\r\n	</li>\r\n	<li>\r\n	<p>Motion Control Synthesis &amp; Sequences</p>\r\n	</li>\r\n	<li>\r\n	<p>Direct Control Assignment assigns controls at the touch of a button</p>\r\n	</li>\r\n</ul>', '2024-02-19 00:10:53', '2024-09-20 10:53:17'),
(4, 'Bass Guitar', 'public/uploads/20240920-1053384433Bass Guitar.png', '<h2><strong>Ibanez 4 String Bass Guitar</strong></h2>', '2024-02-19 00:14:47', '2024-09-20 10:53:38'),
(8, 'Yamaha e373 (61 Keys)', 'public/uploads/20240920-1043303863keyboard.png', NULL, '2024-09-20 10:19:37', '2024-09-20 10:43:30'),
(9, 'Electric Guitar', 'public/uploads/20240920-1030148126electric-guitar.png', '<p>Fender Squire Bullet Strat 6 String Electric Guitar</p>', '2024-09-20 10:30:14', NULL),
(10, 'Midi Keyboard', 'public/uploads/20240920-1047474912midi.png', NULL, '2024-09-20 10:47:47', NULL),
(11, 'Classical Guitar', 'public/uploads/20240920-1049247625Classical Guitar.png', '<p>Takamine Nylon 6-String Classical Guiatr</p>', '2024-09-20 10:49:24', NULL);

-- --------------------------------------------------------

--
-- Table structure for table `roles`
--

CREATE TABLE `roles` (
  `id` bigint(20) UNSIGNED NOT NULL,
  `vendor_id` int(11) DEFAULT NULL,
  `name` varchar(255) NOT NULL,
  `post` varchar(100) DEFAULT NULL,
  `guard_name` varchar(255) NOT NULL,
  `created_at` timestamp NULL DEFAULT NULL,
  `updated_at` timestamp NULL DEFAULT NULL
) ENGINE=InnoDB DEFAULT CHARSET=utf8mb4 COLLATE=utf8mb4_unicode_ci;

--
-- Dumping data for table `roles`
--

INSERT INTO `roles` (`id`, `vendor_id`, `name`, `post`, `guard_name`, `created_at`, `updated_at`) VALUES
(1, 0, 'Admin', 'Admin', 'web', '2024-02-17 04:21:29', '2024-10-15 14:48:54'),
(2, 0, 'Super', 'Super', 'web', '2024-02-17 04:24:38', '2024-09-07 11:46:07'),
(6, 0, 'Vendor', 'Vendor', 'web', '2024-09-07 11:51:19', '2024-09-07 11:51:42'),
(7, 1, 'Booking Manager', 'Booking Manager', 'web', '2024-09-07 12:08:12', '2024-09-07 12:08:19'),
(8, 2, 'Khar Booking Manager', 'Khar Booking Manager', 'web', '2024-09-07 12:55:35', '2024-09-07 12:55:41'),
(9, 0, 'Manager', 'Manager', 'web', '2024-10-15 14:49:13', '2024-10-19 13:23:11');

-- --------------------------------------------------------

--
-- Table structure for table `role_has_permissions`
--

CREATE TABLE `role_has_permissions` (
  `permission_id` bigint(20) UNSIGNED NOT NULL,
  `role_id` bigint(20) UNSIGNED NOT NULL
) ENGINE=InnoDB DEFAULT CHARSET=utf8mb4 COLLATE=utf8mb4_unicode_ci;

--
-- Dumping data for table `role_has_permissions`
--

INSERT INTO `role_has_permissions` (`permission_id`, `role_id`) VALUES
(1, 1),
(1, 2),
(1, 6),
(2, 1),
(2, 2),
(2, 6),
(3, 1),
(3, 2),
(3, 6),
(4, 1),
(4, 2),
(4, 6),
(5, 1),
(5, 2),
(5, 6),
(6, 1),
(6, 2),
(6, 9),
(7, 1),
(7, 2),
(8, 1),
(8, 2),
(9, 1),
(9, 2),
(9, 6),
(10, 1),
(10, 2),
(11, 1),
(11, 2),
(12, 1),
(12, 2),
(13, 1),
(13, 2),
(14, 1),
(14, 2),
(15, 1),
(15, 2),
(16, 1),
(16, 2),
(16, 9),
(17, 1),
(17, 2),
(18, 1),
(18, 2),
(18, 9),
(19, 1),
(19, 2),
(20, 1),
(20, 2),
(21, 1),
(21, 2),
(21, 6),
(22, 1),
(22, 2),
(22, 6),
(23, 1),
(23, 2),
(23, 6),
(24, 1),
(24, 2),
(25, 1),
(25, 2),
(26, 1),
(26, 2),
(27, 1),
(27, 2),
(27, 6),
(28, 1),
(28, 2),
(28, 6),
(29, 1),
(29, 2),
(29, 6),
(30, 1),
(30, 2),
(30, 6),
(30, 7),
(30, 8),
(31, 1),
(31, 2),
(31, 6),
(31, 7),
(31, 8),
(31, 9),
(32, 1),
(32, 2),
(32, 6),
(32, 7),
(32, 8),
(33, 1),
(33, 2),
(33, 6),
(34, 1),
(34, 2),
(34, 6),
(35, 1),
(35, 2),
(35, 6),
(36, 1),
(36, 2),
(36, 6),
(36, 8),
(37, 1),
(37, 2),
(37, 6),
(38, 1),
(38, 2),
(38, 6),
(39, 1),
(39, 2),
(40, 1),
(40, 2),
(41, 1),
(41, 2),
(42, 1),
(42, 2),
(43, 1),
(43, 2),
(43, 6),
(44, 1),
(44, 2),
(45, 1),
(45, 2),
(45, 6),
(46, 1),
(46, 2),
(46, 6),
(46, 7),
(46, 8),
(47, 1),
(47, 2),
(47, 6),
(48, 1),
(48, 2),
(48, 6),
(48, 8);

-- --------------------------------------------------------

--
-- Table structure for table `services`
--

CREATE TABLE `services` (
  `id` bigint(20) UNSIGNED NOT NULL,
  `name` varchar(255) NOT NULL,
  `description` text DEFAULT NULL,
  `icon` varchar(255) DEFAULT NULL,
  `image` varchar(255) DEFAULT NULL,
  `approval_required` enum('0','1') NOT NULL DEFAULT '0',
  `color` varchar(10) DEFAULT NULL,
  `created_at` timestamp NULL DEFAULT NULL,
  `updated_at` timestamp NULL DEFAULT NULL
) ENGINE=InnoDB DEFAULT CHARSET=utf8mb4 COLLATE=utf8mb4_unicode_ci;

--
-- Dumping data for table `services`
--

INSERT INTO `services` (`id`, `name`, `description`, `icon`, `image`, `approval_required`, `color`, `created_at`, `updated_at`) VALUES
(2, 'Rehearsal', '<p>Elevate your musical rehearsal at R and B Studios, where creativity meets space. Our fully equipped rehearsal spaces are designed to accommodate bands, independant artists, and music composers of all genres. Enjoy high-quality sound systems, versatile instrument setups, and a comfortable environment tailored for productive sessions. Book your time and take your music to the next level with us!</p>', 'public/uploads/20240816-0828454970metronome_7279941.png', NULL, '0', NULL, '2024-02-17 06:56:19', '2024-08-16 08:28:45'),
(3, 'DIY Audio/Video', '<p>Unleash your creativity with our DIY Audio/Video service. Equipped with user-friendly audio recording gear, aesthetically and acoustically treated walls, our space is perfect for podcasters, musicians, and content creators looking to produce high-quality audio/video on their own terms. Enjoy a flexible and supportive environment to bring your audio/video projects to life. Book now and start creating with ease!</p>', 'public/uploads/20240816-0831008504video-camera_4450598.png', NULL, '0', NULL, '2024-02-17 07:01:51', '2024-08-16 08:31:00'),
(4, 'Recording', '<p>Experience professional sound at R and B Studios, where top-notch equipment meets creative excellence. Our state-of-the-art recording studios offers high-quality microphones, versatile preamps and boards, and acoustically treated rooms to ensure pristine audio capture. Ideal for musicians, voiceovers and music producers, our space provides everything you need to achieve exceptional sound.&nbsp;Book your session today and capture your best sound!</p>', 'public/uploads/20241214-0445575918IMG_0561.png', NULL, '0', NULL, '2024-02-20 03:42:34', '2024-12-14 16:45:57'),
(6, 'Podcast', '<p>Capture your vision with R and B Studios, where cutting-edge technology meets creative freedom. Our acoustically treated, soundproof studio offers state-of-the-art lighting options, aesthetic backdrops, and high-definition camera equipments to bring your projects to life. Whether you&rsquo;re shooting music videos, podcast and interviews, or creative content, our professional space is designed to help you achieve your best work. Book your session and let&rsquo;s create something exceptional!</p>', 'public/uploads/20241214-0441512188IMG_0560.png', NULL, '0', NULL, '2024-08-14 08:10:32', '2024-12-14 16:41:51'),
(7, 'Open Mic/Workshops', NULL, 'public/uploads/20241214-0432305768IMG_0559.png', NULL, '0', NULL, '2024-12-14 16:32:30', NULL);

-- --------------------------------------------------------

--
-- Table structure for table `service_studios`
--

CREATE TABLE `service_studios` (
  `id` bigint(20) UNSIGNED NOT NULL,
  `service_id` int(10) UNSIGNED NOT NULL,
  `studio_id` int(10) UNSIGNED NOT NULL,
  `charge` double DEFAULT NULL,
  `is_permissable` enum('0','1') NOT NULL DEFAULT '0',
  `created_at` timestamp NULL DEFAULT NULL,
  `updated_at` timestamp NULL DEFAULT NULL
) ENGINE=InnoDB DEFAULT CHARSET=utf8mb4 COLLATE=utf8mb4_unicode_ci;

--
-- Dumping data for table `service_studios`
--

INSERT INTO `service_studios` (`id`, `service_id`, `studio_id`, `charge`, `is_permissable`, `created_at`, `updated_at`) VALUES
(4, 2, 2, 1, '0', '2024-08-14 08:35:23', '2024-08-14 08:35:23'),
(12, 3, 2, 1, '0', '2024-08-14 08:35:33', '2024-08-14 08:35:33'),
(13, 4, 2, 1, '0', '2024-08-14 08:35:38', '2024-08-14 08:35:38'),
(14, 2, 3, 1, '0', '2024-08-14 09:15:10', '2024-08-14 09:15:10'),
(15, 3, 3, 1, '0', '2024-08-14 09:15:13', '2024-08-14 09:15:13'),
(16, 4, 3, 1, '1', '2024-08-14 09:15:15', '2024-08-14 09:15:15'),
(17, 5, 3, 2000, '1', '2024-05-16 14:50:48', NULL),
(18, 2, 4, 1, '0', '2024-08-14 09:15:39', '2024-08-14 09:15:39'),
(19, 3, 4, 1, '0', '2024-08-14 09:15:43', '2024-08-14 09:15:43'),
(20, 4, 4, 1, '1', '2024-08-14 09:15:46', '2024-08-14 09:15:46'),
(21, 5, 4, 2000, '1', '2024-05-16 14:59:49', NULL),
(22, 2, 5, 2000, '0', NULL, NULL),
(23, 3, 5, 2500, '0', NULL, NULL),
(24, 4, 5, 3000, '1', NULL, NULL),
(25, 6, 4, 1, '1', '2024-08-14 09:15:49', '2024-08-14 09:15:49'),
(26, 6, 5, 6000, '1', '2024-12-14 16:37:52', '2024-12-14 16:37:52'),
(27, 7, 5, 3000, '1', '2024-12-14 16:37:55', '2024-12-14 16:37:55');

-- --------------------------------------------------------

--
-- Table structure for table `slots`
--

CREATE TABLE `slots` (
  `id` bigint(20) UNSIGNED NOT NULL,
  `start_at` time NOT NULL,
  `end_at` time NOT NULL,
  `show_to` enum('user','admin','both') NOT NULL DEFAULT 'both',
  `created_at` timestamp NULL DEFAULT NULL,
  `updated_at` timestamp NULL DEFAULT NULL
) ENGINE=InnoDB DEFAULT CHARSET=utf8mb4 COLLATE=utf8mb4_unicode_ci;

--
-- Dumping data for table `slots`
--

INSERT INTO `slots` (`id`, `start_at`, `end_at`, `show_to`, `created_at`, `updated_at`) VALUES
(1, '00:00:00', '01:00:00', 'both', NULL, NULL),
(2, '01:00:00', '02:00:00', 'both', NULL, NULL),
(3, '02:00:00', '03:00:00', 'both', NULL, NULL),
(5, '03:00:00', '04:00:00', 'both', NULL, NULL),
(6, '04:00:00', '05:00:00', 'both', NULL, NULL),
(7, '05:00:00', '06:00:00', 'both', NULL, NULL),
(8, '06:00:00', '07:00:00', 'both', NULL, NULL),
(9, '07:00:00', '08:00:00', 'both', NULL, NULL),
(10, '08:00:00', '09:00:00', 'both', NULL, NULL),
(11, '09:00:00', '10:00:00', 'both', NULL, NULL),
(12, '10:00:00', '11:00:00', 'both', NULL, NULL),
(13, '11:00:00', '12:00:00', 'both', NULL, NULL),
(14, '12:00:00', '13:00:00', 'both', NULL, NULL),
(15, '13:00:00', '14:00:00', 'both', NULL, NULL),
(16, '14:00:00', '15:00:00', 'both', NULL, NULL),
(17, '15:00:00', '16:00:00', 'both', NULL, NULL),
(18, '16:00:00', '17:00:00', 'both', NULL, NULL),
(19, '17:00:00', '18:00:00', 'both', NULL, NULL),
(20, '18:00:00', '19:00:00', 'both', NULL, NULL),
(21, '19:00:00', '20:00:00', 'both', NULL, NULL),
(22, '20:00:00', '21:00:00', 'both', NULL, NULL),
(23, '21:00:00', '22:00:00', 'both', NULL, NULL),
(24, '22:00:00', '23:00:00', 'both', NULL, NULL),
(25, '23:00:00', '24:00:00', 'both', NULL, NULL);

-- --------------------------------------------------------

--
-- Table structure for table `states`
--

CREATE TABLE `states` (
  `id` bigint(20) UNSIGNED NOT NULL,
  `country_id` int(11) DEFAULT NULL,
  `state` varchar(255) NOT NULL,
  `created_at` timestamp NULL DEFAULT NULL,
  `updated_at` timestamp NULL DEFAULT NULL
) ENGINE=InnoDB DEFAULT CHARSET=utf8mb4 COLLATE=utf8mb4_unicode_ci;

--
-- Dumping data for table `states`
--

INSERT INTO `states` (`id`, `country_id`, `state`, `created_at`, `updated_at`) VALUES
(1, 19, 'Andhra Pradesh', '2023-08-16 12:56:48', '2023-08-16 12:56:48'),
(2, 19, 'Andaman and Nicobar Islands', '2023-08-16 12:56:48', '2023-08-16 12:56:48'),
(3, 19, 'Arunachal Pradesh', '2023-08-16 12:56:48', '2023-08-16 12:56:48'),
(4, 19, 'Assam', '2023-08-16 12:56:48', '2023-08-16 12:56:48'),
(5, 19, 'Bihar', '2023-08-16 12:56:48', '2023-08-16 12:56:48'),
(6, 19, 'Chandigarh', '2023-08-16 12:56:48', '2023-08-16 12:56:48'),
(7, 19, 'Chhattisgarh', '2023-08-16 12:56:48', '2023-08-16 12:56:48'),
(8, 19, 'Dadar and Nagar Haveli', '2023-08-16 12:56:48', '2023-08-16 12:56:48'),
(9, 19, 'Daman and Diu', '2023-08-16 12:56:48', '2023-08-16 12:56:48'),
(10, 19, 'Delhi', '2023-08-16 12:56:48', '2023-08-16 12:56:48'),
(11, 19, 'Goa', '2023-08-16 12:56:48', '2023-08-16 12:56:48'),
(12, 19, 'Gujarat', '2023-08-16 12:56:48', '2023-08-16 12:56:48'),
(13, 19, 'Haryana', '2023-08-16 12:56:48', '2023-08-16 12:56:48'),
(14, 19, 'Himachal Pradesh', '2023-08-16 12:56:48', '2023-08-16 12:56:48'),
(15, 19, 'Jammu and Kashmir', '2023-08-16 12:56:48', '2023-08-16 12:56:48'),
(16, 19, 'Jharkhand', '2023-08-16 12:56:48', '2023-08-16 12:56:48'),
(17, 19, 'Karnataka', '2023-08-16 12:56:48', '2023-08-16 12:56:48'),
(18, 19, 'Kerala', '2023-08-16 12:56:48', '2023-08-16 12:56:48'),
(19, 19, 'Ladakh', '2023-08-16 12:56:48', '2023-08-16 12:56:48'),
(20, 19, 'Lakshadweep', '2023-08-16 12:56:48', '2023-08-16 12:56:48'),
(21, 19, 'Madhya Pradesh', '2023-08-16 12:56:48', '2023-08-16 12:56:48'),
(22, 19, 'Maharashtra', '2023-08-16 12:56:48', '2023-08-16 12:56:48'),
(23, 19, 'Manipur', '2023-08-16 12:56:48', '2023-08-16 12:56:48'),
(24, 19, 'Meghalaya', '2023-08-16 12:56:48', '2023-08-16 12:56:48'),
(25, 19, 'Mizoram', '2023-08-16 12:56:48', '2023-08-16 12:56:48'),
(26, 19, 'Nagaland', '2023-08-16 12:56:48', '2023-08-16 12:56:48'),
(27, 19, 'Odisha', '2023-08-16 12:56:48', '2023-08-16 12:56:48'),
(28, 19, 'Puducherry', '2023-08-16 12:56:48', '2023-08-16 12:56:48'),
(29, 19, 'Punjab', '2023-08-16 12:56:48', '2023-08-16 12:56:48'),
(30, 19, 'Rajasthan', '2023-08-16 12:56:48', '2023-08-16 12:56:48'),
(31, 19, 'Sikkim', '2023-08-16 12:56:48', '2023-08-16 12:56:48'),
(32, 19, 'Tamil Nadu', '2023-08-16 12:56:48', '2023-08-16 12:56:48'),
(33, 19, 'Telangana', '2023-08-16 12:56:48', '2023-08-16 12:56:48'),
(34, 19, 'Tripura', '2023-08-16 12:56:48', '2023-08-16 12:56:48'),
(35, 19, 'Uttar Pradesh', '2023-08-16 12:56:48', '2023-08-16 12:56:48'),
(36, 19, 'Uttarakhand', '2023-08-16 12:56:48', '2023-08-16 12:56:48'),
(37, 19, 'West Bengal', '2023-08-16 12:56:48', '2023-08-16 12:56:48'),
(38, 34, 'Badakhshan', '2023-12-12 21:48:00', NULL),
(39, 34, 'Badghis', '2023-12-12 21:48:00', NULL),
(40, 34, 'Baghlan', '2023-12-12 21:48:00', NULL),
(41, 34, 'Balkh', '2023-12-12 21:48:00', NULL),
(42, 34, 'Bamyan', '2023-12-12 21:48:00', NULL),
(43, 34, 'Daykundi', '2023-12-12 21:48:00', NULL),
(44, 34, 'Farah', '2023-12-12 21:48:00', NULL),
(45, 34, 'Faryab', '2023-12-12 21:48:00', NULL),
(46, 34, 'Ghazni', '2023-12-12 21:48:00', NULL),
(47, 34, 'Ghr', '2023-12-12 21:48:00', NULL),
(48, 34, 'Helmand', '2023-12-12 21:48:00', NULL),
(49, 34, 'Herat', '2023-12-12 21:48:00', NULL),
(50, 34, 'Jowzjan', '2023-12-12 21:48:00', NULL),
(51, 34, 'Kabul', '2023-12-12 21:48:00', NULL),
(52, 34, 'Kandahar', '2023-12-12 21:48:00', NULL),
(53, 34, 'Kapisa', '2023-12-12 21:48:00', NULL),
(54, 34, 'Khost', '2023-12-12 21:48:00', NULL),
(55, 34, 'Kunar', '2023-12-12 21:48:00', NULL),
(56, 34, 'Kunduz Province', '2023-12-12 21:48:00', NULL),
(57, 34, 'Laghman', '2023-12-12 21:48:00', NULL),
(58, 34, 'Logar', '2023-12-12 21:48:00', NULL),
(59, 34, 'Nangarhar', '2023-12-12 21:48:00', NULL),
(60, 34, 'Nimruz', '2023-12-12 21:48:00', NULL),
(61, 34, 'Nuristan', '2023-12-12 21:48:00', NULL),
(62, 34, 'Paktia', '2023-12-12 21:48:00', NULL),
(63, 34, 'Paktika', '2023-12-12 21:48:00', NULL),
(64, 34, 'Panjshir', '2023-12-12 21:48:00', NULL),
(65, 34, 'Parwan', '2023-12-12 21:48:00', NULL),
(66, 34, 'Samangan', '2023-12-12 21:48:00', NULL),
(67, 34, 'Sar-e Pol', '2023-12-12 21:48:00', NULL),
(68, 34, 'Takhar', '2023-12-12 21:48:00', NULL),
(69, 34, 'Urozgan', '2023-12-12 21:48:00', NULL),
(70, 34, 'Zabul', '2023-12-12 21:48:00', NULL),
(71, 35, 'Berat County', '2023-12-12 21:48:00', NULL),
(72, 35, 'Berat District', '2023-12-12 21:48:00', NULL),
(73, 35, 'Bulqiz District', '2023-12-12 21:48:00', NULL),
(74, 35, 'Delvin District', '2023-12-12 21:48:00', NULL),
(75, 35, 'Devoll District', '2023-12-12 21:48:00', NULL),
(76, 35, 'Dibr County', '2023-12-12 21:48:00', NULL),
(77, 35, 'Dibr District', '2023-12-12 21:48:00', NULL),
(78, 35, 'Durrs County', '2023-12-12 21:48:00', NULL),
(79, 35, 'Durrs District', '2023-12-12 21:48:00', NULL),
(80, 35, 'Elbasan County', '2023-12-12 21:48:00', NULL),
(81, 35, 'Fier County', '2023-12-12 21:48:00', NULL),
(82, 35, 'Fier District', '2023-12-12 21:48:00', NULL),
(83, 35, 'Gjirokastr County', '2023-12-12 21:48:00', NULL),
(84, 35, 'Gjirokastr District', '2023-12-12 21:48:00', NULL),
(85, 35, 'Gramsh District', '2023-12-12 21:48:00', NULL),
(86, 35, 'Has District', '2023-12-12 21:48:00', NULL),
(87, 35, 'Kavaj District', '2023-12-12 21:48:00', NULL),
(88, 35, 'Kolonj District', '2023-12-12 21:48:00', NULL),
(89, 35, 'Kor County', '2023-12-12 21:48:00', NULL),
(90, 35, 'Kor District', '2023-12-12 21:48:00', NULL),
(91, 35, 'Kruj District', '2023-12-12 21:48:00', NULL),
(92, 35, 'Kuov District', '2023-12-12 21:48:00', NULL),
(93, 35, 'Kuks County', '2023-12-12 21:48:00', NULL),
(94, 35, 'Kuks District', '2023-12-12 21:48:00', NULL),
(95, 35, 'Kurbin District', '2023-12-12 21:48:00', NULL),
(96, 35, 'Lezh County', '2023-12-12 21:48:00', NULL),
(97, 35, 'Lezh District', '2023-12-12 21:48:00', NULL),
(98, 35, 'Librazhd District', '2023-12-12 21:48:00', NULL),
(99, 35, 'Lushnj District', '2023-12-12 21:48:00', NULL),
(100, 35, 'Malsi e Madhe District', '2023-12-12 21:48:00', NULL),
(101, 35, 'Mallakastr District', '2023-12-12 21:48:00', NULL),
(102, 35, 'Mat District', '2023-12-12 21:48:01', NULL),
(103, 35, 'Mirdit District', '2023-12-12 21:48:01', NULL),
(104, 35, 'Peqin District', '2023-12-12 21:48:01', NULL),
(105, 35, 'Prmet District', '2023-12-12 21:48:01', NULL),
(106, 35, 'Pogradec District', '2023-12-12 21:48:01', NULL),
(107, 35, 'Puk District', '2023-12-12 21:48:01', NULL),
(108, 35, 'Sarand District', '2023-12-12 21:48:01', NULL),
(109, 35, 'Shkodr County', '2023-12-12 21:48:01', NULL),
(110, 35, 'Shkodr District', '2023-12-12 21:48:01', NULL),
(111, 35, 'Skrapar District', '2023-12-12 21:48:01', NULL),
(112, 35, 'Tepelen District', '2023-12-12 21:48:01', NULL),
(113, 35, 'Tirana County', '2023-12-12 21:48:01', NULL),
(114, 35, 'Tirana District', '2023-12-12 21:48:01', NULL),
(115, 35, 'Tropoj District', '2023-12-12 21:48:01', NULL),
(116, 35, 'Vlor County', '2023-12-12 21:48:01', NULL),
(117, 35, 'Vlor District', '2023-12-12 21:48:01', NULL),
(118, 36, 'Adrar', '2023-12-12 21:48:01', NULL),
(119, 36, 'An Defla', '2023-12-12 21:48:01', NULL),
(120, 36, 'An Tmouchent', '2023-12-12 21:48:01', NULL),
(121, 36, 'Algiers', '2023-12-12 21:48:01', NULL),
(122, 36, 'Annaba', '2023-12-12 21:48:01', NULL),
(123, 36, 'Batna', '2023-12-12 21:48:01', NULL),
(124, 36, 'Bchar', '2023-12-12 21:48:01', NULL),
(125, 36, 'Bjaa', '2023-12-12 21:48:01', NULL),
(126, 36, 'Bni Abbs', '2023-12-12 21:48:01', NULL),
(127, 36, 'Biskra', '2023-12-12 21:48:01', NULL),
(128, 36, 'Blida', '2023-12-12 21:48:01', NULL),
(129, 36, 'Bordj Baji Mokhtar', '2023-12-12 21:48:01', NULL),
(130, 36, 'Bordj Bou Arrridj', '2023-12-12 21:48:01', NULL),
(131, 36, 'Boura', '2023-12-12 21:48:01', NULL),
(132, 36, 'Boumerds', '2023-12-12 21:48:01', NULL),
(133, 36, 'Chlef', '2023-12-12 21:48:01', NULL),
(134, 36, 'Constantine', '2023-12-12 21:48:01', NULL),
(135, 36, 'Djanet', '2023-12-12 21:48:01', NULL),
(136, 36, 'Djelfa', '2023-12-12 21:48:01', NULL),
(137, 36, 'El Bayadh', '2023-12-12 21:48:01', NULL),
(138, 36, 'El M\'ghair', '2023-12-12 21:48:01', NULL),
(139, 36, 'El Menia', '2023-12-12 21:48:01', NULL),
(140, 36, 'El Oued', '2023-12-12 21:48:01', NULL),
(141, 36, 'El Tarf', '2023-12-12 21:48:01', NULL),
(142, 36, 'Ghardaa', '2023-12-12 21:48:01', NULL),
(143, 36, 'Guelma', '2023-12-12 21:48:01', NULL),
(144, 36, 'Illizi', '2023-12-12 21:48:01', NULL),
(145, 36, 'In Guezzam', '2023-12-12 21:48:01', NULL),
(146, 36, 'In Salah', '2023-12-12 21:48:01', NULL),
(147, 36, 'Jijel', '2023-12-12 21:48:01', NULL),
(148, 36, 'Khenchela', '2023-12-12 21:48:01', NULL),
(149, 36, 'Laghouat', '2023-12-12 21:48:01', NULL),
(150, 36, 'M\'Sila', '2023-12-12 21:48:01', NULL),
(151, 36, 'Mascara', '2023-12-12 21:48:01', NULL),
(152, 36, 'Mda', '2023-12-12 21:48:01', NULL),
(153, 36, 'Mila', '2023-12-12 21:48:01', NULL),
(154, 36, 'Mostaganem', '2023-12-12 21:48:01', NULL),
(155, 36, 'Naama', '2023-12-12 21:48:01', NULL),
(156, 36, 'Oran', '2023-12-12 21:48:01', NULL),
(157, 36, 'Ouargla', '2023-12-12 21:48:01', NULL),
(158, 36, 'Ouled Djellal', '2023-12-12 21:48:01', NULL),
(159, 36, 'Oum El Bouaghi', '2023-12-12 21:48:01', NULL),
(160, 36, 'Relizane', '2023-12-12 21:48:01', NULL),
(161, 36, 'Sada', '2023-12-12 21:48:01', NULL),
(162, 36, 'Stif', '2023-12-12 21:48:01', NULL),
(163, 36, 'Sidi Bel Abbs', '2023-12-12 21:48:01', NULL),
(164, 36, 'Skikda', '2023-12-12 21:48:01', NULL),
(165, 36, 'Souk Ahras', '2023-12-12 21:48:01', NULL),
(166, 36, 'Tamanghasset', '2023-12-12 21:48:01', NULL),
(167, 36, 'Tbessa', '2023-12-12 21:48:01', NULL),
(168, 36, 'Tiaret', '2023-12-12 21:48:01', NULL),
(169, 36, 'Timimoun', '2023-12-12 21:48:01', NULL),
(170, 36, 'Tindouf', '2023-12-12 21:48:01', NULL),
(171, 36, 'Tipasa', '2023-12-12 21:48:01', NULL),
(172, 36, 'Tissemsilt', '2023-12-12 21:48:01', NULL),
(173, 36, 'Tizi Ouzou', '2023-12-12 21:48:01', NULL),
(174, 36, 'Tlemcen', '2023-12-12 21:48:01', NULL),
(175, 36, 'Touggourt', '2023-12-12 21:48:01', NULL),
(176, 38, 'Andorra la Vella', '2023-12-12 21:48:01', NULL),
(177, 38, 'Canillo', '2023-12-12 21:48:01', NULL),
(178, 38, 'Encamp', '2023-12-12 21:48:01', NULL),
(179, 38, 'Escaldes-Engordany', '2023-12-12 21:48:01', NULL),
(180, 38, 'La Massana', '2023-12-12 21:48:01', NULL),
(181, 38, 'Ordino', '2023-12-12 21:48:01', NULL),
(182, 38, 'Sant Juli de Lria', '2023-12-12 21:48:01', NULL),
(183, 39, 'Bengo Province', '2023-12-12 21:48:01', NULL),
(184, 39, 'Benguela Province', '2023-12-12 21:48:01', NULL),
(185, 39, 'Bi Province', '2023-12-12 21:48:01', NULL),
(186, 39, 'Cabinda Province', '2023-12-12 21:48:01', NULL),
(187, 39, 'Cuando Cubango Province', '2023-12-12 21:48:01', NULL),
(188, 39, 'Cuanza Norte Province', '2023-12-12 21:48:01', NULL),
(189, 39, 'Cuanza Sul', '2023-12-12 21:48:01', NULL),
(190, 39, 'Cunene Province', '2023-12-12 21:48:01', NULL),
(191, 39, 'Huambo Province', '2023-12-12 21:48:01', NULL),
(192, 39, 'Hula Province', '2023-12-12 21:48:01', NULL),
(193, 39, 'Luanda Province', '2023-12-12 21:48:01', NULL),
(194, 39, 'Lunda Norte Province', '2023-12-12 21:48:01', NULL),
(195, 39, 'Lunda Sul Province', '2023-12-12 21:48:01', NULL),
(196, 39, 'Malanje Province', '2023-12-12 21:48:01', NULL),
(197, 39, 'Moxico Province', '2023-12-12 21:48:01', NULL),
(198, 39, 'Uge Province', '2023-12-12 21:48:01', NULL),
(199, 39, 'Zaire Province', '2023-12-12 21:48:01', NULL),
(200, 2, 'Buenos Aires', '2023-12-12 21:48:01', NULL),
(201, 2, 'Catamarca', '2023-12-12 21:48:01', NULL),
(202, 2, 'Chaco', '2023-12-12 21:48:01', NULL),
(203, 2, 'Chubut', '2023-12-12 21:48:01', NULL),
(204, 2, 'Ciudad Autnoma de Buenos Aires', '2023-12-12 21:48:01', NULL),
(205, 2, 'Crdoba', '2023-12-12 21:48:01', NULL),
(206, 2, 'Corrientes', '2023-12-12 21:48:01', NULL),
(207, 2, 'Entre Ros', '2023-12-12 21:48:01', NULL),
(208, 2, 'Formosa', '2023-12-12 21:48:01', NULL),
(209, 2, 'Jujuy', '2023-12-12 21:48:01', NULL),
(210, 2, 'La Pampa', '2023-12-12 21:48:01', NULL),
(211, 2, 'La Rioja', '2023-12-12 21:48:01', NULL),
(212, 2, 'Mendoza', '2023-12-12 21:48:01', NULL),
(213, 2, 'Misiones', '2023-12-12 21:48:01', NULL),
(214, 2, 'Neuqun', '2023-12-12 21:48:01', NULL),
(215, 2, 'Ro Negro', '2023-12-12 21:48:01', NULL),
(216, 2, 'Salta', '2023-12-12 21:48:01', NULL),
(217, 2, 'San Juan', '2023-12-12 21:48:01', NULL),
(218, 2, 'San Luis', '2023-12-12 21:48:01', NULL),
(219, 2, 'Santa Cruz', '2023-12-12 21:48:01', NULL),
(220, 2, 'Santa Fe', '2023-12-12 21:48:01', NULL),
(221, 2, 'Santiago del Estero', '2023-12-12 21:48:01', NULL),
(222, 2, 'Tierra del Fuego', '2023-12-12 21:48:01', NULL),
(223, 2, 'Tucumn', '2023-12-12 21:48:01', NULL),
(224, 40, 'Aragatsotn Region', '2023-12-12 21:48:01', NULL),
(225, 40, 'Ararat Province', '2023-12-12 21:48:01', NULL),
(226, 40, 'Armavir Region', '2023-12-12 21:48:01', NULL),
(227, 40, 'Gegharkunik Province', '2023-12-12 21:48:01', NULL),
(228, 40, 'Kotayk Region', '2023-12-12 21:48:01', NULL),
(229, 40, 'Lori Region', '2023-12-12 21:48:01', NULL),
(230, 40, 'Shirak Region', '2023-12-12 21:48:01', NULL),
(231, 40, 'Syunik Province', '2023-12-12 21:48:01', NULL),
(232, 40, 'Tavush Region', '2023-12-12 21:48:01', NULL),
(233, 40, 'Vayots Dzor Region', '2023-12-12 21:48:01', NULL),
(234, 40, 'Yerevan', '2023-12-12 21:48:01', NULL),
(235, 3, 'Australian Capital Territory', '2023-12-12 21:48:01', NULL),
(236, 3, 'New South Wales', '2023-12-12 21:48:01', NULL),
(237, 3, 'Northern Territory', '2023-12-12 21:48:01', NULL),
(238, 3, 'Queensland', '2023-12-12 21:48:01', NULL),
(239, 3, 'South Australia', '2023-12-12 21:48:01', NULL),
(240, 3, 'Tasmania', '2023-12-12 21:48:01', NULL),
(241, 3, 'Victoria', '2023-12-12 21:48:01', NULL),
(242, 3, 'Western Australia', '2023-12-12 21:48:01', NULL),
(243, 41, 'Burgenland', '2023-12-12 21:48:01', NULL),
(244, 41, 'Carinthia', '2023-12-12 21:48:01', NULL),
(245, 41, 'Lower Austria', '2023-12-12 21:48:01', NULL),
(246, 41, 'Salzburg', '2023-12-12 21:48:01', NULL),
(247, 41, 'Styria', '2023-12-12 21:48:01', NULL),
(248, 41, 'Tyrol', '2023-12-12 21:48:01', NULL),
(249, 41, 'Upper Austria', '2023-12-12 21:48:01', NULL),
(250, 41, 'Vienna', '2023-12-12 21:48:01', NULL),
(251, 41, 'Vorarlberg', '2023-12-12 21:48:01', NULL),
(252, 42, 'Absheron District', '2023-12-12 21:48:01', NULL),
(253, 42, 'Agdam District', '2023-12-12 21:48:01', NULL),
(254, 42, 'Agdash District', '2023-12-12 21:48:01', NULL),
(255, 42, 'Aghjabadi District', '2023-12-12 21:48:01', NULL),
(256, 42, 'Agstafa District', '2023-12-12 21:48:01', NULL),
(257, 42, 'Agsu District', '2023-12-12 21:48:01', NULL),
(258, 42, 'Astara District', '2023-12-12 21:48:01', NULL),
(259, 42, 'Babek District', '2023-12-12 21:48:01', NULL),
(260, 42, 'Baku', '2023-12-12 21:48:01', NULL),
(261, 42, 'Balakan District', '2023-12-12 21:48:01', NULL),
(262, 42, 'Barda District', '2023-12-12 21:48:01', NULL),
(263, 42, 'Beylagan District', '2023-12-12 21:48:01', NULL),
(264, 42, 'Bilasuvar District', '2023-12-12 21:48:01', NULL),
(265, 42, 'Dashkasan District', '2023-12-12 21:48:01', NULL),
(266, 42, 'Fizuli District', '2023-12-12 21:48:01', NULL),
(267, 42, 'Ganja', '2023-12-12 21:48:01', NULL),
(268, 42, 'Gdby', '2023-12-12 21:48:01', NULL),
(269, 42, 'Gobustan District', '2023-12-12 21:48:01', NULL),
(270, 42, 'Goranboy District', '2023-12-12 21:48:01', NULL),
(271, 42, 'Goychay', '2023-12-12 21:48:01', NULL),
(272, 42, 'Goygol District', '2023-12-12 21:48:01', NULL),
(273, 42, 'Hajigabul District', '2023-12-12 21:48:01', NULL),
(274, 42, 'Imishli District', '2023-12-12 21:48:01', NULL),
(275, 42, 'Ismailli District', '2023-12-12 21:48:01', NULL),
(276, 42, 'Jabrayil District', '2023-12-12 21:48:01', NULL),
(277, 42, 'Jalilabad District', '2023-12-12 21:48:01', NULL),
(278, 42, 'Julfa District', '2023-12-12 21:48:01', NULL),
(279, 42, 'Kalbajar District', '2023-12-12 21:48:01', NULL),
(280, 42, 'Kangarli District', '2023-12-12 21:48:01', NULL),
(281, 42, 'Khachmaz District', '2023-12-12 21:48:01', NULL),
(282, 42, 'Khizi District', '2023-12-12 21:48:01', NULL),
(283, 42, 'Khojali District', '2023-12-12 21:48:01', NULL),
(284, 42, 'Kurdamir District', '2023-12-12 21:48:01', NULL),
(285, 42, 'Lachin District', '2023-12-12 21:48:01', NULL),
(286, 42, 'Lankaran', '2023-12-12 21:48:01', NULL),
(287, 42, 'Lankaran District', '2023-12-12 21:48:01', NULL),
(288, 42, 'Lerik District', '2023-12-12 21:48:01', NULL),
(289, 42, 'Martuni', '2023-12-12 21:48:01', NULL),
(290, 42, 'Masally District', '2023-12-12 21:48:01', NULL),
(291, 42, 'Mingachevir', '2023-12-12 21:48:01', NULL),
(292, 42, 'Nakhchivan Autonomous Republic', '2023-12-12 21:48:01', NULL),
(293, 42, 'Neftchala District', '2023-12-12 21:48:01', NULL),
(294, 42, 'Oghuz District', '2023-12-12 21:48:01', NULL),
(295, 42, 'Ordubad District', '2023-12-12 21:48:01', NULL),
(296, 42, 'Qabala District', '2023-12-12 21:48:01', NULL),
(297, 42, 'Qakh District', '2023-12-12 21:48:01', NULL),
(298, 42, 'Qazakh District', '2023-12-12 21:48:01', NULL),
(299, 42, 'Quba District', '2023-12-12 21:48:01', NULL),
(300, 42, 'Qubadli District', '2023-12-12 21:48:01', NULL),
(301, 42, 'Qusar District', '2023-12-12 21:48:01', NULL),
(302, 42, 'Saatly District', '2023-12-12 21:48:01', NULL),
(303, 42, 'Sabirabad District', '2023-12-12 21:48:01', NULL),
(304, 42, 'Sadarak District', '2023-12-12 21:48:01', NULL),
(305, 42, 'Salyan District', '2023-12-12 21:48:01', NULL),
(306, 42, 'Samukh District', '2023-12-12 21:48:01', NULL),
(307, 42, 'Shabran District', '2023-12-12 21:48:01', NULL),
(308, 42, 'Shahbuz District', '2023-12-12 21:48:01', NULL),
(309, 42, 'Shaki', '2023-12-12 21:48:01', NULL),
(310, 42, 'Shaki District', '2023-12-12 21:48:01', NULL),
(311, 42, 'Shamakhi District', '2023-12-12 21:48:01', NULL),
(312, 42, 'Shamkir District', '2023-12-12 21:48:01', NULL),
(313, 42, 'Sharur District', '2023-12-12 21:48:01', NULL),
(314, 42, 'Shirvan', '2023-12-12 21:48:01', NULL),
(315, 42, 'Shusha District', '2023-12-12 21:48:01', NULL),
(316, 42, 'Siazan District', '2023-12-12 21:48:01', NULL),
(317, 42, 'Sumqayit', '2023-12-12 21:48:01', NULL),
(318, 42, 'Tartar District', '2023-12-12 21:48:01', NULL),
(319, 42, 'Tovuz District', '2023-12-12 21:48:01', NULL),
(320, 42, 'Ujar District', '2023-12-12 21:48:01', NULL),
(321, 42, 'Yardymli District', '2023-12-12 21:48:01', NULL),
(322, 42, 'Yevlakh', '2023-12-12 21:48:01', NULL),
(323, 42, 'Yevlakh District', '2023-12-12 21:48:01', NULL),
(324, 42, 'Zangilan District', '2023-12-12 21:48:01', NULL),
(325, 42, 'Zaqatala District', '2023-12-12 21:48:01', NULL),
(326, 42, 'Zardab District', '2023-12-12 21:48:01', NULL),
(327, 43, 'Capital', '2023-12-12 21:48:01', NULL),
(328, 43, 'Central', '2023-12-12 21:48:01', NULL),
(329, 43, 'Muharraq', '2023-12-12 21:48:01', NULL),
(330, 43, 'Northern', '2023-12-12 21:48:01', NULL),
(331, 43, 'Southern', '2023-12-12 21:48:01', NULL),
(332, 44, 'Bagerhat District', '2023-12-12 21:48:01', NULL),
(333, 44, 'Bahadia', '2023-12-12 21:48:01', NULL),
(334, 44, 'Bandarban District', '2023-12-12 21:48:01', NULL),
(335, 44, 'Barguna District', '2023-12-12 21:48:01', NULL),
(336, 44, 'Barisal District', '2023-12-12 21:48:01', NULL),
(337, 44, 'Barisal Division', '2023-12-12 21:48:01', NULL),
(338, 44, 'Bhola District', '2023-12-12 21:48:01', NULL),
(339, 44, 'Bogra District', '2023-12-12 21:48:01', NULL),
(340, 44, 'Brahmanbaria District', '2023-12-12 21:48:01', NULL),
(341, 44, 'Chandpur District', '2023-12-12 21:48:01', NULL),
(342, 44, 'Chapai Nawabganj District', '2023-12-12 21:48:01', NULL),
(343, 44, 'Chittagong District', '2023-12-12 21:48:01', NULL),
(344, 44, 'Chittagong Division', '2023-12-12 21:48:01', NULL),
(345, 44, 'Chuadanga District', '2023-12-12 21:48:01', NULL),
(346, 44, 'Comilla District', '2023-12-12 21:48:01', NULL),
(347, 44, 'Cox\'s Bazar District', '2023-12-12 21:48:01', NULL),
(348, 44, 'Dhaka District', '2023-12-12 21:48:01', NULL),
(349, 44, 'Dhaka Division', '2023-12-12 21:48:01', NULL),
(350, 44, 'Dinajpur District', '2023-12-12 21:48:01', NULL),
(351, 44, 'Faridpur District', '2023-12-12 21:48:01', NULL),
(352, 44, 'Feni District', '2023-12-12 21:48:01', NULL),
(353, 44, 'Gaibandha District', '2023-12-12 21:48:01', NULL),
(354, 44, 'Gazipur District', '2023-12-12 21:48:01', NULL),
(355, 44, 'Gopalganj District', '2023-12-12 21:48:01', NULL),
(356, 44, 'Habiganj District', '2023-12-12 21:48:01', NULL),
(357, 44, 'Jamalpur District', '2023-12-12 21:48:01', NULL),
(358, 44, 'Jessore District', '2023-12-12 21:48:01', NULL),
(359, 44, 'Jhalokati District', '2023-12-12 21:48:01', NULL),
(360, 44, 'Jhenaidah District', '2023-12-12 21:48:01', NULL),
(361, 44, 'Joypurhat District', '2023-12-12 21:48:01', NULL),
(362, 44, 'Khagrachari District', '2023-12-12 21:48:01', NULL),
(363, 44, 'Khulna District', '2023-12-12 21:48:01', NULL),
(364, 44, 'Khulna Division', '2023-12-12 21:48:01', NULL),
(365, 44, 'Kishoreganj District', '2023-12-12 21:48:01', NULL),
(366, 44, 'Kurigram District', '2023-12-12 21:48:01', NULL),
(367, 44, 'Kushtia District', '2023-12-12 21:48:01', NULL),
(368, 44, 'Lakshmipur District', '2023-12-12 21:48:01', NULL),
(369, 44, 'Lalmonirhat District', '2023-12-12 21:48:01', NULL),
(370, 44, 'Madaripur District', '2023-12-12 21:48:01', NULL),
(371, 44, 'Meherpur District', '2023-12-12 21:48:01', NULL),
(372, 44, 'Moulvibazar District', '2023-12-12 21:48:01', NULL),
(373, 44, 'Munshiganj District', '2023-12-12 21:48:01', NULL),
(374, 44, 'Mymensingh District', '2023-12-12 21:48:01', NULL),
(375, 44, 'Mymensingh Division', '2023-12-12 21:48:01', NULL),
(376, 44, 'Naogaon District', '2023-12-12 21:48:01', NULL),
(377, 44, 'Narail District', '2023-12-12 21:48:01', NULL),
(378, 44, 'Narayanganj District', '2023-12-12 21:48:01', NULL),
(379, 44, 'Natore District', '2023-12-12 21:48:01', NULL),
(380, 44, 'Netrokona District', '2023-12-12 21:48:01', NULL),
(381, 44, 'Nilphamari District', '2023-12-12 21:48:01', NULL),
(382, 44, 'Noakhali District', '2023-12-12 21:48:01', NULL),
(383, 44, 'Pabna District', '2023-12-12 21:48:01', NULL),
(384, 44, 'Panchagarh District', '2023-12-12 21:48:01', NULL),
(385, 44, 'Patuakhali District', '2023-12-12 21:48:01', NULL),
(386, 44, 'Pirojpur District', '2023-12-12 21:48:01', NULL),
(387, 44, 'Rajbari District', '2023-12-12 21:48:01', NULL),
(388, 44, 'Rajshahi District', '2023-12-12 21:48:01', NULL),
(389, 44, 'Rajshahi Division', '2023-12-12 21:48:01', NULL),
(390, 44, 'Rangamati Hill District', '2023-12-12 21:48:01', NULL),
(391, 44, 'Rangpur District', '2023-12-12 21:48:01', NULL),
(392, 44, 'Rangpur Division', '2023-12-12 21:48:01', NULL),
(393, 44, 'Satkhira District', '2023-12-12 21:48:01', NULL),
(394, 44, 'Shariatpur District', '2023-12-12 21:48:01', NULL),
(395, 44, 'Sherpur District', '2023-12-12 21:48:01', NULL),
(396, 44, 'Sirajganj District', '2023-12-12 21:48:01', NULL),
(397, 44, 'Sunamganj District', '2023-12-12 21:48:01', NULL),
(398, 44, 'Sylhet District', '2023-12-12 21:48:01', NULL),
(399, 44, 'Sylhet Division', '2023-12-12 21:48:01', NULL),
(400, 44, 'Tangail District', '2023-12-12 21:48:01', NULL),
(401, 44, 'Thakurgaon District', '2023-12-12 21:48:01', NULL),
(402, 45, 'Christ Church', '2023-12-12 21:48:01', NULL),
(403, 45, 'Saint Andrew', '2023-12-12 21:48:01', NULL),
(404, 45, 'Saint George', '2023-12-12 21:48:01', NULL),
(405, 45, 'Saint James', '2023-12-12 21:48:01', NULL),
(406, 45, 'Saint John', '2023-12-12 21:48:01', NULL),
(407, 45, 'Saint Joseph', '2023-12-12 21:48:01', NULL),
(408, 45, 'Saint Lucy', '2023-12-12 21:48:01', NULL),
(409, 45, 'Saint Michael', '2023-12-12 21:48:01', NULL),
(410, 45, 'Saint Peter', '2023-12-12 21:48:01', NULL),
(411, 45, 'Saint Philip', '2023-12-12 21:48:01', NULL),
(412, 45, 'Saint Thomas', '2023-12-12 21:48:01', NULL),
(413, 46, 'Brest Region', '2023-12-12 21:48:01', NULL),
(414, 46, 'Gomel Region', '2023-12-12 21:48:01', NULL),
(415, 46, 'Grodno Region', '2023-12-12 21:48:01', NULL),
(416, 46, 'Minsk', '2023-12-12 21:48:01', NULL),
(417, 46, 'Minsk Region', '2023-12-12 21:48:01', NULL),
(418, 46, 'Mogilev Region', '2023-12-12 21:48:01', NULL),
(419, 46, 'Vitebsk Region', '2023-12-12 21:48:01', NULL),
(420, 5, 'Antwerp', '2023-12-12 21:48:01', NULL),
(421, 5, 'Brussels-Capital Region', '2023-12-12 21:48:01', NULL),
(422, 5, 'East Flanders', '2023-12-12 21:48:01', NULL),
(423, 5, 'Flanders', '2023-12-12 21:48:01', NULL),
(424, 5, 'Flemish Brabant', '2023-12-12 21:48:01', NULL),
(425, 5, 'Hainaut', '2023-12-12 21:48:01', NULL),
(426, 5, 'Lige', '2023-12-12 21:48:01', NULL),
(427, 5, 'Limburg', '2023-12-12 21:48:01', NULL),
(428, 5, 'Luxembourg', '2023-12-12 21:48:01', NULL),
(429, 5, 'Namur', '2023-12-12 21:48:01', NULL),
(430, 5, 'Wallonia', '2023-12-12 21:48:01', NULL),
(431, 5, 'Walloon Brabant', '2023-12-12 21:48:01', NULL),
(432, 5, 'West Flanders', '2023-12-12 21:48:01', NULL),
(433, 47, 'Belize District', '2023-12-12 21:48:01', NULL),
(434, 47, 'Cayo District', '2023-12-12 21:48:01', NULL),
(435, 47, 'Corozal District', '2023-12-12 21:48:01', NULL),
(436, 47, 'Orange Walk District', '2023-12-12 21:48:01', NULL),
(437, 47, 'Stann Creek District', '2023-12-12 21:48:01', NULL),
(438, 47, 'Toledo District', '2023-12-12 21:48:01', NULL),
(439, 48, 'Alibori Department', '2023-12-12 21:48:01', NULL),
(440, 48, 'Atakora Department', '2023-12-12 21:48:01', NULL),
(441, 48, 'Atlantique Department', '2023-12-12 21:48:01', NULL),
(442, 48, 'Borgou Department', '2023-12-12 21:48:01', NULL),
(443, 48, 'Collines Department', '2023-12-12 21:48:01', NULL),
(444, 48, 'Donga Department', '2023-12-12 21:48:01', NULL),
(445, 48, 'Kouffo Department', '2023-12-12 21:48:01', NULL),
(446, 48, 'Littoral Department', '2023-12-12 21:48:01', NULL),
(447, 48, 'Mono Department', '2023-12-12 21:48:01', NULL),
(448, 48, 'Oum Department', '2023-12-12 21:48:01', NULL),
(449, 48, 'Plateau Department', '2023-12-12 21:48:01', NULL),
(450, 48, 'Zou Department', '2023-12-12 21:48:01', NULL),
(451, 49, 'Devonshire', '2023-12-12 21:48:01', NULL),
(452, 49, 'Hamilton', '2023-12-12 21:48:01', NULL),
(453, 49, 'Paget', '2023-12-12 21:48:01', NULL),
(454, 49, 'Pembroke', '2023-12-12 21:48:01', NULL),
(455, 49, 'Saint George\'s', '2023-12-12 21:48:01', NULL),
(456, 49, 'Sandys', '2023-12-12 21:48:01', NULL),
(457, 49, 'Smith\'s', '2023-12-12 21:48:01', NULL),
(458, 49, 'Southampton', '2023-12-12 21:48:01', NULL),
(459, 49, 'Warwick', '2023-12-12 21:48:01', NULL),
(460, 50, 'Bumthang District', '2023-12-12 21:48:01', NULL),
(461, 50, 'Chukha District', '2023-12-12 21:48:01', NULL),
(462, 50, 'Dagana District', '2023-12-12 21:48:01', NULL),
(463, 50, 'Gasa District', '2023-12-12 21:48:01', NULL),
(464, 50, 'Haa District', '2023-12-12 21:48:01', NULL),
(465, 50, 'Lhuntse District', '2023-12-12 21:48:01', NULL),
(466, 50, 'Mongar District', '2023-12-12 21:48:01', NULL),
(467, 50, 'Paro District', '2023-12-12 21:48:01', NULL),
(468, 50, 'Pemagatshel District', '2023-12-12 21:48:01', NULL),
(469, 50, 'Punakha District', '2023-12-12 21:48:01', NULL),
(470, 50, 'Samdrup Jongkhar District', '2023-12-12 21:48:01', NULL),
(471, 50, 'Samtse District', '2023-12-12 21:48:01', NULL),
(472, 50, 'Sarpang District', '2023-12-12 21:48:01', NULL),
(473, 50, 'Thimphu District', '2023-12-12 21:48:01', NULL),
(474, 50, 'Trashigang District', '2023-12-12 21:48:01', NULL),
(475, 50, 'Trongsa District', '2023-12-12 21:48:01', NULL),
(476, 50, 'Tsirang District', '2023-12-12 21:48:01', NULL),
(477, 50, 'Wangdue Phodrang District', '2023-12-12 21:48:01', NULL),
(478, 50, 'Zhemgang District', '2023-12-12 21:48:01', NULL),
(479, 51, 'Beni Department', '2023-12-12 21:48:01', NULL),
(480, 51, 'Chuquisaca Department', '2023-12-12 21:48:01', NULL),
(481, 51, 'Cochabamba Department', '2023-12-12 21:48:01', NULL),
(482, 51, 'La Paz Department', '2023-12-12 21:48:01', NULL),
(483, 51, 'Oruro Department', '2023-12-12 21:48:01', NULL),
(484, 51, 'Pando Department', '2023-12-12 21:48:01', NULL),
(485, 51, 'Potos Department', '2023-12-12 21:48:01', NULL),
(486, 51, 'Santa Cruz Department', '2023-12-12 21:48:01', NULL),
(487, 51, 'Tarija Department', '2023-12-12 21:48:01', NULL),
(488, 52, 'Bosnian Podrinje Canton', '2023-12-12 21:48:01', NULL),
(489, 52, 'Brko District', '2023-12-12 21:48:01', NULL),
(490, 52, 'Canton 10', '2023-12-12 21:48:01', NULL),
(491, 52, 'Central Bosnia Canton', '2023-12-12 21:48:01', NULL),
(492, 52, 'Federation of Bosnia and Herzegovina', '2023-12-12 21:48:01', NULL),
(493, 52, 'Herzegovina-Neretva Canton', '2023-12-12 21:48:01', NULL),
(494, 52, 'Posavina Canton', '2023-12-12 21:48:01', NULL),
(495, 52, 'Republika Srpska', '2023-12-12 21:48:01', NULL),
(496, 52, 'Sarajevo Canton', '2023-12-12 21:48:01', NULL),
(497, 52, 'Tuzla Canton', '2023-12-12 21:48:01', NULL),
(498, 52, 'Una-Sana Canton', '2023-12-12 21:48:01', NULL),
(499, 52, 'West Herzegovina Canton', '2023-12-12 21:48:01', NULL),
(500, 52, 'Zenica-Doboj Canton', '2023-12-12 21:48:01', NULL),
(501, 53, 'Central District', '2023-12-12 21:48:01', NULL),
(502, 53, 'Ghanzi District', '2023-12-12 21:48:01', NULL),
(503, 53, 'Kgalagadi District', '2023-12-12 21:48:01', NULL),
(504, 53, 'Kgatleng District', '2023-12-12 21:48:01', NULL),
(505, 53, 'Kweneng District', '2023-12-12 21:48:01', NULL),
(506, 53, 'Ngamiland', '2023-12-12 21:48:01', NULL),
(507, 53, 'North-East District', '2023-12-12 21:48:01', NULL),
(508, 53, 'North-West District', '2023-12-12 21:48:01', NULL),
(509, 53, 'South-East District', '2023-12-12 21:48:01', NULL),
(510, 53, 'Southern District', '2023-12-12 21:48:01', NULL),
(511, 6, 'Acre', '2023-12-12 21:48:01', NULL),
(512, 6, 'Alagoas', '2023-12-12 21:48:01', NULL),
(513, 6, 'Amap', '2023-12-12 21:48:01', NULL),
(514, 6, 'Amazonas', '2023-12-12 21:48:01', NULL),
(515, 6, 'Bahia', '2023-12-12 21:48:01', NULL),
(516, 6, 'Cear', '2023-12-12 21:48:01', NULL),
(517, 6, 'Distrito Federal', '2023-12-12 21:48:01', NULL),
(518, 6, 'Esprito Santo', '2023-12-12 21:48:01', NULL),
(519, 6, 'Gois', '2023-12-12 21:48:01', NULL),
(520, 6, 'Maranho', '2023-12-12 21:48:01', NULL),
(521, 6, 'Mato Grosso', '2023-12-12 21:48:01', NULL),
(522, 6, 'Mato Grosso do Sul', '2023-12-12 21:48:01', NULL),
(523, 6, 'Minas Gerais', '2023-12-12 21:48:01', NULL),
(524, 6, 'Par', '2023-12-12 21:48:01', NULL),
(525, 6, 'Paraba', '2023-12-12 21:48:01', NULL),
(526, 6, 'Paran', '2023-12-12 21:48:01', NULL),
(527, 6, 'Pernambuco', '2023-12-12 21:48:01', NULL),
(528, 6, 'Piau', '2023-12-12 21:48:01', NULL),
(529, 6, 'Rio de Janeiro', '2023-12-12 21:48:01', NULL),
(530, 6, 'Rio Grande do Norte', '2023-12-12 21:48:01', NULL),
(531, 6, 'Rio Grande do Sul', '2023-12-12 21:48:01', NULL),
(532, 6, 'Rondnia', '2023-12-12 21:48:01', NULL),
(533, 6, 'Roraima', '2023-12-12 21:48:01', NULL),
(534, 6, 'Santa Catarina', '2023-12-12 21:48:01', NULL),
(535, 6, 'So Paulo', '2023-12-12 21:48:01', NULL),
(536, 6, 'Sergipe', '2023-12-12 21:48:01', NULL),
(537, 6, 'Tocantins', '2023-12-12 21:48:01', NULL),
(538, 54, 'Blagoevgrad Province', '2023-12-12 21:48:01', NULL),
(539, 54, 'Burgas Province', '2023-12-12 21:48:01', NULL),
(540, 54, 'Dobrich Province', '2023-12-12 21:48:01', NULL),
(541, 54, 'Gabrovo Province', '2023-12-12 21:48:01', NULL),
(542, 54, 'Haskovo Province', '2023-12-12 21:48:01', NULL),
(543, 54, 'Kardzhali Province', '2023-12-12 21:48:01', NULL),
(544, 54, 'Kyustendil Province', '2023-12-12 21:48:01', NULL),
(545, 54, 'Lovech Province', '2023-12-12 21:48:01', NULL),
(546, 54, 'Montana Province', '2023-12-12 21:48:01', NULL),
(547, 54, 'Pazardzhik Province', '2023-12-12 21:48:01', NULL),
(548, 54, 'Pernik Province', '2023-12-12 21:48:01', NULL),
(549, 54, 'Pleven Province', '2023-12-12 21:48:01', NULL),
(550, 54, 'Plovdiv Province', '2023-12-12 21:48:01', NULL),
(551, 54, 'Razgrad Province', '2023-12-12 21:48:01', NULL),
(552, 54, 'Ruse Province', '2023-12-12 21:48:01', NULL),
(553, 54, 'Shumen', '2023-12-12 21:48:01', NULL),
(554, 54, 'Silistra Province', '2023-12-12 21:48:01', NULL),
(555, 54, 'Sliven Province', '2023-12-12 21:48:01', NULL),
(556, 54, 'Smolyan Province', '2023-12-12 21:48:01', NULL),
(557, 54, 'Sofia City Province', '2023-12-12 21:48:01', NULL),
(558, 54, 'Sofia Province', '2023-12-12 21:48:01', NULL),
(559, 54, 'Stara Zagora Province', '2023-12-12 21:48:01', NULL),
(560, 54, 'Targovishte Province', '2023-12-12 21:48:01', NULL),
(561, 54, 'Varna Province', '2023-12-12 21:48:01', NULL),
(562, 54, 'Veliko Tarnovo Province', '2023-12-12 21:48:02', NULL),
(563, 54, 'Vidin Province', '2023-12-12 21:48:02', NULL),
(564, 54, 'Vratsa Province', '2023-12-12 21:48:02', NULL),
(565, 54, 'Yambol Province', '2023-12-12 21:48:02', NULL),
(566, 56, 'Bubanza Province', '2023-12-12 21:48:02', NULL),
(567, 56, 'Bujumbura Mairie Province', '2023-12-12 21:48:02', NULL),
(568, 56, 'Bujumbura Rural Province', '2023-12-12 21:48:02', NULL),
(569, 56, 'Bururi Province', '2023-12-12 21:48:02', NULL),
(570, 56, 'Cankuzo Province', '2023-12-12 21:48:02', NULL),
(571, 56, 'Cibitoke Province', '2023-12-12 21:48:02', NULL),
(572, 56, 'Gitega Province', '2023-12-12 21:48:02', NULL),
(573, 56, 'Karuzi Province', '2023-12-12 21:48:02', NULL),
(574, 56, 'Kayanza Province', '2023-12-12 21:48:02', NULL),
(575, 56, 'Kirundo Province', '2023-12-12 21:48:02', NULL),
(576, 56, 'Makamba Province', '2023-12-12 21:48:02', NULL),
(577, 56, 'Muramvya Province', '2023-12-12 21:48:02', NULL),
(578, 56, 'Muyinga Province', '2023-12-12 21:48:02', NULL),
(579, 56, 'Mwaro Province', '2023-12-12 21:48:02', NULL),
(580, 56, 'Ngozi Province', '2023-12-12 21:48:02', NULL),
(581, 56, 'Rumonge Province', '2023-12-12 21:48:02', NULL),
(582, 56, 'Rutana Province', '2023-12-12 21:48:02', NULL),
(583, 56, 'Ruyigi Province', '2023-12-12 21:48:02', NULL),
(584, 57, 'Banteay Meanchey', '2023-12-12 21:48:02', NULL),
(585, 57, 'Battambang', '2023-12-12 21:48:02', NULL),
(586, 57, 'Kampong Cham', '2023-12-12 21:48:02', NULL),
(587, 57, 'Kampong Chhnang', '2023-12-12 21:48:02', NULL),
(588, 57, 'Kampong Speu', '2023-12-12 21:48:02', NULL),
(589, 57, 'Kampong Thom', '2023-12-12 21:48:02', NULL),
(590, 57, 'Kampot', '2023-12-12 21:48:02', NULL),
(591, 57, 'Kandal', '2023-12-12 21:48:02', NULL),
(592, 57, 'Kep', '2023-12-12 21:48:02', NULL),
(593, 57, 'Koh Kong', '2023-12-12 21:48:02', NULL),
(594, 57, 'Kratie', '2023-12-12 21:48:02', NULL),
(595, 57, 'Mondulkiri', '2023-12-12 21:48:02', NULL),
(596, 57, 'Oddar Meanchey', '2023-12-12 21:48:02', NULL),
(597, 57, 'Pailin', '2023-12-12 21:48:02', NULL),
(598, 57, 'Phnom Penh', '2023-12-12 21:48:02', NULL),
(599, 57, 'Preah Vihear', '2023-12-12 21:48:02', NULL),
(600, 57, 'Prey Veng', '2023-12-12 21:48:02', NULL),
(601, 57, 'Pursat', '2023-12-12 21:48:02', NULL),
(602, 57, 'Ratanakiri', '2023-12-12 21:48:02', NULL),
(603, 57, 'Siem Reap', '2023-12-12 21:48:02', NULL),
(604, 57, 'Sihanoukville', '2023-12-12 21:48:02', NULL),
(605, 57, 'Stung Treng', '2023-12-12 21:48:02', NULL),
(606, 57, 'Svay Rieng', '2023-12-12 21:48:02', NULL),
(607, 57, 'Takeo', '2023-12-12 21:48:02', NULL),
(608, 58, 'Adamawa', '2023-12-12 21:48:02', NULL),
(609, 58, 'Centre', '2023-12-12 21:48:02', NULL),
(610, 58, 'East', '2023-12-12 21:48:02', NULL),
(611, 58, 'Far North', '2023-12-12 21:48:02', NULL),
(612, 58, 'Littoral', '2023-12-12 21:48:02', NULL),
(613, 58, 'North', '2023-12-12 21:48:02', NULL),
(614, 58, 'Northwest', '2023-12-12 21:48:02', NULL),
(615, 58, 'South', '2023-12-12 21:48:02', NULL),
(616, 58, 'Southwest', '2023-12-12 21:48:02', NULL),
(617, 58, 'West', '2023-12-12 21:48:02', NULL),
(618, 7, 'Alberta', '2023-12-12 21:48:02', NULL),
(619, 7, 'British Columbia', '2023-12-12 21:48:02', NULL),
(620, 7, 'Manitoba', '2023-12-12 21:48:02', NULL),
(621, 7, 'New Brunswick', '2023-12-12 21:48:02', NULL),
(622, 7, 'Newfoundland and Labrador', '2023-12-12 21:48:02', NULL),
(623, 7, 'Northwest Territories', '2023-12-12 21:48:02', NULL),
(624, 7, 'Nova Scotia', '2023-12-12 21:48:02', NULL),
(625, 7, 'Nunavut', '2023-12-12 21:48:02', NULL),
(626, 7, 'Ontario', '2023-12-12 21:48:02', NULL),
(627, 7, 'Prince Edward Island', '2023-12-12 21:48:02', NULL),
(628, 7, 'Quebec', '2023-12-12 21:48:02', NULL),
(629, 7, 'Saskatchewan', '2023-12-12 21:48:02', NULL),
(630, 7, 'Yukon', '2023-12-12 21:48:02', NULL),
(631, 60, 'Bahr el Gazel', '2023-12-12 21:48:02', NULL),
(632, 60, 'Batha', '2023-12-12 21:48:02', NULL),
(633, 60, 'Borkou', '2023-12-12 21:48:02', NULL),
(634, 60, 'Chari-Baguirmi', '2023-12-12 21:48:02', NULL),
(635, 60, 'Ennedi-Est', '2023-12-12 21:48:02', NULL),
(636, 60, 'Ennedi-Ouest', '2023-12-12 21:48:02', NULL),
(637, 60, 'Gura', '2023-12-12 21:48:02', NULL),
(638, 60, 'Hadjer-Lamis', '2023-12-12 21:48:02', NULL),
(639, 60, 'Kanem', '2023-12-12 21:48:02', NULL),
(640, 60, 'Lac', '2023-12-12 21:48:02', NULL),
(641, 60, 'Logone Occidental', '2023-12-12 21:48:02', NULL),
(642, 60, 'Logone Oriental', '2023-12-12 21:48:02', NULL),
(643, 60, 'Mandoul', '2023-12-12 21:48:02', NULL),
(644, 60, 'Mayo-Kebbi Est', '2023-12-12 21:48:02', NULL),
(645, 60, 'Mayo-Kebbi Ouest', '2023-12-12 21:48:02', NULL),
(646, 60, 'Moyen-Chari', '2023-12-12 21:48:02', NULL),
(647, 60, 'N\'Djamena', '2023-12-12 21:48:02', NULL),
(648, 60, 'Ouadda', '2023-12-12 21:48:02', NULL),
(649, 60, 'Salamat', '2023-12-12 21:48:02', NULL),
(650, 60, 'Sila', '2023-12-12 21:48:02', NULL),
(651, 60, 'Tandjil', '2023-12-12 21:48:02', NULL),
(652, 60, 'Tibesti', '2023-12-12 21:48:02', NULL),
(653, 60, 'Wadi Fira', '2023-12-12 21:48:02', NULL),
(654, 61, 'Aisn del General Carlos Ibaez del Campo', '2023-12-12 21:48:02', NULL),
(655, 61, 'Antofagasta', '2023-12-12 21:48:02', NULL),
(656, 61, 'Arica y Parinacota', '2023-12-12 21:48:02', NULL),
(657, 61, 'Atacama', '2023-12-12 21:48:02', NULL),
(658, 61, 'Biobo', '2023-12-12 21:48:02', NULL),
(659, 61, 'Coquimbo', '2023-12-12 21:48:02', NULL),
(660, 61, 'La Araucana', '2023-12-12 21:48:02', NULL),
(661, 61, 'Libertador General Bernardo O\'Higgins', '2023-12-12 21:48:02', NULL),
(662, 61, 'Los Lagos', '2023-12-12 21:48:02', NULL),
(663, 61, 'Los Ros', '2023-12-12 21:48:02', NULL),
(664, 61, 'Magallanes y de la Antrtica Chilena', '2023-12-12 21:48:02', NULL),
(665, 61, 'Maule', '2023-12-12 21:48:02', NULL),
(666, 61, 'uble', '2023-12-12 21:48:02', NULL),
(667, 61, 'Regin Metropolitana de Santiago', '2023-12-12 21:48:02', NULL),
(668, 61, 'Tarapac', '2023-12-12 21:48:02', NULL),
(669, 61, 'Valparaso', '2023-12-12 21:48:02', NULL),
(670, 8, 'Anhui', '2023-12-12 21:48:02', NULL),
(671, 8, 'Beijing', '2023-12-12 21:48:02', NULL),
(672, 8, 'Chongqing', '2023-12-12 21:48:02', NULL),
(673, 8, 'Fujian', '2023-12-12 21:48:02', NULL),
(674, 8, 'Gansu', '2023-12-12 21:48:02', NULL),
(675, 8, 'Guangdong', '2023-12-12 21:48:02', NULL),
(676, 8, 'Guangxi Zhuang', '2023-12-12 21:48:02', NULL),
(677, 8, 'Guizhou', '2023-12-12 21:48:02', NULL),
(678, 8, 'Hainan', '2023-12-12 21:48:02', NULL),
(679, 8, 'Hebei', '2023-12-12 21:48:02', NULL),
(680, 8, 'Heilongjiang', '2023-12-12 21:48:02', NULL),
(681, 8, 'Henan', '2023-12-12 21:48:02', NULL),
(682, 8, 'Hong Kong SAR', '2023-12-12 21:48:02', NULL),
(683, 8, 'Hubei', '2023-12-12 21:48:02', NULL),
(684, 8, 'Hunan', '2023-12-12 21:48:02', NULL),
(685, 8, 'Inner Mongolia', '2023-12-12 21:48:02', NULL),
(686, 8, 'Jiangsu', '2023-12-12 21:48:02', NULL),
(687, 8, 'Jiangxi', '2023-12-12 21:48:02', NULL),
(688, 8, 'Jilin', '2023-12-12 21:48:02', NULL),
(689, 8, 'Liaoning', '2023-12-12 21:48:02', NULL),
(690, 8, 'Macau SAR', '2023-12-12 21:48:02', NULL),
(691, 8, 'Ningxia Huizu', '2023-12-12 21:48:02', NULL),
(692, 8, 'Qinghai', '2023-12-12 21:48:02', NULL),
(693, 8, 'Shaanxi', '2023-12-12 21:48:02', NULL),
(694, 8, 'Shandong', '2023-12-12 21:48:02', NULL),
(695, 8, 'Shanghai', '2023-12-12 21:48:02', NULL),
(696, 8, 'Shanxi', '2023-12-12 21:48:02', NULL),
(697, 8, 'Sichuan', '2023-12-12 21:48:02', NULL),
(698, 8, 'Taiwan', '2023-12-12 21:48:02', NULL),
(699, 8, 'Tianjin', '2023-12-12 21:48:02', NULL),
(700, 8, 'Xinjiang', '2023-12-12 21:48:02', NULL),
(701, 8, 'Xizang', '2023-12-12 21:48:02', NULL),
(702, 8, 'Yunnan', '2023-12-12 21:48:02', NULL),
(703, 8, 'Zhejiang', '2023-12-12 21:48:02', NULL),
(704, 9, 'Amazonas', '2023-12-12 21:48:02', NULL),
(705, 9, 'Antioquia', '2023-12-12 21:48:02', NULL),
(706, 9, 'Arauca', '2023-12-12 21:48:02', NULL),
(707, 9, 'Archipilago de San Andrs, Providencia y Santa Catalina', '2023-12-12 21:48:02', NULL),
(708, 9, 'Atlntico', '2023-12-12 21:48:02', NULL),
(709, 9, 'Bogot D.C.', '2023-12-12 21:48:02', NULL),
(710, 9, 'Bolvar', '2023-12-12 21:48:02', NULL),
(711, 9, 'Boyac', '2023-12-12 21:48:02', NULL),
(712, 9, 'Caldas', '2023-12-12 21:48:02', NULL),
(713, 9, 'Caquet', '2023-12-12 21:48:02', NULL),
(714, 9, 'Casanare', '2023-12-12 21:48:02', NULL),
(715, 9, 'Cauca', '2023-12-12 21:48:02', NULL),
(716, 9, 'Cesar', '2023-12-12 21:48:02', NULL),
(717, 9, 'Choc', '2023-12-12 21:48:02', NULL),
(718, 9, 'Crdoba', '2023-12-12 21:48:02', NULL),
(719, 9, 'Cundinamarca', '2023-12-12 21:48:02', NULL),
(720, 9, 'Guaina', '2023-12-12 21:48:02', NULL),
(721, 9, 'Guaviare', '2023-12-12 21:48:02', NULL),
(722, 9, 'Huila', '2023-12-12 21:48:02', NULL),
(723, 9, 'La Guajira', '2023-12-12 21:48:02', NULL),
(724, 9, 'Magdalena', '2023-12-12 21:48:02', NULL),
(725, 9, 'Meta', '2023-12-12 21:48:02', NULL),
(726, 9, 'Nario', '2023-12-12 21:48:02', NULL),
(727, 9, 'Norte de Santander', '2023-12-12 21:48:02', NULL),
(728, 9, 'Putumayo', '2023-12-12 21:48:02', NULL),
(729, 9, 'Quindo', '2023-12-12 21:48:02', NULL),
(730, 9, 'Risaralda', '2023-12-12 21:48:02', NULL),
(731, 9, 'Santander', '2023-12-12 21:48:02', NULL),
(732, 9, 'Sucre', '2023-12-12 21:48:02', NULL),
(733, 9, 'Tolima', '2023-12-12 21:48:02', NULL),
(734, 9, 'Valle del Cauca', '2023-12-12 21:48:02', NULL),
(735, 9, 'Vaups', '2023-12-12 21:48:02', NULL),
(736, 9, 'Vichada', '2023-12-12 21:48:02', NULL),
(737, 62, 'Bouenza Department', '2023-12-12 21:48:02', NULL),
(738, 62, 'Brazzaville', '2023-12-12 21:48:02', NULL),
(739, 62, 'Cuvette Department', '2023-12-12 21:48:02', NULL),
(740, 62, 'Cuvette-Ouest Department', '2023-12-12 21:48:02', NULL),
(741, 62, 'Kouilou Department', '2023-12-12 21:48:02', NULL),
(742, 62, 'Lkoumou Department', '2023-12-12 21:48:02', NULL),
(743, 62, 'Likouala Department', '2023-12-12 21:48:02', NULL),
(744, 62, 'Niari Department', '2023-12-12 21:48:02', NULL),
(745, 62, 'Plateaux Department', '2023-12-12 21:48:02', NULL),
(746, 62, 'Pointe-Noire', '2023-12-12 21:48:02', NULL),
(747, 62, 'Pool Department', '2023-12-12 21:48:02', NULL),
(748, 62, 'Sangha Department', '2023-12-12 21:48:02', NULL),
(749, 63, 'Alajuela Province', '2023-12-12 21:48:02', NULL),
(750, 63, 'Guanacaste Province', '2023-12-12 21:48:02', NULL),
(751, 63, 'Heredia Province', '2023-12-12 21:48:02', NULL),
(752, 63, 'Limn Province', '2023-12-12 21:48:02', NULL),
(753, 63, 'Provincia de Cartago', '2023-12-12 21:48:02', NULL),
(754, 63, 'Puntarenas Province', '2023-12-12 21:48:02', NULL),
(755, 63, 'San Jos Province', '2023-12-12 21:48:02', NULL),
(756, 64, 'Bjelovar-Bilogora', '2023-12-12 21:48:02', NULL),
(757, 64, 'Brod-Posavina', '2023-12-12 21:48:02', NULL),
(758, 64, 'Dubrovnik-Neretva', '2023-12-12 21:48:02', NULL),
(759, 64, 'Istria', '2023-12-12 21:48:02', NULL),
(760, 64, 'Karlovac', '2023-12-12 21:48:02', NULL),
(761, 64, 'Koprivnica-Krievci', '2023-12-12 21:48:02', NULL),
(762, 64, 'Krapina-Zagorje', '2023-12-12 21:48:02', NULL),
(763, 64, 'Lika-Senj', '2023-12-12 21:48:02', NULL),
(764, 64, 'Meimurje', '2023-12-12 21:48:02', NULL),
(765, 64, 'Osijek-Baranja', '2023-12-12 21:48:02', NULL),
(766, 64, 'Poega-Slavonia', '2023-12-12 21:48:02', NULL),
(767, 64, 'Primorje-Gorski Kotar', '2023-12-12 21:48:02', NULL),
(768, 64, 'ibenik-Knin', '2023-12-12 21:48:02', NULL),
(769, 64, 'Sisak-Moslavina', '2023-12-12 21:48:02', NULL),
(770, 64, 'Split-Dalmatia', '2023-12-12 21:48:02', NULL),
(771, 64, 'Varadin', '2023-12-12 21:48:02', NULL),
(772, 64, 'Virovitica-Podravina', '2023-12-12 21:48:02', NULL),
(773, 64, 'Vukovar-Syrmia', '2023-12-12 21:48:02', NULL),
(774, 64, 'Zadar', '2023-12-12 21:48:02', NULL),
(775, 64, 'Zagreb', '2023-12-12 21:48:02', NULL),
(776, 64, 'Zagreb', '2023-12-12 21:48:02', NULL),
(777, 10, 'Artemisa Province', '2023-12-12 21:48:02', NULL),
(778, 10, 'Camagey Province', '2023-12-12 21:48:02', NULL),
(779, 10, 'Ciego de vila Province', '2023-12-12 21:48:02', NULL),
(780, 10, 'Cienfuegos Province', '2023-12-12 21:48:02', NULL),
(781, 10, 'Granma Province', '2023-12-12 21:48:02', NULL),
(782, 10, 'Guantnamo Province', '2023-12-12 21:48:02', NULL),
(783, 10, 'Havana Province', '2023-12-12 21:48:02', NULL),
(784, 10, 'Holgun Province', '2023-12-12 21:48:02', NULL),
(785, 10, 'Isla de la Juventud', '2023-12-12 21:48:02', NULL),
(786, 10, 'Las Tunas Province', '2023-12-12 21:48:02', NULL),
(787, 10, 'Matanzas Province', '2023-12-12 21:48:02', NULL),
(788, 10, 'Mayabeque Province', '2023-12-12 21:48:02', NULL),
(789, 10, 'Pinar del Ro Province', '2023-12-12 21:48:02', NULL),
(790, 10, 'Sancti Spritus Province', '2023-12-12 21:48:02', NULL),
(791, 10, 'Santiago de Cuba Province', '2023-12-12 21:48:02', NULL),
(792, 10, 'Villa Clara Province', '2023-12-12 21:48:02', NULL),
(793, 65, 'Famagusta District (Mausa)', '2023-12-12 21:48:02', NULL),
(794, 65, 'Kyrenia District (Keryneia)', '2023-12-12 21:48:02', NULL),
(795, 65, 'Larnaca District (Larnaka)', '2023-12-12 21:48:02', NULL),
(796, 65, 'Limassol District (Leymasun)', '2023-12-12 21:48:02', NULL),
(797, 65, 'Nicosia District (Lefkoa)', '2023-12-12 21:48:02', NULL),
(798, 65, 'Paphos District (Pafos)', '2023-12-12 21:48:02', NULL),
(799, 66, 'Beneov', '2023-12-12 21:48:02', NULL),
(800, 66, 'Beroun', '2023-12-12 21:48:02', NULL),
(801, 66, 'Blansko', '2023-12-12 21:48:02', NULL),
(802, 66, 'Beclav', '2023-12-12 21:48:02', NULL),
(803, 66, 'Brno-msto', '2023-12-12 21:48:02', NULL),
(804, 66, 'Brno-venkov', '2023-12-12 21:48:02', NULL),
(805, 66, 'Bruntl', '2023-12-12 21:48:02', NULL),
(806, 66, 'esk Lpa', '2023-12-12 21:48:02', NULL),
(807, 66, 'esk Budjovice', '2023-12-12 21:48:02', NULL),
(808, 66, 'esk Krumlov', '2023-12-12 21:48:02', NULL),
(809, 66, 'Cheb', '2023-12-12 21:48:02', NULL),
(810, 66, 'Chomutov', '2023-12-12 21:48:02', NULL),
(811, 66, 'Chrudim', '2023-12-12 21:48:02', NULL),
(812, 66, 'Dn', '2023-12-12 21:48:02', NULL),
(813, 66, 'Domalice', '2023-12-12 21:48:02', NULL),
(814, 66, 'Frdek-Mstek', '2023-12-12 21:48:02', NULL),
(815, 66, 'Havlkv Brod', '2023-12-12 21:48:02', NULL),
(816, 66, 'Hodonn', '2023-12-12 21:48:02', NULL),
(817, 66, 'Hradec Krlov', '2023-12-12 21:48:02', NULL),
(818, 66, 'Jablonec nad Nisou', '2023-12-12 21:48:02', NULL),
(819, 66, 'Jesenk', '2023-12-12 21:48:03', NULL),
(820, 66, 'Jin', '2023-12-12 21:48:03', NULL),
(821, 66, 'Jihlava', '2023-12-12 21:48:03', NULL),
(822, 66, 'Jihoesk kraj', '2023-12-12 21:48:03', NULL),
(823, 66, 'Jihomoravsk kraj', '2023-12-12 21:48:03', NULL),
(824, 66, 'Jindichv Hradec', '2023-12-12 21:48:03', NULL),
(825, 66, 'Karlovarsk kraj', '2023-12-12 21:48:03', NULL),
(826, 66, 'Karlovy Vary', '2023-12-12 21:48:03', NULL),
(827, 66, 'Karvin', '2023-12-12 21:48:03', NULL),
(828, 66, 'Kladno', '2023-12-12 21:48:03', NULL),
(829, 66, 'Klatovy', '2023-12-12 21:48:03', NULL),
(830, 66, 'Koln', '2023-12-12 21:48:03', NULL),
(831, 66, 'Kraj Vysoina', '2023-12-12 21:48:03', NULL),
(832, 66, 'Krlovhradeck kraj', '2023-12-12 21:48:03', NULL),
(833, 66, 'Krom', '2023-12-12 21:48:03', NULL),
(834, 66, 'Kutn Hora', '2023-12-12 21:48:03', NULL),
(835, 66, 'Liberec', '2023-12-12 21:48:03', NULL),
(836, 66, 'Libereck kraj', '2023-12-12 21:48:03', NULL),
(837, 66, 'Litomice', '2023-12-12 21:48:03', NULL),
(838, 66, 'Louny', '2023-12-12 21:48:03', NULL),
(839, 66, 'Mlnk', '2023-12-12 21:48:03', NULL),
(840, 66, 'Mlad Boleslav', '2023-12-12 21:48:03', NULL),
(841, 66, 'Moravskoslezsk kraj', '2023-12-12 21:48:03', NULL),
(842, 66, 'Most', '2023-12-12 21:48:03', NULL),
(843, 66, 'Nchod', '2023-12-12 21:48:03', NULL),
(844, 66, 'Nov Jin', '2023-12-12 21:48:03', NULL),
(845, 66, 'Nymburk', '2023-12-12 21:48:03', NULL),
(846, 66, 'Olomouc', '2023-12-12 21:48:03', NULL),
(847, 66, 'Olomouck kraj', '2023-12-12 21:48:03', NULL),
(848, 66, 'Opava', '2023-12-12 21:48:03', NULL),
(849, 66, 'Ostrava-msto', '2023-12-12 21:48:03', NULL),
(850, 66, 'Pardubice', '2023-12-12 21:48:03', NULL),
(851, 66, 'Pardubick kraj', '2023-12-12 21:48:03', NULL),
(852, 66, 'Pelhimov', '2023-12-12 21:48:03', NULL),
(853, 66, 'Psek', '2023-12-12 21:48:03', NULL),
(854, 66, 'Plze-jih', '2023-12-12 21:48:03', NULL),
(855, 66, 'Plze-msto', '2023-12-12 21:48:03', NULL),
(856, 66, 'Plze-sever', '2023-12-12 21:48:03', NULL),
(857, 66, 'Plzesk kraj', '2023-12-12 21:48:03', NULL),
(858, 66, 'Prachatice', '2023-12-12 21:48:03', NULL),
(859, 66, 'Praha-vchod', '2023-12-12 21:48:03', NULL),
(860, 66, 'Praha-zpad', '2023-12-12 21:48:03', NULL),
(861, 66, 'Praha, Hlavn msto', '2023-12-12 21:48:03', NULL),
(862, 66, 'Perov', '2023-12-12 21:48:03', NULL),
(863, 66, 'Pbram', '2023-12-12 21:48:03', NULL),
(864, 66, 'Prostjov', '2023-12-12 21:48:03', NULL),
(865, 66, 'Rakovnk', '2023-12-12 21:48:03', NULL),
(866, 66, 'Rokycany', '2023-12-12 21:48:03', NULL),
(867, 66, 'Rychnov nad Knnou', '2023-12-12 21:48:03', NULL),
(868, 66, 'Semily', '2023-12-12 21:48:03', NULL),
(869, 66, 'Sokolov', '2023-12-12 21:48:03', NULL),
(870, 66, 'Strakonice', '2023-12-12 21:48:03', NULL),
(871, 66, 'Stedoesk kraj', '2023-12-12 21:48:03', NULL),
(872, 66, 'umperk', '2023-12-12 21:48:03', NULL),
(873, 66, 'Svitavy', '2023-12-12 21:48:03', NULL),
(874, 66, 'Tbor', '2023-12-12 21:48:03', NULL),
(875, 66, 'Tachov', '2023-12-12 21:48:03', NULL),
(876, 66, 'Teplice', '2023-12-12 21:48:03', NULL),
(877, 66, 'Teb', '2023-12-12 21:48:03', NULL),
(878, 66, 'Trutnov', '2023-12-12 21:48:03', NULL),
(879, 66, 'Uhersk Hradit', '2023-12-12 21:48:03', NULL),
(880, 66, 'steck kraj', '2023-12-12 21:48:03', NULL),
(881, 66, 'st nad Labem', '2023-12-12 21:48:03', NULL),
(882, 66, 'st nad Orlic', '2023-12-12 21:48:03', NULL),
(883, 66, 'Vsetn', '2023-12-12 21:48:03', NULL),
(884, 66, 'Vykov', '2023-12-12 21:48:03', NULL),
(885, 66, 'r nad Szavou', '2023-12-12 21:48:03', NULL),
(886, 66, 'Zln', '2023-12-12 21:48:03', NULL),
(887, 66, 'Zlnsk kraj', '2023-12-12 21:48:03', NULL),
(888, 66, 'Znojmo', '2023-12-12 21:48:03', NULL),
(889, 67, 'Capital Region of Denmark', '2023-12-12 21:48:03', NULL),
(890, 67, 'Central Denmark Region', '2023-12-12 21:48:03', NULL),
(891, 67, 'North Denmark Region', '2023-12-12 21:48:03', NULL),
(892, 67, 'Region of Southern Denmark', '2023-12-12 21:48:03', NULL),
(893, 67, 'Region Zealand', '2023-12-12 21:48:03', NULL),
(894, 68, 'Ali Sabieh Region', '2023-12-12 21:48:03', NULL),
(895, 68, 'Arta Region', '2023-12-12 21:48:03', NULL),
(896, 68, 'Dikhil Region', '2023-12-12 21:48:03', NULL),
(897, 68, 'Djibouti', '2023-12-12 21:48:03', NULL),
(898, 68, 'Obock Region', '2023-12-12 21:48:03', NULL),
(899, 68, 'Tadjourah Region', '2023-12-12 21:48:03', NULL),
(900, 69, 'Saint Andrew Parish', '2023-12-12 21:48:03', NULL),
(901, 69, 'Saint David Parish', '2023-12-12 21:48:03', NULL),
(902, 69, 'Saint George Parish', '2023-12-12 21:48:03', NULL),
(903, 69, 'Saint John Parish', '2023-12-12 21:48:03', NULL),
(904, 69, 'Saint Joseph Parish', '2023-12-12 21:48:03', NULL),
(905, 69, 'Saint Luke Parish', '2023-12-12 21:48:03', NULL),
(906, 69, 'Saint Mark Parish', '2023-12-12 21:48:03', NULL),
(907, 69, 'Saint Patrick Parish', '2023-12-12 21:48:03', NULL);
INSERT INTO `states` (`id`, `country_id`, `state`, `created_at`, `updated_at`) VALUES
(908, 69, 'Saint Paul Parish', '2023-12-12 21:48:03', NULL),
(909, 69, 'Saint Peter Parish', '2023-12-12 21:48:03', NULL),
(910, 11, 'Azua Province', '2023-12-12 21:48:03', NULL),
(911, 11, 'Baoruco Province', '2023-12-12 21:48:03', NULL),
(912, 11, 'Barahona Province', '2023-12-12 21:48:03', NULL),
(913, 11, 'Dajabn Province', '2023-12-12 21:48:03', NULL),
(914, 11, 'Distrito Nacional', '2023-12-12 21:48:03', NULL),
(915, 11, 'Duarte Province', '2023-12-12 21:48:03', NULL),
(916, 11, 'El Seibo Province', '2023-12-12 21:48:03', NULL),
(917, 11, 'Espaillat Province', '2023-12-12 21:48:03', NULL),
(918, 11, 'Hato Mayor Province', '2023-12-12 21:48:03', NULL),
(919, 11, 'Hermanas Mirabal Province', '2023-12-12 21:48:03', NULL),
(920, 11, 'Independencia', '2023-12-12 21:48:03', NULL),
(921, 11, 'La Altagracia Province', '2023-12-12 21:48:03', NULL),
(922, 11, 'La Romana Province', '2023-12-12 21:48:03', NULL),
(923, 11, 'La Vega Province', '2023-12-12 21:48:03', NULL),
(924, 11, 'Mara Trinidad Snchez Province', '2023-12-12 21:48:03', NULL),
(925, 11, 'Monseor Nouel Province', '2023-12-12 21:48:03', NULL),
(926, 11, 'Monte Cristi Province', '2023-12-12 21:48:03', NULL),
(927, 11, 'Monte Plata Province', '2023-12-12 21:48:03', NULL),
(928, 11, 'Pedernales Province', '2023-12-12 21:48:03', NULL),
(929, 11, 'Peravia Province', '2023-12-12 21:48:03', NULL),
(930, 11, 'Puerto Plata Province', '2023-12-12 21:48:03', NULL),
(931, 11, 'Saman Province', '2023-12-12 21:48:03', NULL),
(932, 11, 'San Cristbal Province', '2023-12-12 21:48:03', NULL),
(933, 11, 'San Jos de Ocoa Province', '2023-12-12 21:48:03', NULL),
(934, 11, 'San Juan Province', '2023-12-12 21:48:03', NULL),
(935, 11, 'San Pedro de Macors', '2023-12-12 21:48:03', NULL),
(936, 11, 'Snchez Ramrez Province', '2023-12-12 21:48:03', NULL),
(937, 11, 'Santiago Province', '2023-12-12 21:48:03', NULL),
(938, 11, 'Santiago Rodrguez Province', '2023-12-12 21:48:03', NULL),
(939, 11, 'Santo Domingo Province', '2023-12-12 21:48:03', NULL),
(940, 11, 'Valverde Province', '2023-12-12 21:48:03', NULL),
(941, 12, 'Azuay', '2023-12-12 21:48:03', NULL),
(942, 12, 'Bolvar', '2023-12-12 21:48:03', NULL),
(943, 12, 'Caar', '2023-12-12 21:48:03', NULL),
(944, 12, 'Carchi', '2023-12-12 21:48:03', NULL),
(945, 12, 'Chimborazo', '2023-12-12 21:48:03', NULL),
(946, 12, 'Cotopaxi', '2023-12-12 21:48:03', NULL),
(947, 12, 'El Oro', '2023-12-12 21:48:03', NULL),
(948, 12, 'Esmeraldas', '2023-12-12 21:48:03', NULL),
(949, 12, 'Galpagos', '2023-12-12 21:48:03', NULL),
(950, 12, 'Guayas', '2023-12-12 21:48:03', NULL),
(951, 12, 'Imbabura', '2023-12-12 21:48:03', NULL),
(952, 12, 'Loja', '2023-12-12 21:48:03', NULL),
(953, 12, 'Los Ros', '2023-12-12 21:48:03', NULL),
(954, 12, 'Manab', '2023-12-12 21:48:03', NULL),
(955, 12, 'Morona-Santiago', '2023-12-12 21:48:03', NULL),
(956, 12, 'Napo', '2023-12-12 21:48:03', NULL),
(957, 12, 'Orellana', '2023-12-12 21:48:03', NULL),
(958, 12, 'Pastaza', '2023-12-12 21:48:03', NULL),
(959, 12, 'Pichincha', '2023-12-12 21:48:03', NULL),
(960, 12, 'Santa Elena', '2023-12-12 21:48:03', NULL),
(961, 12, 'Santo Domingo de los Tschilas', '2023-12-12 21:48:03', NULL),
(962, 12, 'Sucumbos', '2023-12-12 21:48:03', NULL),
(963, 12, 'Tungurahua', '2023-12-12 21:48:03', NULL),
(964, 12, 'Zamora Chinchipe', '2023-12-12 21:48:03', NULL),
(965, 70, 'Alexandria', '2023-12-12 21:48:03', NULL),
(966, 70, 'Aswan', '2023-12-12 21:48:03', NULL),
(967, 70, 'Asyut', '2023-12-12 21:48:03', NULL),
(968, 70, 'Beheira', '2023-12-12 21:48:03', NULL),
(969, 70, 'Beni Suef', '2023-12-12 21:48:03', NULL),
(970, 70, 'Cairo', '2023-12-12 21:48:03', NULL),
(971, 70, 'Dakahlia', '2023-12-12 21:48:03', NULL),
(972, 70, 'Damietta', '2023-12-12 21:48:03', NULL),
(973, 70, 'Faiyum', '2023-12-12 21:48:03', NULL),
(974, 70, 'Gharbia', '2023-12-12 21:48:03', NULL),
(975, 70, 'Giza', '2023-12-12 21:48:03', NULL),
(976, 70, 'Ismailia', '2023-12-12 21:48:03', NULL),
(977, 70, 'Kafr el-Sheikh', '2023-12-12 21:48:03', NULL),
(978, 70, 'Luxor', '2023-12-12 21:48:03', NULL),
(979, 70, 'Matrouh', '2023-12-12 21:48:03', NULL),
(980, 70, 'Minya', '2023-12-12 21:48:03', NULL),
(981, 70, 'Monufia', '2023-12-12 21:48:03', NULL),
(982, 70, 'New Valley', '2023-12-12 21:48:03', NULL),
(983, 70, 'North Sinai', '2023-12-12 21:48:03', NULL),
(984, 70, 'Port Said', '2023-12-12 21:48:03', NULL),
(985, 70, 'Qalyubia', '2023-12-12 21:48:03', NULL),
(986, 70, 'Qena', '2023-12-12 21:48:03', NULL),
(987, 70, 'Red Sea', '2023-12-12 21:48:03', NULL),
(988, 70, 'Sharqia', '2023-12-12 21:48:03', NULL),
(989, 70, 'Sohag', '2023-12-12 21:48:03', NULL),
(990, 70, 'South Sinai', '2023-12-12 21:48:03', NULL),
(991, 70, 'Suez', '2023-12-12 21:48:03', NULL),
(992, 13, 'Ahuachapn Department', '2023-12-12 21:48:03', NULL),
(993, 13, 'Cabaas Department', '2023-12-12 21:48:03', NULL),
(994, 13, 'Chalatenango Department', '2023-12-12 21:48:03', NULL),
(995, 13, 'Cuscatln Department', '2023-12-12 21:48:03', NULL),
(996, 13, 'La Libertad Department', '2023-12-12 21:48:03', NULL),
(997, 13, 'La Paz Department', '2023-12-12 21:48:03', NULL),
(998, 13, 'La Unin Department', '2023-12-12 21:48:03', NULL),
(999, 13, 'Morazn Department', '2023-12-12 21:48:03', NULL),
(1000, 13, 'San Miguel Department', '2023-12-12 21:48:03', NULL),
(1001, 13, 'San Salvador Department', '2023-12-12 21:48:03', NULL),
(1002, 13, 'San Vicente Department', '2023-12-12 21:48:03', NULL),
(1003, 13, 'Santa Ana Department', '2023-12-12 21:48:03', NULL),
(1004, 13, 'Sonsonate Department', '2023-12-12 21:48:03', NULL),
(1005, 13, 'Usulutn Department', '2023-12-12 21:48:03', NULL),
(1006, 71, 'Anseba Region', '2023-12-12 21:48:03', NULL),
(1007, 71, 'Debub Region', '2023-12-12 21:48:03', NULL),
(1008, 71, 'Gash-Barka Region', '2023-12-12 21:48:03', NULL),
(1009, 71, 'Maekel Region', '2023-12-12 21:48:03', NULL),
(1010, 71, 'Northern Red Sea Region', '2023-12-12 21:48:03', NULL),
(1011, 71, 'Southern Red Sea Region', '2023-12-12 21:48:03', NULL),
(1012, 72, 'Harju County', '2023-12-12 21:48:03', NULL),
(1013, 72, 'Hiiu County', '2023-12-12 21:48:03', NULL),
(1014, 72, 'Ida-Viru County', '2023-12-12 21:48:03', NULL),
(1015, 72, 'Jrva County', '2023-12-12 21:48:03', NULL),
(1016, 72, 'Jgeva County', '2023-12-12 21:48:03', NULL),
(1017, 72, 'Lne County', '2023-12-12 21:48:03', NULL),
(1018, 72, 'Lne-Viru County', '2023-12-12 21:48:03', NULL),
(1019, 72, 'Prnu County', '2023-12-12 21:48:03', NULL),
(1020, 72, 'Plva County', '2023-12-12 21:48:03', NULL),
(1021, 72, 'Rapla County', '2023-12-12 21:48:03', NULL),
(1022, 72, 'Saare County', '2023-12-12 21:48:03', NULL),
(1023, 72, 'Tartu County', '2023-12-12 21:48:03', NULL),
(1024, 72, 'Valga County', '2023-12-12 21:48:03', NULL),
(1025, 72, 'Viljandi County', '2023-12-12 21:48:03', NULL),
(1026, 72, 'Vru County', '2023-12-12 21:48:03', NULL),
(1027, 73, 'Addis Ababa', '2023-12-12 21:48:03', NULL),
(1028, 73, 'Afar Region', '2023-12-12 21:48:03', NULL),
(1029, 73, 'Amhara Region', '2023-12-12 21:48:03', NULL),
(1030, 73, 'Benishangul-Gumuz Region', '2023-12-12 21:48:03', NULL),
(1031, 73, 'Dire Dawa', '2023-12-12 21:48:03', NULL),
(1032, 73, 'Gambela Region', '2023-12-12 21:48:03', NULL),
(1033, 73, 'Harari Region', '2023-12-12 21:48:03', NULL),
(1034, 73, 'Oromia Region', '2023-12-12 21:48:03', NULL),
(1035, 73, 'Somali Region', '2023-12-12 21:48:03', NULL),
(1036, 73, 'Southern Nations, Nationalities, and Peoples\' Region', '2023-12-12 21:48:03', NULL),
(1037, 73, 'Tigray Region', '2023-12-12 21:48:03', NULL),
(1038, 75, 'land Islands', '2023-12-12 21:48:03', NULL),
(1039, 75, 'Central Finland', '2023-12-12 21:48:03', NULL),
(1040, 75, 'Central Ostrobothnia', '2023-12-12 21:48:03', NULL),
(1041, 75, 'Finland Proper', '2023-12-12 21:48:03', NULL),
(1042, 75, 'Kainuu', '2023-12-12 21:48:03', NULL),
(1043, 75, 'Kymenlaakso', '2023-12-12 21:48:03', NULL),
(1044, 75, 'Lapland', '2023-12-12 21:48:03', NULL),
(1045, 75, 'North Karelia', '2023-12-12 21:48:03', NULL),
(1046, 75, 'Northern Ostrobothnia', '2023-12-12 21:48:03', NULL),
(1047, 75, 'Northern Savonia', '2023-12-12 21:48:03', NULL),
(1048, 75, 'Ostrobothnia', '2023-12-12 21:48:03', NULL),
(1049, 75, 'Pijnne Tavastia', '2023-12-12 21:48:03', NULL),
(1050, 75, 'Pirkanmaa', '2023-12-12 21:48:03', NULL),
(1051, 75, 'Satakunta', '2023-12-12 21:48:03', NULL),
(1052, 75, 'South Karelia', '2023-12-12 21:48:03', NULL),
(1053, 75, 'Southern Ostrobothnia', '2023-12-12 21:48:03', NULL),
(1054, 75, 'Southern Savonia', '2023-12-12 21:48:03', NULL),
(1055, 75, 'Tavastia Proper', '2023-12-12 21:48:03', NULL),
(1056, 75, 'Uusimaa', '2023-12-12 21:48:03', NULL),
(1057, 14, 'Ain', '2023-12-12 21:48:03', NULL),
(1058, 14, 'Aisne', '2023-12-12 21:48:03', NULL),
(1059, 14, 'Allier', '2023-12-12 21:48:03', NULL),
(1060, 14, 'Alpes-de-Haute-Provence', '2023-12-12 21:48:03', NULL),
(1061, 14, 'Alpes-Maritimes', '2023-12-12 21:48:03', NULL),
(1062, 14, 'Alsace', '2023-12-12 21:48:03', NULL),
(1063, 14, 'Ardche', '2023-12-12 21:48:03', NULL),
(1064, 14, 'Ardennes', '2023-12-12 21:48:03', NULL),
(1065, 14, 'Arige', '2023-12-12 21:48:03', NULL),
(1066, 14, 'Aube', '2023-12-12 21:48:03', NULL),
(1067, 14, 'Aude', '2023-12-12 21:48:03', NULL),
(1068, 14, 'Auvergne-Rhne-Alpes', '2023-12-12 21:48:03', NULL),
(1069, 14, 'Aveyron', '2023-12-12 21:48:03', NULL),
(1070, 14, 'Bas-Rhin', '2023-12-12 21:48:03', NULL),
(1071, 14, 'Bouches-du-Rhne', '2023-12-12 21:48:03', NULL),
(1072, 14, 'Bourgogne-Franche-Comt', '2023-12-12 21:48:03', NULL),
(1073, 14, 'Bretagne', '2023-12-12 21:48:03', NULL),
(1074, 14, 'Calvados', '2023-12-12 21:48:03', NULL),
(1075, 14, 'Cantal', '2023-12-12 21:48:03', NULL),
(1076, 14, 'Centre-Val de Loire', '2023-12-12 21:48:03', NULL),
(1077, 14, 'Charente', '2023-12-12 21:48:03', NULL),
(1078, 14, 'Charente-Maritime', '2023-12-12 21:48:03', NULL),
(1079, 14, 'Cher', '2023-12-12 21:48:03', NULL),
(1080, 14, 'Clipperton', '2023-12-12 21:48:03', NULL),
(1081, 14, 'Corrze', '2023-12-12 21:48:03', NULL),
(1082, 14, 'Corse', '2023-12-12 21:48:03', NULL),
(1083, 14, 'Corse-du-Sud', '2023-12-12 21:48:03', NULL),
(1084, 14, 'Cte-d\'Or', '2023-12-12 21:48:03', NULL),
(1085, 14, 'Ctes-d\'Armor', '2023-12-12 21:48:03', NULL),
(1086, 14, 'Creuse', '2023-12-12 21:48:03', NULL),
(1087, 14, 'Deux-Svres', '2023-12-12 21:48:03', NULL),
(1088, 14, 'Dordogne', '2023-12-12 21:48:03', NULL),
(1089, 14, 'Doubs', '2023-12-12 21:48:03', NULL),
(1090, 14, 'Drme', '2023-12-12 21:48:03', NULL),
(1091, 14, 'Essonne', '2023-12-12 21:48:03', NULL),
(1092, 14, 'Eure', '2023-12-12 21:48:03', NULL),
(1093, 14, 'Eure-et-Loir', '2023-12-12 21:48:03', NULL),
(1094, 14, 'Finistre', '2023-12-12 21:48:03', NULL),
(1095, 14, 'French Guiana', '2023-12-12 21:48:03', NULL),
(1096, 14, 'French Polynesia', '2023-12-12 21:48:03', NULL),
(1097, 14, 'French Southern and Antarctic Lands', '2023-12-12 21:48:03', NULL),
(1098, 14, 'Gard', '2023-12-12 21:48:03', NULL),
(1099, 14, 'Gers', '2023-12-12 21:48:03', NULL),
(1100, 14, 'Gironde', '2023-12-12 21:48:03', NULL),
(1101, 14, 'Grand-Est', '2023-12-12 21:48:03', NULL),
(1102, 14, 'Guadeloupe', '2023-12-12 21:48:03', NULL),
(1103, 14, 'Haut-Rhin', '2023-12-12 21:48:03', NULL),
(1104, 14, 'Haute-Corse', '2023-12-12 21:48:03', NULL),
(1105, 14, 'Haute-Garonne', '2023-12-12 21:48:03', NULL),
(1106, 14, 'Haute-Loire', '2023-12-12 21:48:03', NULL),
(1107, 14, 'Haute-Marne', '2023-12-12 21:48:03', NULL),
(1108, 14, 'Haute-Sane', '2023-12-12 21:48:03', NULL),
(1109, 14, 'Haute-Savoie', '2023-12-12 21:48:03', NULL),
(1110, 14, 'Haute-Vienne', '2023-12-12 21:48:03', NULL),
(1111, 14, 'Hautes-Alpes', '2023-12-12 21:48:03', NULL),
(1112, 14, 'Hautes-Pyrnes', '2023-12-12 21:48:03', NULL),
(1113, 14, 'Hauts-de-France', '2023-12-12 21:48:03', NULL),
(1114, 14, 'Hauts-de-Seine', '2023-12-12 21:48:03', NULL),
(1115, 14, 'Hrault', '2023-12-12 21:48:03', NULL),
(1116, 14, 'le-de-France', '2023-12-12 21:48:03', NULL),
(1117, 14, 'Ille-et-Vilaine', '2023-12-12 21:48:03', NULL),
(1118, 14, 'Indre', '2023-12-12 21:48:03', NULL),
(1119, 14, 'Indre-et-Loire', '2023-12-12 21:48:03', NULL),
(1120, 14, 'Isre', '2023-12-12 21:48:03', NULL),
(1121, 14, 'Jura', '2023-12-12 21:48:03', NULL),
(1122, 14, 'La Runion', '2023-12-12 21:48:03', NULL),
(1123, 14, 'Landes', '2023-12-12 21:48:03', NULL),
(1124, 14, 'Loir-et-Cher', '2023-12-12 21:48:03', NULL),
(1125, 14, 'Loire', '2023-12-12 21:48:03', NULL),
(1126, 14, 'Loire-Atlantique', '2023-12-12 21:48:03', NULL),
(1127, 14, 'Loiret', '2023-12-12 21:48:03', NULL),
(1128, 14, 'Lot', '2023-12-12 21:48:03', NULL),
(1129, 14, 'Lot-et-Garonne', '2023-12-12 21:48:03', NULL),
(1130, 14, 'Lozre', '2023-12-12 21:48:03', NULL),
(1131, 14, 'Maine-et-Loire', '2023-12-12 21:48:03', NULL),
(1132, 14, 'Manche', '2023-12-12 21:48:03', NULL),
(1133, 14, 'Marne', '2023-12-12 21:48:03', NULL),
(1134, 14, 'Martinique', '2023-12-12 21:48:03', NULL),
(1135, 14, 'Mayenne', '2023-12-12 21:48:03', NULL),
(1136, 14, 'Mayotte', '2023-12-12 21:48:03', NULL),
(1137, 14, 'Mtropole de Lyon', '2023-12-12 21:48:03', NULL),
(1138, 14, 'Meurthe-et-Moselle', '2023-12-12 21:48:03', NULL),
(1139, 14, 'Meuse', '2023-12-12 21:48:03', NULL),
(1140, 14, 'Morbihan', '2023-12-12 21:48:03', NULL),
(1141, 14, 'Moselle', '2023-12-12 21:48:03', NULL),
(1142, 14, 'Nivre', '2023-12-12 21:48:03', NULL),
(1143, 14, 'Nord', '2023-12-12 21:48:03', NULL),
(1144, 14, 'Normandie', '2023-12-12 21:48:03', NULL),
(1145, 14, 'Nouvelle-Aquitaine', '2023-12-12 21:48:03', NULL),
(1146, 14, 'Occitanie', '2023-12-12 21:48:03', NULL),
(1147, 14, 'Oise', '2023-12-12 21:48:03', NULL),
(1148, 14, 'Orne', '2023-12-12 21:48:03', NULL),
(1149, 14, 'Paris', '2023-12-12 21:48:04', NULL),
(1150, 14, 'Pas-de-Calais', '2023-12-12 21:48:04', NULL),
(1151, 14, 'Pays-de-la-Loire', '2023-12-12 21:48:04', NULL),
(1152, 14, 'Provence-Alpes-Cte-dAzur', '2023-12-12 21:48:04', NULL),
(1153, 14, 'Puy-de-Dme', '2023-12-12 21:48:04', NULL),
(1154, 14, 'Pyrnes-Atlantiques', '2023-12-12 21:48:04', NULL),
(1155, 14, 'Pyrnes-Orientales', '2023-12-12 21:48:04', NULL),
(1156, 14, 'Rhne', '2023-12-12 21:48:04', NULL),
(1157, 14, 'Saint Pierre and Miquelon', '2023-12-12 21:48:04', NULL),
(1158, 14, 'Saint-Barthlemy', '2023-12-12 21:48:04', NULL),
(1159, 14, 'Saint-Martin', '2023-12-12 21:48:04', NULL),
(1160, 14, 'Sane-et-Loire', '2023-12-12 21:48:04', NULL),
(1161, 14, 'Sarthe', '2023-12-12 21:48:04', NULL),
(1162, 14, 'Savoie', '2023-12-12 21:48:04', NULL),
(1163, 14, 'Seine-et-Marne', '2023-12-12 21:48:04', NULL),
(1164, 14, 'Seine-Maritime', '2023-12-12 21:48:04', NULL),
(1165, 14, 'Seine-Saint-Denis', '2023-12-12 21:48:04', NULL),
(1166, 14, 'Somme', '2023-12-12 21:48:04', NULL),
(1167, 14, 'Tarn', '2023-12-12 21:48:04', NULL),
(1168, 14, 'Tarn-et-Garonne', '2023-12-12 21:48:04', NULL),
(1169, 14, 'Territoire de Belfort', '2023-12-12 21:48:04', NULL),
(1170, 14, 'Val-d\'Oise', '2023-12-12 21:48:04', NULL),
(1171, 14, 'Val-de-Marne', '2023-12-12 21:48:04', NULL),
(1172, 14, 'Var', '2023-12-12 21:48:04', NULL),
(1173, 14, 'Vaucluse', '2023-12-12 21:48:04', NULL),
(1174, 14, 'Vende', '2023-12-12 21:48:04', NULL),
(1175, 14, 'Vienne', '2023-12-12 21:48:04', NULL),
(1176, 14, 'Vosges', '2023-12-12 21:48:04', NULL),
(1177, 14, 'Wallis and Futuna', '2023-12-12 21:48:04', NULL),
(1178, 14, 'Yonne', '2023-12-12 21:48:04', NULL),
(1179, 14, 'Yvelines', '2023-12-12 21:48:04', NULL),
(1180, 77, 'Estuaire Province', '2023-12-12 21:48:04', NULL),
(1181, 77, 'Haut-Ogoou Province', '2023-12-12 21:48:04', NULL),
(1182, 77, 'Moyen-Ogoou Province', '2023-12-12 21:48:04', NULL),
(1183, 77, 'Ngouni Province', '2023-12-12 21:48:04', NULL),
(1184, 77, 'Nyanga Province', '2023-12-12 21:48:04', NULL),
(1185, 77, 'Ogoou-Ivindo Province', '2023-12-12 21:48:04', NULL),
(1186, 77, 'Ogoou-Lolo Province', '2023-12-12 21:48:04', NULL),
(1187, 77, 'Ogoou-Maritime Province', '2023-12-12 21:48:04', NULL),
(1188, 77, 'Woleu-Ntem Province', '2023-12-12 21:48:04', NULL),
(1189, 79, 'Adjara', '2023-12-12 21:48:04', NULL),
(1190, 79, 'Autonomous Republic of Abkhazia', '2023-12-12 21:48:04', NULL),
(1191, 79, 'Guria', '2023-12-12 21:48:04', NULL),
(1192, 79, 'Imereti', '2023-12-12 21:48:04', NULL),
(1193, 79, 'Kakheti', '2023-12-12 21:48:04', NULL),
(1194, 79, 'Khelvachauri Municipality', '2023-12-12 21:48:04', NULL),
(1195, 79, 'Kvemo Kartli', '2023-12-12 21:48:04', NULL),
(1196, 79, 'Mtskheta-Mtianeti', '2023-12-12 21:48:04', NULL),
(1197, 79, 'Racha-Lechkhumi and Kvemo Svaneti', '2023-12-12 21:48:04', NULL),
(1198, 79, 'Samegrelo-Zemo Svaneti', '2023-12-12 21:48:04', NULL),
(1199, 79, 'Samtskhe-Javakheti', '2023-12-12 21:48:04', NULL),
(1200, 79, 'Senaki Municipality', '2023-12-12 21:48:04', NULL),
(1201, 79, 'Shida Kartli', '2023-12-12 21:48:04', NULL),
(1202, 79, 'Tbilisi', '2023-12-12 21:48:04', NULL),
(1203, 15, 'Baden-Wrttemberg', '2023-12-12 21:48:04', NULL),
(1204, 15, 'Bavaria', '2023-12-12 21:48:04', NULL),
(1205, 15, 'Berlin', '2023-12-12 21:48:04', NULL),
(1206, 15, 'Brandenburg', '2023-12-12 21:48:04', NULL),
(1207, 15, 'Bremen', '2023-12-12 21:48:04', NULL),
(1208, 15, 'Hamburg', '2023-12-12 21:48:04', NULL),
(1209, 15, 'Hesse', '2023-12-12 21:48:04', NULL),
(1210, 15, 'Lower Saxony', '2023-12-12 21:48:04', NULL),
(1211, 15, 'Mecklenburg-Vorpommern', '2023-12-12 21:48:04', NULL),
(1212, 15, 'North Rhine-Westphalia', '2023-12-12 21:48:04', NULL),
(1213, 15, 'Rhineland-Palatinate', '2023-12-12 21:48:04', NULL),
(1214, 15, 'Saarland', '2023-12-12 21:48:04', NULL),
(1215, 15, 'Saxony', '2023-12-12 21:48:04', NULL),
(1216, 15, 'Saxony-Anhalt', '2023-12-12 21:48:04', NULL),
(1217, 15, 'Schleswig-Holstein', '2023-12-12 21:48:04', NULL),
(1218, 15, 'Thuringia', '2023-12-12 21:48:04', NULL),
(1219, 80, 'Ahafo', '2023-12-12 21:48:04', NULL),
(1220, 80, 'Ashanti', '2023-12-12 21:48:04', NULL),
(1221, 80, 'Bono', '2023-12-12 21:48:04', NULL),
(1222, 80, 'Bono East', '2023-12-12 21:48:04', NULL),
(1223, 80, 'Central', '2023-12-12 21:48:04', NULL),
(1224, 80, 'Eastern', '2023-12-12 21:48:04', NULL),
(1225, 80, 'Greater Accra', '2023-12-12 21:48:04', NULL),
(1226, 80, 'North East', '2023-12-12 21:48:04', NULL),
(1227, 80, 'Northern', '2023-12-12 21:48:04', NULL),
(1228, 80, 'Oti', '2023-12-12 21:48:04', NULL),
(1229, 80, 'Savannah', '2023-12-12 21:48:04', NULL),
(1230, 80, 'Upper East', '2023-12-12 21:48:04', NULL),
(1231, 80, 'Upper West', '2023-12-12 21:48:04', NULL),
(1232, 80, 'Volta', '2023-12-12 21:48:04', NULL),
(1233, 80, 'Western', '2023-12-12 21:48:04', NULL),
(1234, 80, 'Western North', '2023-12-12 21:48:04', NULL),
(1235, 81, 'Achaea Regional Unit', '2023-12-12 21:48:04', NULL),
(1236, 81, 'Aetolia-Acarnania Regional Unit', '2023-12-12 21:48:04', NULL),
(1237, 81, 'Arcadia Prefecture', '2023-12-12 21:48:04', NULL),
(1238, 81, 'Argolis Regional Unit', '2023-12-12 21:48:04', NULL),
(1239, 81, 'Attica Region', '2023-12-12 21:48:04', NULL),
(1240, 81, 'Boeotia Regional Unit', '2023-12-12 21:48:04', NULL),
(1241, 81, 'Central Greece Region', '2023-12-12 21:48:04', NULL),
(1242, 81, 'Central Macedonia', '2023-12-12 21:48:04', NULL),
(1243, 81, 'Chania Regional Unit', '2023-12-12 21:48:04', NULL),
(1244, 81, 'Corfu Prefecture', '2023-12-12 21:48:04', NULL),
(1245, 81, 'Corinthia Regional Unit', '2023-12-12 21:48:04', NULL),
(1246, 81, 'Crete Region', '2023-12-12 21:48:04', NULL),
(1247, 81, 'Drama Regional Unit', '2023-12-12 21:48:04', NULL),
(1248, 81, 'East Attica Regional Unit', '2023-12-12 21:48:04', NULL),
(1249, 81, 'East Macedonia and Thrace', '2023-12-12 21:48:04', NULL),
(1250, 81, 'Epirus Region', '2023-12-12 21:48:04', NULL),
(1251, 81, 'Euboea', '2023-12-12 21:48:04', NULL),
(1252, 81, 'Grevena Prefecture', '2023-12-12 21:48:04', NULL),
(1253, 81, 'Imathia Regional Unit', '2023-12-12 21:48:04', NULL),
(1254, 81, 'Ioannina Regional Unit', '2023-12-12 21:48:04', NULL),
(1255, 81, 'Ionian Islands Region', '2023-12-12 21:48:04', NULL),
(1256, 81, 'Karditsa Regional Unit', '2023-12-12 21:48:04', NULL),
(1257, 81, 'Kastoria Regional Unit', '2023-12-12 21:48:04', NULL),
(1258, 81, 'Kefalonia Prefecture', '2023-12-12 21:48:04', NULL),
(1259, 81, 'Kilkis Regional Unit', '2023-12-12 21:48:04', NULL),
(1260, 81, 'Kozani Prefecture', '2023-12-12 21:48:04', NULL),
(1261, 81, 'Laconia', '2023-12-12 21:48:04', NULL),
(1262, 81, 'Larissa Prefecture', '2023-12-12 21:48:04', NULL),
(1263, 81, 'Lefkada Regional Unit', '2023-12-12 21:48:04', NULL),
(1264, 81, 'Pella Regional Unit', '2023-12-12 21:48:04', NULL),
(1265, 81, 'Peloponnese Region', '2023-12-12 21:48:04', NULL),
(1266, 81, 'Phthiotis Prefecture', '2023-12-12 21:48:04', NULL),
(1267, 81, 'Preveza Prefecture', '2023-12-12 21:48:04', NULL),
(1268, 81, 'Serres Prefecture', '2023-12-12 21:48:04', NULL),
(1269, 81, 'South Aegean', '2023-12-12 21:48:04', NULL),
(1270, 81, 'Thessaloniki Regional Unit', '2023-12-12 21:48:04', NULL),
(1271, 81, 'West Greece Region', '2023-12-12 21:48:04', NULL),
(1272, 81, 'West Macedonia Region', '2023-12-12 21:48:04', NULL),
(1273, 82, 'Carriacou and Petite Martinique', '2023-12-12 21:48:04', NULL),
(1274, 82, 'Saint Andrew Parish', '2023-12-12 21:48:04', NULL),
(1275, 82, 'Saint David Parish', '2023-12-12 21:48:04', NULL),
(1276, 82, 'Saint George Parish', '2023-12-12 21:48:04', NULL),
(1277, 82, 'Saint John Parish', '2023-12-12 21:48:04', NULL),
(1278, 82, 'Saint Mark Parish', '2023-12-12 21:48:04', NULL),
(1279, 82, 'Saint Patrick Parish', '2023-12-12 21:48:04', NULL),
(1280, 16, 'Alta Verapaz Department', '2023-12-12 21:48:04', NULL),
(1281, 16, 'Baja Verapaz Department', '2023-12-12 21:48:04', NULL),
(1282, 16, 'Chimaltenango Department', '2023-12-12 21:48:04', NULL),
(1283, 16, 'Chiquimula Department', '2023-12-12 21:48:04', NULL),
(1284, 16, 'El Progreso Department', '2023-12-12 21:48:04', NULL),
(1285, 16, 'Escuintla Department', '2023-12-12 21:48:04', NULL),
(1286, 16, 'Guatemala Department', '2023-12-12 21:48:04', NULL),
(1287, 16, 'Huehuetenango Department', '2023-12-12 21:48:04', NULL),
(1288, 16, 'Izabal Department', '2023-12-12 21:48:04', NULL),
(1289, 16, 'Jalapa Department', '2023-12-12 21:48:04', NULL),
(1290, 16, 'Jutiapa Department', '2023-12-12 21:48:04', NULL),
(1291, 16, 'Petn Department', '2023-12-12 21:48:04', NULL),
(1292, 16, 'Quetzaltenango Department', '2023-12-12 21:48:04', NULL),
(1293, 16, 'Quich Department', '2023-12-12 21:48:04', NULL),
(1294, 16, 'Retalhuleu Department', '2023-12-12 21:48:04', NULL),
(1295, 16, 'Sacatepquez Department', '2023-12-12 21:48:04', NULL),
(1296, 16, 'San Marcos Department', '2023-12-12 21:48:04', NULL),
(1297, 16, 'Santa Rosa Department', '2023-12-12 21:48:04', NULL),
(1298, 16, 'Solol Department', '2023-12-12 21:48:04', NULL),
(1299, 16, 'Suchitepquez Department', '2023-12-12 21:48:04', NULL),
(1300, 16, 'Totonicapn Department', '2023-12-12 21:48:04', NULL),
(1301, 83, 'Beyla Prefecture', '2023-12-12 21:48:04', NULL),
(1302, 83, 'Boffa Prefecture', '2023-12-12 21:48:04', NULL),
(1303, 83, 'Bok Prefecture', '2023-12-12 21:48:04', NULL),
(1304, 83, 'Bok Region', '2023-12-12 21:48:04', NULL),
(1305, 83, 'Conakry', '2023-12-12 21:48:04', NULL),
(1306, 83, 'Coyah Prefecture', '2023-12-12 21:48:04', NULL),
(1307, 83, 'Dabola Prefecture', '2023-12-12 21:48:04', NULL),
(1308, 83, 'Dalaba Prefecture', '2023-12-12 21:48:04', NULL),
(1309, 83, 'Dinguiraye Prefecture', '2023-12-12 21:48:04', NULL),
(1310, 83, 'Dubrka Prefecture', '2023-12-12 21:48:04', NULL),
(1311, 83, 'Faranah Prefecture', '2023-12-12 21:48:04', NULL),
(1312, 83, 'Forcariah Prefecture', '2023-12-12 21:48:04', NULL),
(1313, 83, 'Fria Prefecture', '2023-12-12 21:48:04', NULL),
(1314, 83, 'Gaoual Prefecture', '2023-12-12 21:48:04', NULL),
(1315, 83, 'Guckdou Prefecture', '2023-12-12 21:48:04', NULL),
(1316, 83, 'Kankan Prefecture', '2023-12-12 21:48:04', NULL),
(1317, 83, 'Kankan Region', '2023-12-12 21:48:04', NULL),
(1318, 83, 'Krouan Prefecture', '2023-12-12 21:48:04', NULL),
(1319, 83, 'Kindia Prefecture', '2023-12-12 21:48:04', NULL),
(1320, 83, 'Kindia Region', '2023-12-12 21:48:04', NULL),
(1321, 83, 'Kissidougou Prefecture', '2023-12-12 21:48:04', NULL),
(1322, 83, 'Koubia Prefecture', '2023-12-12 21:48:04', NULL),
(1323, 83, 'Koundara Prefecture', '2023-12-12 21:48:04', NULL),
(1324, 83, 'Kouroussa Prefecture', '2023-12-12 21:48:04', NULL),
(1325, 83, 'Lab Prefecture', '2023-12-12 21:48:04', NULL),
(1326, 83, 'Lab Region', '2023-12-12 21:48:04', NULL),
(1327, 83, 'Llouma Prefecture', '2023-12-12 21:48:04', NULL),
(1328, 83, 'Lola Prefecture', '2023-12-12 21:48:04', NULL),
(1329, 83, 'Macenta Prefecture', '2023-12-12 21:48:04', NULL),
(1330, 83, 'Mali Prefecture', '2023-12-12 21:48:04', NULL),
(1331, 83, 'Mamou Prefecture', '2023-12-12 21:48:04', NULL),
(1332, 83, 'Mamou Region', '2023-12-12 21:48:04', NULL),
(1333, 83, 'Mandiana Prefecture', '2023-12-12 21:48:04', NULL),
(1334, 83, 'Nzrkor Prefecture', '2023-12-12 21:48:04', NULL),
(1335, 83, 'Nzrkor Region', '2023-12-12 21:48:04', NULL),
(1336, 83, 'Pita Prefecture', '2023-12-12 21:48:04', NULL),
(1337, 83, 'Siguiri Prefecture', '2023-12-12 21:48:04', NULL),
(1338, 83, 'Tliml Prefecture', '2023-12-12 21:48:04', NULL),
(1339, 83, 'Tougu Prefecture', '2023-12-12 21:48:04', NULL),
(1340, 83, 'Yomou Prefecture', '2023-12-12 21:48:04', NULL),
(1341, 84, 'Barima-Waini', '2023-12-12 21:48:04', NULL),
(1342, 84, 'Cuyuni-Mazaruni', '2023-12-12 21:48:04', NULL),
(1343, 84, 'Demerara-Mahaica', '2023-12-12 21:48:04', NULL),
(1344, 84, 'East Berbice-Corentyne', '2023-12-12 21:48:04', NULL),
(1345, 84, 'Essequibo Islands-West Demerara', '2023-12-12 21:48:04', NULL),
(1346, 84, 'Mahaica-Berbice', '2023-12-12 21:48:04', NULL),
(1347, 84, 'Pomeroon-Supenaam', '2023-12-12 21:48:04', NULL),
(1348, 84, 'Potaro-Siparuni', '2023-12-12 21:48:04', NULL),
(1349, 84, 'Upper Demerara-Berbice', '2023-12-12 21:48:04', NULL),
(1350, 84, 'Upper Takutu-Upper Essequibo', '2023-12-12 21:48:04', NULL),
(1351, 17, 'Artibonite', '2023-12-12 21:48:04', NULL),
(1352, 17, 'Centre', '2023-12-12 21:48:04', NULL),
(1353, 17, 'Grand\'Anse', '2023-12-12 21:48:04', NULL),
(1354, 17, 'Nippes', '2023-12-12 21:48:04', NULL),
(1355, 17, 'Nord', '2023-12-12 21:48:04', NULL),
(1356, 17, 'Nord-Est', '2023-12-12 21:48:04', NULL),
(1357, 17, 'Nord-Ouest', '2023-12-12 21:48:04', NULL),
(1358, 17, 'Ouest', '2023-12-12 21:48:04', NULL),
(1359, 17, 'Sud', '2023-12-12 21:48:04', NULL),
(1360, 17, 'Sud-Est', '2023-12-12 21:48:04', NULL),
(1361, 85, 'Bcs-Kiskun', '2023-12-12 21:48:04', NULL),
(1362, 85, 'Baranya', '2023-12-12 21:48:04', NULL),
(1363, 85, 'Bks', '2023-12-12 21:48:04', NULL),
(1364, 85, 'Bkscsaba', '2023-12-12 21:48:04', NULL),
(1365, 85, 'Borsod-Abaj-Zempln', '2023-12-12 21:48:04', NULL),
(1366, 85, 'Budapest', '2023-12-12 21:48:04', NULL),
(1367, 85, 'Csongrd County', '2023-12-12 21:48:04', NULL),
(1368, 85, 'Debrecen', '2023-12-12 21:48:04', NULL),
(1369, 85, 'Dunajvros', '2023-12-12 21:48:04', NULL),
(1370, 85, 'Eger', '2023-12-12 21:48:04', NULL),
(1371, 85, 'rd', '2023-12-12 21:48:04', NULL),
(1372, 85, 'Fejr County', '2023-12-12 21:48:04', NULL),
(1373, 85, 'Gyr', '2023-12-12 21:48:04', NULL),
(1374, 85, 'Gyr-Moson-Sopron County', '2023-12-12 21:48:04', NULL),
(1375, 85, 'Hajd-Bihar County', '2023-12-12 21:48:04', NULL),
(1376, 85, 'Heves County', '2023-12-12 21:48:04', NULL),
(1377, 85, 'Hdmezvsrhely', '2023-12-12 21:48:04', NULL),
(1378, 85, 'Jsz-Nagykun-Szolnok County', '2023-12-12 21:48:04', NULL),
(1379, 85, 'Kaposvr', '2023-12-12 21:48:04', NULL),
(1380, 85, 'Kecskemt', '2023-12-12 21:48:04', NULL),
(1381, 85, 'Komrom-Esztergom', '2023-12-12 21:48:04', NULL),
(1382, 85, 'Miskolc', '2023-12-12 21:48:04', NULL),
(1383, 85, 'Nagykanizsa', '2023-12-12 21:48:04', NULL),
(1384, 85, 'Ngrd County', '2023-12-12 21:48:04', NULL),
(1385, 85, 'Nyregyhza', '2023-12-12 21:48:04', NULL),
(1386, 85, 'Pcs', '2023-12-12 21:48:04', NULL),
(1387, 85, 'Pest County', '2023-12-12 21:48:04', NULL),
(1388, 85, 'Salgtarjn', '2023-12-12 21:48:04', NULL),
(1389, 85, 'Somogy County', '2023-12-12 21:48:04', NULL),
(1390, 85, 'Sopron', '2023-12-12 21:48:04', NULL),
(1391, 85, 'Szabolcs-Szatmr-Bereg County', '2023-12-12 21:48:04', NULL),
(1392, 85, 'Szeged', '2023-12-12 21:48:04', NULL),
(1393, 85, 'Szkesfehrvr', '2023-12-12 21:48:04', NULL),
(1394, 85, 'Szekszrd', '2023-12-12 21:48:04', NULL),
(1395, 85, 'Szolnok', '2023-12-12 21:48:04', NULL),
(1396, 85, 'Szombathely', '2023-12-12 21:48:04', NULL),
(1397, 85, 'Tatabnya', '2023-12-12 21:48:04', NULL),
(1398, 85, 'Tolna County', '2023-12-12 21:48:04', NULL),
(1399, 85, 'Vas County', '2023-12-12 21:48:04', NULL),
(1400, 85, 'Veszprm', '2023-12-12 21:48:04', NULL),
(1401, 85, 'Veszprm County', '2023-12-12 21:48:04', NULL),
(1402, 85, 'Zala County', '2023-12-12 21:48:04', NULL),
(1403, 85, 'Zalaegerszeg', '2023-12-12 21:48:04', NULL),
(1404, 86, 'Capital Region', '2023-12-12 21:48:04', NULL),
(1405, 86, 'Eastern Region', '2023-12-12 21:48:04', NULL),
(1406, 86, 'Northeastern Region', '2023-12-12 21:48:04', NULL),
(1407, 86, 'Northwestern Region', '2023-12-12 21:48:04', NULL),
(1408, 86, 'Southern Peninsula Region', '2023-12-12 21:48:04', NULL),
(1409, 86, 'Southern Region', '2023-12-12 21:48:04', NULL),
(1410, 86, 'Western Region', '2023-12-12 21:48:04', NULL),
(1411, 86, 'Westfjords', '2023-12-12 21:48:04', NULL),
(1448, 87, 'Aceh', '2023-12-12 21:48:04', NULL),
(1449, 87, 'Bali', '2023-12-12 21:48:04', NULL),
(1450, 87, 'Banten', '2023-12-12 21:48:04', NULL),
(1451, 87, 'Bengkulu', '2023-12-12 21:48:04', NULL),
(1452, 87, 'DI Yogyakarta', '2023-12-12 21:48:04', NULL),
(1453, 87, 'DKI Jakarta', '2023-12-12 21:48:04', NULL),
(1454, 87, 'Gorontalo', '2023-12-12 21:48:04', NULL),
(1455, 87, 'Jambi', '2023-12-12 21:48:04', NULL),
(1456, 87, 'Jawa Barat', '2023-12-12 21:48:04', NULL),
(1457, 87, 'Jawa Tengah', '2023-12-12 21:48:04', NULL),
(1458, 87, 'Jawa Timur', '2023-12-12 21:48:04', NULL),
(1459, 87, 'Kalimantan Barat', '2023-12-12 21:48:04', NULL),
(1460, 87, 'Kalimantan Selatan', '2023-12-12 21:48:04', NULL),
(1461, 87, 'Kalimantan Tengah', '2023-12-12 21:48:04', NULL),
(1462, 87, 'Kalimantan Timur', '2023-12-12 21:48:04', NULL),
(1463, 87, 'Kalimantan Utara', '2023-12-12 21:48:04', NULL),
(1464, 87, 'Kepulauan Bangka Belitung', '2023-12-12 21:48:04', NULL),
(1465, 87, 'Kepulauan Riau', '2023-12-12 21:48:04', NULL),
(1466, 87, 'Lampung', '2023-12-12 21:48:04', NULL),
(1467, 87, 'Maluku', '2023-12-12 21:48:04', NULL),
(1468, 87, 'Maluku Utara', '2023-12-12 21:48:05', NULL),
(1469, 87, 'Nusa Tenggara Barat', '2023-12-12 21:48:05', NULL),
(1470, 87, 'Nusa Tenggara Timur', '2023-12-12 21:48:05', NULL),
(1471, 87, 'Papua', '2023-12-12 21:48:05', NULL),
(1472, 87, 'Papua Barat', '2023-12-12 21:48:05', NULL),
(1473, 87, 'Riau', '2023-12-12 21:48:05', NULL),
(1474, 87, 'Sulawesi Barat', '2023-12-12 21:48:05', NULL),
(1475, 87, 'Sulawesi Selatan', '2023-12-12 21:48:05', NULL),
(1476, 87, 'Sulawesi Tengah', '2023-12-12 21:48:05', NULL),
(1477, 87, 'Sulawesi Tenggara', '2023-12-12 21:48:05', NULL),
(1478, 87, 'Sulawesi Utara', '2023-12-12 21:48:05', NULL),
(1479, 87, 'Sumatera Barat', '2023-12-12 21:48:05', NULL),
(1480, 87, 'Sumatera Selatan', '2023-12-12 21:48:05', NULL),
(1481, 87, 'Sumatera Utara', '2023-12-12 21:48:05', NULL),
(1482, 88, 'Alborz', '2023-12-12 21:48:05', NULL),
(1483, 88, 'Ardabil', '2023-12-12 21:48:05', NULL),
(1484, 88, 'Bushehr', '2023-12-12 21:48:05', NULL),
(1485, 88, 'Chaharmahal and Bakhtiari', '2023-12-12 21:48:05', NULL),
(1486, 88, 'East Azerbaijan', '2023-12-12 21:48:05', NULL),
(1487, 88, 'Fars', '2023-12-12 21:48:05', NULL),
(1488, 88, 'Gilan', '2023-12-12 21:48:05', NULL),
(1489, 88, 'Golestan', '2023-12-12 21:48:05', NULL),
(1490, 88, 'Hamadan', '2023-12-12 21:48:05', NULL),
(1491, 88, 'Hormozgan', '2023-12-12 21:48:05', NULL),
(1492, 88, 'Ilam', '2023-12-12 21:48:05', NULL),
(1493, 88, 'Isfahan', '2023-12-12 21:48:05', NULL),
(1494, 88, 'Kerman', '2023-12-12 21:48:05', NULL),
(1495, 88, 'Kermanshah', '2023-12-12 21:48:05', NULL),
(1496, 88, 'Khuzestan', '2023-12-12 21:48:05', NULL),
(1497, 88, 'Kohgiluyeh and Boyer-Ahmad', '2023-12-12 21:48:05', NULL),
(1498, 88, 'Kurdistan', '2023-12-12 21:48:05', NULL),
(1499, 88, 'Lorestan', '2023-12-12 21:48:05', NULL),
(1500, 88, 'Markazi', '2023-12-12 21:48:05', NULL),
(1501, 88, 'Mazandaran', '2023-12-12 21:48:05', NULL),
(1502, 88, 'North Khorasan', '2023-12-12 21:48:05', NULL),
(1503, 88, 'Qazvin', '2023-12-12 21:48:05', NULL),
(1504, 88, 'Qom', '2023-12-12 21:48:05', NULL),
(1505, 88, 'Razavi Khorasan', '2023-12-12 21:48:05', NULL),
(1506, 88, 'Semnan', '2023-12-12 21:48:05', NULL),
(1507, 88, 'Sistan and Baluchestan', '2023-12-12 21:48:05', NULL),
(1508, 88, 'South Khorasan', '2023-12-12 21:48:05', NULL),
(1509, 88, 'Tehran', '2023-12-12 21:48:05', NULL),
(1510, 88, 'West Azarbaijan', '2023-12-12 21:48:05', NULL),
(1511, 88, 'Yazd', '2023-12-12 21:48:05', NULL),
(1512, 88, 'Zanjan', '2023-12-12 21:48:05', NULL),
(1513, 89, 'Al Anbar', '2023-12-12 21:48:05', NULL),
(1514, 89, 'Al Muthanna', '2023-12-12 21:48:05', NULL),
(1515, 89, 'Al-Qdisiyyah', '2023-12-12 21:48:05', NULL),
(1516, 89, 'Babylon', '2023-12-12 21:48:05', NULL),
(1517, 89, 'Baghdad', '2023-12-12 21:48:05', NULL),
(1518, 89, 'Basra', '2023-12-12 21:48:05', NULL),
(1519, 89, 'Dhi Qar', '2023-12-12 21:48:05', NULL),
(1520, 89, 'Diyala', '2023-12-12 21:48:05', NULL),
(1521, 89, 'Dohuk', '2023-12-12 21:48:05', NULL),
(1522, 89, 'Erbil', '2023-12-12 21:48:05', NULL),
(1523, 89, 'Karbala', '2023-12-12 21:48:05', NULL),
(1524, 89, 'Kirkuk', '2023-12-12 21:48:05', NULL),
(1525, 89, 'Maysan', '2023-12-12 21:48:05', NULL),
(1526, 89, 'Najaf', '2023-12-12 21:48:05', NULL),
(1527, 89, 'Nineveh', '2023-12-12 21:48:05', NULL),
(1528, 89, 'Saladin', '2023-12-12 21:48:05', NULL),
(1529, 89, 'Sulaymaniyah', '2023-12-12 21:48:05', NULL),
(1530, 89, 'Wasit', '2023-12-12 21:48:05', NULL),
(1531, 20, 'Carlow', '2023-12-12 21:48:05', NULL),
(1532, 20, 'Cavan', '2023-12-12 21:48:05', NULL),
(1533, 20, 'Clare', '2023-12-12 21:48:05', NULL),
(1534, 20, 'Connacht', '2023-12-12 21:48:05', NULL),
(1535, 20, 'Cork', '2023-12-12 21:48:05', NULL),
(1536, 20, 'Donegal', '2023-12-12 21:48:05', NULL),
(1537, 20, 'Dublin', '2023-12-12 21:48:05', NULL),
(1538, 20, 'Galway', '2023-12-12 21:48:05', NULL),
(1539, 20, 'Kerry', '2023-12-12 21:48:05', NULL),
(1540, 20, 'Kildare', '2023-12-12 21:48:05', NULL),
(1541, 20, 'Kilkenny', '2023-12-12 21:48:05', NULL),
(1542, 20, 'Laois', '2023-12-12 21:48:05', NULL),
(1543, 20, 'Leinster', '2023-12-12 21:48:05', NULL),
(1544, 20, 'Limerick', '2023-12-12 21:48:05', NULL),
(1545, 20, 'Longford', '2023-12-12 21:48:05', NULL),
(1546, 20, 'Louth', '2023-12-12 21:48:05', NULL),
(1547, 20, 'Mayo', '2023-12-12 21:48:05', NULL),
(1548, 20, 'Meath', '2023-12-12 21:48:05', NULL),
(1549, 20, 'Monaghan', '2023-12-12 21:48:05', NULL),
(1550, 20, 'Munster', '2023-12-12 21:48:05', NULL),
(1551, 20, 'Offaly', '2023-12-12 21:48:05', NULL),
(1552, 20, 'Roscommon', '2023-12-12 21:48:05', NULL),
(1553, 20, 'Sligo', '2023-12-12 21:48:05', NULL),
(1554, 20, 'Tipperary', '2023-12-12 21:48:05', NULL),
(1555, 20, 'Ulster', '2023-12-12 21:48:05', NULL),
(1556, 20, 'Waterford', '2023-12-12 21:48:05', NULL),
(1557, 20, 'Westmeath', '2023-12-12 21:48:05', NULL),
(1558, 20, 'Wexford', '2023-12-12 21:48:05', NULL),
(1559, 20, 'Wicklow', '2023-12-12 21:48:05', NULL),
(1560, 21, 'Central District', '2023-12-12 21:48:05', NULL),
(1561, 21, 'Haifa District', '2023-12-12 21:48:05', NULL),
(1562, 21, 'Jerusalem District', '2023-12-12 21:48:05', NULL),
(1563, 21, 'Northern District', '2023-12-12 21:48:05', NULL),
(1564, 21, 'Southern District', '2023-12-12 21:48:05', NULL),
(1565, 21, 'Tel Aviv District', '2023-12-12 21:48:05', NULL),
(1566, 22, 'Abruzzo', '2023-12-12 21:48:05', NULL),
(1567, 22, 'Agrigento', '2023-12-12 21:48:05', NULL),
(1568, 22, 'Alessandria', '2023-12-12 21:48:05', NULL),
(1569, 22, 'Ancona', '2023-12-12 21:48:05', NULL),
(1570, 22, 'Aosta Valley', '2023-12-12 21:48:05', NULL),
(1571, 22, 'Apulia', '2023-12-12 21:48:05', NULL),
(1572, 22, 'Ascoli Piceno', '2023-12-12 21:48:05', NULL),
(1573, 22, 'Asti', '2023-12-12 21:48:05', NULL),
(1574, 22, 'Avellino', '2023-12-12 21:48:05', NULL),
(1575, 22, 'Barletta-Andria-Trani', '2023-12-12 21:48:05', NULL),
(1576, 22, 'Basilicata', '2023-12-12 21:48:05', NULL),
(1577, 22, 'Belluno', '2023-12-12 21:48:05', NULL),
(1578, 22, 'Benevento', '2023-12-12 21:48:05', NULL),
(1579, 22, 'Bergamo', '2023-12-12 21:48:05', NULL),
(1580, 22, 'Biella', '2023-12-12 21:48:05', NULL),
(1581, 22, 'Brescia', '2023-12-12 21:48:05', NULL),
(1582, 22, 'Brindisi', '2023-12-12 21:48:05', NULL),
(1583, 22, 'Calabria', '2023-12-12 21:48:05', NULL),
(1584, 22, 'Caltanissetta', '2023-12-12 21:48:05', NULL),
(1585, 22, 'Campania', '2023-12-12 21:48:05', NULL),
(1586, 22, 'Campobasso', '2023-12-12 21:48:05', NULL),
(1587, 22, 'Caserta', '2023-12-12 21:48:05', NULL),
(1588, 22, 'Catanzaro', '2023-12-12 21:48:05', NULL),
(1589, 22, 'Chieti', '2023-12-12 21:48:05', NULL),
(1590, 22, 'Como', '2023-12-12 21:48:05', NULL),
(1591, 22, 'Cosenza', '2023-12-12 21:48:05', NULL),
(1592, 22, 'Cremona', '2023-12-12 21:48:05', NULL),
(1593, 22, 'Crotone', '2023-12-12 21:48:05', NULL),
(1594, 22, 'Cuneo', '2023-12-12 21:48:05', NULL),
(1595, 22, 'Emilia-Romagna', '2023-12-12 21:48:05', NULL),
(1596, 22, 'Enna', '2023-12-12 21:48:05', NULL),
(1597, 22, 'Fermo', '2023-12-12 21:48:05', NULL),
(1598, 22, 'Ferrara', '2023-12-12 21:48:05', NULL),
(1599, 22, 'Foggia', '2023-12-12 21:48:05', NULL),
(1600, 22, 'Forl-Cesena', '2023-12-12 21:48:05', NULL),
(1601, 22, 'FriuliVenezia Giulia', '2023-12-12 21:48:05', NULL),
(1602, 22, 'Frosinone', '2023-12-12 21:48:05', NULL),
(1603, 22, 'Gorizia', '2023-12-12 21:48:05', NULL),
(1604, 22, 'Grosseto', '2023-12-12 21:48:05', NULL),
(1605, 22, 'Imperia', '2023-12-12 21:48:05', NULL),
(1606, 22, 'Isernia', '2023-12-12 21:48:05', NULL),
(1607, 22, 'L\'Aquila', '2023-12-12 21:48:05', NULL),
(1608, 22, 'La Spezia', '2023-12-12 21:48:05', NULL),
(1609, 22, 'Latina', '2023-12-12 21:48:05', NULL),
(1610, 22, 'Lazio', '2023-12-12 21:48:05', NULL),
(1611, 22, 'Lecce', '2023-12-12 21:48:05', NULL),
(1612, 22, 'Lecco', '2023-12-12 21:48:05', NULL),
(1613, 22, 'Liguria', '2023-12-12 21:48:05', NULL),
(1614, 22, 'Livorno', '2023-12-12 21:48:05', NULL),
(1615, 22, 'Lodi', '2023-12-12 21:48:05', NULL),
(1616, 22, 'Lombardy', '2023-12-12 21:48:05', NULL),
(1617, 22, 'Lucca', '2023-12-12 21:48:05', NULL),
(1618, 22, 'Macerata', '2023-12-12 21:48:05', NULL),
(1619, 22, 'Mantua', '2023-12-12 21:48:05', NULL),
(1620, 22, 'Marche', '2023-12-12 21:48:05', NULL),
(1621, 22, 'Massa and Carrara', '2023-12-12 21:48:05', NULL),
(1622, 22, 'Matera', '2023-12-12 21:48:05', NULL),
(1623, 22, 'Medio Campidano', '2023-12-12 21:48:05', NULL),
(1624, 22, 'Modena', '2023-12-12 21:48:05', NULL),
(1625, 22, 'Molise', '2023-12-12 21:48:05', NULL),
(1626, 22, 'Monza and Brianza', '2023-12-12 21:48:05', NULL),
(1627, 22, 'Novara', '2023-12-12 21:48:05', NULL),
(1628, 22, 'Nuoro', '2023-12-12 21:48:05', NULL),
(1629, 22, 'Oristano', '2023-12-12 21:48:05', NULL),
(1630, 22, 'Padua', '2023-12-12 21:48:05', NULL),
(1631, 22, 'Palermo', '2023-12-12 21:48:05', NULL),
(1632, 22, 'Parma', '2023-12-12 21:48:05', NULL),
(1633, 22, 'Pavia', '2023-12-12 21:48:05', NULL),
(1634, 22, 'Perugia', '2023-12-12 21:48:05', NULL),
(1635, 22, 'Pesaro and Urbino', '2023-12-12 21:48:05', NULL),
(1636, 22, 'Pescara', '2023-12-12 21:48:05', NULL),
(1637, 22, 'Piacenza', '2023-12-12 21:48:05', NULL),
(1638, 22, 'Piedmont', '2023-12-12 21:48:05', NULL),
(1639, 22, 'Pisa', '2023-12-12 21:48:05', NULL),
(1640, 22, 'Pistoia', '2023-12-12 21:48:05', NULL),
(1641, 22, 'Pordenone', '2023-12-12 21:48:05', NULL),
(1642, 22, 'Potenza', '2023-12-12 21:48:05', NULL),
(1643, 22, 'Prato', '2023-12-12 21:48:05', NULL),
(1644, 22, 'Ragusa', '2023-12-12 21:48:05', NULL),
(1645, 22, 'Ravenna', '2023-12-12 21:48:05', NULL),
(1646, 22, 'Reggio Emilia', '2023-12-12 21:48:05', NULL),
(1647, 22, 'Rieti', '2023-12-12 21:48:05', NULL),
(1648, 22, 'Rimini', '2023-12-12 21:48:05', NULL),
(1649, 22, 'Rovigo', '2023-12-12 21:48:05', NULL),
(1650, 22, 'Salerno', '2023-12-12 21:48:05', NULL),
(1651, 22, 'Sardinia', '2023-12-12 21:48:05', NULL),
(1652, 22, 'Sassari', '2023-12-12 21:48:05', NULL),
(1653, 22, 'Savona', '2023-12-12 21:48:05', NULL),
(1654, 22, 'Sicily', '2023-12-12 21:48:05', NULL),
(1655, 22, 'Siena', '2023-12-12 21:48:05', NULL),
(1656, 22, 'Siracusa', '2023-12-12 21:48:05', NULL),
(1657, 22, 'Sondrio', '2023-12-12 21:48:05', NULL),
(1658, 22, 'South Sardinia', '2023-12-12 21:48:05', NULL),
(1659, 22, 'Taranto', '2023-12-12 21:48:05', NULL),
(1660, 22, 'Teramo', '2023-12-12 21:48:05', NULL),
(1661, 22, 'Terni', '2023-12-12 21:48:05', NULL),
(1662, 22, 'Trapani', '2023-12-12 21:48:05', NULL),
(1663, 22, 'Trentino-South Tyrol', '2023-12-12 21:48:05', NULL),
(1664, 22, 'Treviso', '2023-12-12 21:48:05', NULL),
(1665, 22, 'Trieste', '2023-12-12 21:48:05', NULL),
(1666, 22, 'Tuscany', '2023-12-12 21:48:05', NULL),
(1667, 22, 'Udine', '2023-12-12 21:48:05', NULL),
(1668, 22, 'Umbria', '2023-12-12 21:48:05', NULL),
(1669, 22, 'Varese', '2023-12-12 21:48:05', NULL),
(1670, 22, 'Veneto', '2023-12-12 21:48:05', NULL),
(1671, 22, 'Verbano-Cusio-Ossola', '2023-12-12 21:48:05', NULL),
(1672, 22, 'Vercelli', '2023-12-12 21:48:05', NULL),
(1673, 22, 'Verona', '2023-12-12 21:48:05', NULL),
(1674, 22, 'Vibo Valentia', '2023-12-12 21:48:05', NULL),
(1675, 22, 'Vicenza', '2023-12-12 21:48:05', NULL),
(1676, 22, 'Viterbo', '2023-12-12 21:48:05', NULL),
(1677, 90, 'Clarendon Parish', '2023-12-12 21:48:05', NULL),
(1678, 90, 'Hanover Parish', '2023-12-12 21:48:05', NULL),
(1679, 90, 'Kingston Parish', '2023-12-12 21:48:05', NULL),
(1680, 90, 'Manchester Parish', '2023-12-12 21:48:05', NULL),
(1681, 90, 'Portland Parish', '2023-12-12 21:48:05', NULL),
(1682, 90, 'Saint Andrew', '2023-12-12 21:48:05', NULL),
(1683, 90, 'Saint Ann Parish', '2023-12-12 21:48:05', NULL),
(1684, 90, 'Saint Catherine Parish', '2023-12-12 21:48:05', NULL),
(1685, 90, 'Saint Elizabeth Parish', '2023-12-12 21:48:05', NULL),
(1686, 90, 'Saint James Parish', '2023-12-12 21:48:05', NULL),
(1687, 90, 'Saint Mary Parish', '2023-12-12 21:48:05', NULL),
(1688, 90, 'Saint Thomas Parish', '2023-12-12 21:48:05', NULL),
(1689, 90, 'Trelawny Parish', '2023-12-12 21:48:05', NULL),
(1690, 90, 'Westmoreland Parish', '2023-12-12 21:48:05', NULL),
(1691, 23, 'Aichi Prefecture', '2023-12-12 21:48:05', NULL),
(1692, 23, 'Akita Prefecture', '2023-12-12 21:48:05', NULL),
(1693, 23, 'Aomori Prefecture', '2023-12-12 21:48:05', NULL),
(1694, 23, 'Chiba Prefecture', '2023-12-12 21:48:05', NULL),
(1695, 23, 'Ehime Prefecture', '2023-12-12 21:48:05', NULL),
(1696, 23, 'Fukui Prefecture', '2023-12-12 21:48:05', NULL),
(1697, 23, 'Fukuoka Prefecture', '2023-12-12 21:48:05', NULL),
(1698, 23, 'Fukushima Prefecture', '2023-12-12 21:48:05', NULL),
(1699, 23, 'Gifu Prefecture', '2023-12-12 21:48:05', NULL),
(1700, 23, 'Gunma Prefecture', '2023-12-12 21:48:05', NULL),
(1701, 23, 'Hiroshima Prefecture', '2023-12-12 21:48:05', NULL),
(1702, 23, 'Hokkaid Prefecture', '2023-12-12 21:48:05', NULL),
(1703, 23, 'Hygo Prefecture', '2023-12-12 21:48:05', NULL),
(1704, 23, 'Ibaraki Prefecture', '2023-12-12 21:48:05', NULL),
(1705, 23, 'Ishikawa Prefecture', '2023-12-12 21:48:05', NULL),
(1706, 23, 'Iwate Prefecture', '2023-12-12 21:48:05', NULL),
(1707, 23, 'Kagawa Prefecture', '2023-12-12 21:48:05', NULL),
(1708, 23, 'Kagoshima Prefecture', '2023-12-12 21:48:05', NULL),
(1709, 23, 'Kanagawa Prefecture', '2023-12-12 21:48:05', NULL),
(1710, 23, 'Kchi Prefecture', '2023-12-12 21:48:05', NULL),
(1711, 23, 'Kumamoto Prefecture', '2023-12-12 21:48:05', NULL),
(1712, 23, 'Kyto Prefecture', '2023-12-12 21:48:05', NULL),
(1713, 23, 'Mie Prefecture', '2023-12-12 21:48:05', NULL),
(1714, 23, 'Miyagi Prefecture', '2023-12-12 21:48:05', NULL),
(1715, 23, 'Miyazaki Prefecture', '2023-12-12 21:48:05', NULL),
(1716, 23, 'Nagano Prefecture', '2023-12-12 21:48:05', NULL),
(1717, 23, 'Nagasaki Prefecture', '2023-12-12 21:48:05', NULL),
(1718, 23, 'Nara Prefecture', '2023-12-12 21:48:05', NULL),
(1719, 23, 'Niigata Prefecture', '2023-12-12 21:48:05', NULL),
(1720, 23, 'ita Prefecture', '2023-12-12 21:48:05', NULL),
(1721, 23, 'Okayama Prefecture', '2023-12-12 21:48:05', NULL),
(1722, 23, 'Okinawa Prefecture', '2023-12-12 21:48:05', NULL),
(1723, 23, 'saka Prefecture', '2023-12-12 21:48:05', NULL),
(1724, 23, 'Saga Prefecture', '2023-12-12 21:48:05', NULL),
(1725, 23, 'Saitama Prefecture', '2023-12-12 21:48:05', NULL),
(1726, 23, 'Shiga Prefecture', '2023-12-12 21:48:05', NULL),
(1727, 23, 'Shimane Prefecture', '2023-12-12 21:48:05', NULL),
(1728, 23, 'Shizuoka Prefecture', '2023-12-12 21:48:05', NULL),
(1729, 23, 'Tochigi Prefecture', '2023-12-12 21:48:05', NULL),
(1730, 23, 'Tokushima Prefecture', '2023-12-12 21:48:05', NULL),
(1731, 23, 'Tokyo', '2023-12-12 21:48:05', NULL),
(1732, 23, 'Tottori Prefecture', '2023-12-12 21:48:05', NULL),
(1733, 23, 'Toyama Prefecture', '2023-12-12 21:48:05', NULL),
(1734, 23, 'Wakayama Prefecture', '2023-12-12 21:48:05', NULL),
(1735, 23, 'Yamagata Prefecture', '2023-12-12 21:48:05', NULL),
(1736, 23, 'Yamaguchi Prefecture', '2023-12-12 21:48:05', NULL),
(1737, 23, 'Yamanashi Prefecture', '2023-12-12 21:48:05', NULL),
(1738, 91, 'Ajloun', '2023-12-12 21:48:05', NULL),
(1739, 91, 'Amman', '2023-12-12 21:48:05', NULL),
(1740, 91, 'Aqaba', '2023-12-12 21:48:05', NULL),
(1741, 91, 'Balqa', '2023-12-12 21:48:05', NULL),
(1742, 91, 'Irbid', '2023-12-12 21:48:05', NULL),
(1743, 91, 'Jerash', '2023-12-12 21:48:05', NULL),
(1744, 91, 'Karak', '2023-12-12 21:48:05', NULL),
(1745, 91, 'Ma\'an', '2023-12-12 21:48:05', NULL),
(1746, 91, 'Madaba', '2023-12-12 21:48:05', NULL),
(1747, 91, 'Mafraq', '2023-12-12 21:48:05', NULL),
(1748, 91, 'Tafilah', '2023-12-12 21:48:05', NULL),
(1749, 91, 'Zarqa', '2023-12-12 21:48:05', NULL),
(1750, 92, 'Akmola Region', '2023-12-12 21:48:05', NULL),
(1751, 92, 'Aktobe Region', '2023-12-12 21:48:05', NULL),
(1752, 92, 'Almaty', '2023-12-12 21:48:05', NULL),
(1753, 92, 'Almaty Region', '2023-12-12 21:48:05', NULL),
(1754, 92, 'Atyrau Region', '2023-12-12 21:48:05', NULL),
(1755, 92, 'Baikonur', '2023-12-12 21:48:05', NULL),
(1756, 92, 'East Kazakhstan Region', '2023-12-12 21:48:05', NULL),
(1757, 92, 'Jambyl Region', '2023-12-12 21:48:05', NULL),
(1758, 92, 'Karaganda Region', '2023-12-12 21:48:05', NULL),
(1759, 92, 'Kostanay Region', '2023-12-12 21:48:05', NULL),
(1760, 92, 'Kyzylorda Region', '2023-12-12 21:48:05', NULL),
(1761, 92, 'Mangystau Region', '2023-12-12 21:48:05', NULL),
(1762, 92, 'North Kazakhstan Region', '2023-12-12 21:48:05', NULL),
(1763, 92, 'Nur-Sultan', '2023-12-12 21:48:05', NULL),
(1764, 92, 'Pavlodar Region', '2023-12-12 21:48:05', NULL),
(1765, 92, 'Turkestan Region', '2023-12-12 21:48:05', NULL),
(1766, 92, 'West Kazakhstan Province', '2023-12-12 21:48:05', NULL),
(1767, 93, 'Baringo', '2023-12-12 21:48:05', NULL),
(1768, 93, 'Bomet', '2023-12-12 21:48:05', NULL),
(1769, 93, 'Bungoma', '2023-12-12 21:48:05', NULL),
(1770, 93, 'Busia', '2023-12-12 21:48:05', NULL),
(1771, 93, 'Elgeyo-Marakwet', '2023-12-12 21:48:05', NULL),
(1772, 93, 'Embu', '2023-12-12 21:48:05', NULL),
(1773, 93, 'Garissa', '2023-12-12 21:48:05', NULL),
(1774, 93, 'Homa Bay', '2023-12-12 21:48:05', NULL),
(1775, 93, 'Isiolo', '2023-12-12 21:48:05', NULL),
(1776, 93, 'Kajiado', '2023-12-12 21:48:05', NULL),
(1777, 93, 'Kakamega', '2023-12-12 21:48:05', NULL),
(1778, 93, 'Kericho', '2023-12-12 21:48:05', NULL),
(1779, 93, 'Kiambu', '2023-12-12 21:48:05', NULL),
(1780, 93, 'Kilifi', '2023-12-12 21:48:05', NULL),
(1781, 93, 'Kirinyaga', '2023-12-12 21:48:05', NULL),
(1782, 93, 'Kisii', '2023-12-12 21:48:05', NULL),
(1783, 93, 'Kisumu', '2023-12-12 21:48:05', NULL),
(1784, 93, 'Kitui', '2023-12-12 21:48:05', NULL),
(1785, 93, 'Kwale', '2023-12-12 21:48:05', NULL),
(1786, 93, 'Laikipia', '2023-12-12 21:48:05', NULL),
(1787, 93, 'Lamu', '2023-12-12 21:48:05', NULL),
(1788, 93, 'Machakos', '2023-12-12 21:48:05', NULL),
(1789, 93, 'Makueni', '2023-12-12 21:48:05', NULL),
(1790, 93, 'Mandera', '2023-12-12 21:48:05', NULL),
(1791, 93, 'Marsabit', '2023-12-12 21:48:05', NULL),
(1792, 93, 'Meru', '2023-12-12 21:48:05', NULL),
(1793, 93, 'Migori', '2023-12-12 21:48:05', NULL),
(1794, 93, 'Mombasa', '2023-12-12 21:48:05', NULL),
(1795, 93, 'Murang\'a', '2023-12-12 21:48:05', NULL),
(1796, 93, 'Nairobi City', '2023-12-12 21:48:05', NULL),
(1797, 93, 'Nakuru', '2023-12-12 21:48:05', NULL),
(1798, 93, 'Nandi', '2023-12-12 21:48:05', NULL),
(1799, 93, 'Narok', '2023-12-12 21:48:05', NULL),
(1800, 93, 'Nyamira', '2023-12-12 21:48:05', NULL),
(1801, 93, 'Nyandarua', '2023-12-12 21:48:05', NULL),
(1802, 93, 'Nyeri', '2023-12-12 21:48:05', NULL),
(1803, 93, 'Samburu', '2023-12-12 21:48:05', NULL),
(1804, 93, 'Siaya', '2023-12-12 21:48:05', NULL),
(1805, 93, 'TaitaTaveta', '2023-12-12 21:48:05', NULL),
(1806, 93, 'Tana River', '2023-12-12 21:48:05', NULL),
(1807, 93, 'Tharaka-Nithi', '2023-12-12 21:48:05', NULL),
(1808, 93, 'Trans Nzoia', '2023-12-12 21:48:05', NULL),
(1809, 93, 'Turkana', '2023-12-12 21:48:05', NULL),
(1810, 93, 'Uasin Gishu', '2023-12-12 21:48:05', NULL),
(1811, 93, 'Vihiga', '2023-12-12 21:48:05', NULL),
(1812, 93, 'Wajir', '2023-12-12 21:48:05', NULL),
(1813, 93, 'West Pokot', '2023-12-12 21:48:05', NULL),
(1814, 95, 'Al Ahmadi', '2023-12-12 21:48:05', NULL),
(1815, 95, 'Al Farwaniyah', '2023-12-12 21:48:05', NULL),
(1816, 95, 'Al Jahra', '2023-12-12 21:48:05', NULL),
(1817, 95, 'Capital', '2023-12-12 21:48:05', NULL),
(1818, 95, 'Hawalli', '2023-12-12 21:48:05', NULL),
(1819, 95, 'Mubarak Al-Kabeer', '2023-12-12 21:48:05', NULL),
(1820, 24, 'Batken Region', '2023-12-12 21:48:05', NULL),
(1821, 24, 'Bishkek', '2023-12-12 21:48:05', NULL),
(1822, 24, 'Chuy Region', '2023-12-12 21:48:05', NULL),
(1823, 24, 'Issyk-Kul Region', '2023-12-12 21:48:05', NULL),
(1824, 24, 'Jalal-Abad Region', '2023-12-12 21:48:05', NULL),
(1825, 24, 'Naryn Region', '2023-12-12 21:48:05', NULL),
(1826, 24, 'Osh', '2023-12-12 21:48:05', NULL),
(1827, 24, 'Osh Region', '2023-12-12 21:48:05', NULL),
(1828, 24, 'Talas Region', '2023-12-12 21:48:05', NULL),
(1829, 55, 'Attapeu Province', '2023-12-12 21:48:05', NULL),
(1830, 55, 'Bokeo Province', '2023-12-12 21:48:05', NULL),
(1831, 55, 'Bolikhamsai Province', '2023-12-12 21:48:05', NULL),
(1832, 55, 'Champasak Province', '2023-12-12 21:48:05', NULL),
(1833, 55, 'Houaphanh Province', '2023-12-12 21:48:05', NULL),
(1834, 55, 'Khammouane Province', '2023-12-12 21:48:05', NULL),
(1835, 55, 'Luang Namtha Province', '2023-12-12 21:48:05', NULL),
(1836, 55, 'Luang Prabang Province', '2023-12-12 21:48:05', NULL),
(1837, 55, 'Oudomxay Province', '2023-12-12 21:48:05', NULL),
(1838, 55, 'Phongsaly Province', '2023-12-12 21:48:05', NULL),
(1839, 55, 'Sainyabuli Province', '2023-12-12 21:48:05', NULL),
(1840, 55, 'Salavan Province', '2023-12-12 21:48:05', NULL),
(1841, 55, 'Savannakhet Province', '2023-12-12 21:48:05', NULL),
(1842, 55, 'Sekong Province', '2023-12-12 21:48:05', NULL),
(1843, 55, 'Vientiane Prefecture', '2023-12-12 21:48:05', NULL),
(1844, 55, 'Vientiane Province', '2023-12-12 21:48:06', NULL),
(1845, 55, 'Xaisomboun', '2023-12-12 21:48:06', NULL),
(1846, 55, 'Xaisomboun Province', '2023-12-12 21:48:06', NULL),
(1847, 55, 'Xiangkhouang Province', '2023-12-12 21:48:06', NULL);
INSERT INTO `states` (`id`, `country_id`, `state`, `created_at`, `updated_at`) VALUES
(1848, 96, 'Aglona Municipality', '2023-12-12 21:48:06', NULL),
(1849, 96, 'Aizkraukle Municipality', '2023-12-12 21:48:06', NULL),
(1850, 96, 'Aizpute Municipality', '2023-12-12 21:48:06', NULL),
(1851, 96, 'Aknste Municipality', '2023-12-12 21:48:06', NULL),
(1852, 96, 'Aloja Municipality', '2023-12-12 21:48:06', NULL),
(1853, 96, 'Alsunga Municipality', '2023-12-12 21:48:06', NULL),
(1854, 96, 'Alksne Municipality', '2023-12-12 21:48:06', NULL),
(1855, 96, 'Amata Municipality', '2023-12-12 21:48:06', NULL),
(1856, 96, 'Ape Municipality', '2023-12-12 21:48:06', NULL),
(1857, 96, 'Auce Municipality', '2023-12-12 21:48:06', NULL),
(1858, 96, 'Babte Municipality', '2023-12-12 21:48:06', NULL),
(1859, 96, 'Baldone Municipality', '2023-12-12 21:48:06', NULL),
(1860, 96, 'Baltinava Municipality', '2023-12-12 21:48:06', NULL),
(1861, 96, 'Balvi Municipality', '2023-12-12 21:48:06', NULL),
(1862, 96, 'Bauska Municipality', '2023-12-12 21:48:06', NULL),
(1863, 96, 'Beverna Municipality', '2023-12-12 21:48:06', NULL),
(1864, 96, 'Brocni Municipality', '2023-12-12 21:48:06', NULL),
(1865, 96, 'Burtnieki Municipality', '2023-12-12 21:48:06', NULL),
(1866, 96, 'Carnikava Municipality', '2023-12-12 21:48:06', NULL),
(1867, 96, 'Csis Municipality', '2023-12-12 21:48:06', NULL),
(1868, 96, 'Cesvaine Municipality', '2023-12-12 21:48:06', NULL),
(1869, 96, 'Cibla Municipality', '2023-12-12 21:48:06', NULL),
(1870, 96, 'Dagda Municipality', '2023-12-12 21:48:06', NULL),
(1871, 96, 'Daugavpils', '2023-12-12 21:48:06', NULL),
(1872, 96, 'Daugavpils Municipality', '2023-12-12 21:48:06', NULL),
(1873, 96, 'Dobele Municipality', '2023-12-12 21:48:06', NULL),
(1874, 96, 'Dundaga Municipality', '2023-12-12 21:48:06', NULL),
(1875, 96, 'Durbe Municipality', '2023-12-12 21:48:06', NULL),
(1876, 96, 'Engure Municipality', '2023-12-12 21:48:06', NULL),
(1877, 96, 'rgi Municipality', '2023-12-12 21:48:06', NULL),
(1878, 96, 'Garkalne Municipality', '2023-12-12 21:48:06', NULL),
(1879, 96, 'Grobia Municipality', '2023-12-12 21:48:06', NULL),
(1880, 96, 'Gulbene Municipality', '2023-12-12 21:48:06', NULL),
(1881, 96, 'Iecava Municipality', '2023-12-12 21:48:06', NULL),
(1882, 96, 'Ikile Municipality', '2023-12-12 21:48:06', NULL),
(1883, 96, 'Ilkste Municipality', '2023-12-12 21:48:06', NULL),
(1884, 96, 'Inukalns Municipality', '2023-12-12 21:48:06', NULL),
(1885, 96, 'Jaunjelgava Municipality', '2023-12-12 21:48:06', NULL),
(1886, 96, 'Jaunpiebalga Municipality', '2023-12-12 21:48:06', NULL),
(1887, 96, 'Jaunpils Municipality', '2023-12-12 21:48:06', NULL),
(1888, 96, 'Jkabpils', '2023-12-12 21:48:06', NULL),
(1889, 96, 'Jkabpils Municipality', '2023-12-12 21:48:06', NULL),
(1890, 96, 'Jelgava', '2023-12-12 21:48:06', NULL),
(1891, 96, 'Jelgava Municipality', '2023-12-12 21:48:06', NULL),
(1892, 96, 'Jrmala', '2023-12-12 21:48:06', NULL),
(1893, 96, 'Kandava Municipality', '2023-12-12 21:48:06', NULL),
(1894, 96, 'Krsava Municipality', '2023-12-12 21:48:06', NULL),
(1895, 96, 'egums Municipality', '2023-12-12 21:48:06', NULL),
(1896, 96, 'ekava Municipality', '2023-12-12 21:48:06', NULL),
(1897, 96, 'Kocni Municipality', '2023-12-12 21:48:06', NULL),
(1898, 96, 'Koknese Municipality', '2023-12-12 21:48:06', NULL),
(1899, 96, 'Krslava Municipality', '2023-12-12 21:48:06', NULL),
(1900, 96, 'Krimulda Municipality', '2023-12-12 21:48:06', NULL),
(1901, 96, 'Krustpils Municipality', '2023-12-12 21:48:06', NULL),
(1902, 96, 'Kuldga Municipality', '2023-12-12 21:48:06', NULL),
(1903, 96, 'Lielvrde Municipality', '2023-12-12 21:48:06', NULL),
(1904, 96, 'Liepja', '2023-12-12 21:48:06', NULL),
(1905, 96, 'Lgatne Municipality', '2023-12-12 21:48:06', NULL),
(1906, 96, 'Limbai Municipality', '2023-12-12 21:48:06', NULL),
(1907, 96, 'Lvni Municipality', '2023-12-12 21:48:06', NULL),
(1908, 96, 'Lubna Municipality', '2023-12-12 21:48:06', NULL),
(1909, 96, 'Ludza Municipality', '2023-12-12 21:48:06', NULL),
(1910, 96, 'Madona Municipality', '2023-12-12 21:48:06', NULL),
(1911, 96, 'Mlpils Municipality', '2023-12-12 21:48:06', NULL),
(1912, 96, 'Mrupe Municipality', '2023-12-12 21:48:06', NULL),
(1913, 96, 'Mazsalaca Municipality', '2023-12-12 21:48:06', NULL),
(1914, 96, 'Mrsrags Municipality', '2023-12-12 21:48:06', NULL),
(1915, 96, 'Naukni Municipality', '2023-12-12 21:48:06', NULL),
(1916, 96, 'Nereta Municipality', '2023-12-12 21:48:06', NULL),
(1917, 96, 'Nca Municipality', '2023-12-12 21:48:06', NULL),
(1918, 96, 'Ogre Municipality', '2023-12-12 21:48:06', NULL),
(1919, 96, 'Olaine Municipality', '2023-12-12 21:48:06', NULL),
(1920, 96, 'Ozolnieki Municipality', '2023-12-12 21:48:06', NULL),
(1921, 96, 'Prgauja Municipality', '2023-12-12 21:48:06', NULL),
(1922, 96, 'Pvilosta Municipality', '2023-12-12 21:48:06', NULL),
(1923, 96, 'Pavias Municipality', '2023-12-12 21:48:06', NULL),
(1924, 96, 'Preii Municipality', '2023-12-12 21:48:06', NULL),
(1925, 96, 'Priekule Municipality', '2023-12-12 21:48:06', NULL),
(1926, 96, 'Priekui Municipality', '2023-12-12 21:48:06', NULL),
(1927, 96, 'Rauna Municipality', '2023-12-12 21:48:06', NULL),
(1928, 96, 'Rzekne', '2023-12-12 21:48:06', NULL),
(1929, 96, 'Rzekne Municipality', '2023-12-12 21:48:06', NULL),
(1930, 96, 'Riebii Municipality', '2023-12-12 21:48:06', NULL),
(1931, 96, 'Riga', '2023-12-12 21:48:06', NULL),
(1932, 96, 'Roja Municipality', '2023-12-12 21:48:06', NULL),
(1933, 96, 'Ropai Municipality', '2023-12-12 21:48:06', NULL),
(1934, 96, 'Rucava Municipality', '2023-12-12 21:48:06', NULL),
(1935, 96, 'Rugji Municipality', '2023-12-12 21:48:06', NULL),
(1936, 96, 'Rjiena Municipality', '2023-12-12 21:48:06', NULL),
(1937, 96, 'Rundle Municipality', '2023-12-12 21:48:06', NULL),
(1938, 96, 'Sala Municipality', '2023-12-12 21:48:06', NULL),
(1939, 96, 'Salacgrva Municipality', '2023-12-12 21:48:06', NULL),
(1940, 96, 'Salaspils Municipality', '2023-12-12 21:48:06', NULL),
(1941, 96, 'Saldus Municipality', '2023-12-12 21:48:06', NULL),
(1942, 96, 'Saulkrasti Municipality', '2023-12-12 21:48:06', NULL),
(1943, 96, 'Sja Municipality', '2023-12-12 21:48:06', NULL),
(1944, 96, 'Sigulda Municipality', '2023-12-12 21:48:06', NULL),
(1945, 96, 'Skrveri Municipality', '2023-12-12 21:48:06', NULL),
(1946, 96, 'Skrunda Municipality', '2023-12-12 21:48:06', NULL),
(1947, 96, 'Smiltene Municipality', '2023-12-12 21:48:06', NULL),
(1948, 96, 'Stopii Municipality', '2023-12-12 21:48:06', NULL),
(1949, 96, 'Streni Municipality', '2023-12-12 21:48:06', NULL),
(1950, 96, 'Talsi Municipality', '2023-12-12 21:48:06', NULL),
(1951, 96, 'Trvete Municipality', '2023-12-12 21:48:06', NULL),
(1952, 96, 'Tukums Municipality', '2023-12-12 21:48:06', NULL),
(1953, 96, 'Vaiode Municipality', '2023-12-12 21:48:06', NULL),
(1954, 96, 'Valka Municipality', '2023-12-12 21:48:06', NULL),
(1955, 96, 'Valmiera', '2023-12-12 21:48:06', NULL),
(1956, 96, 'Varakni Municipality', '2023-12-12 21:48:06', NULL),
(1957, 96, 'Vrkava Municipality', '2023-12-12 21:48:06', NULL),
(1958, 96, 'Vecpiebalga Municipality', '2023-12-12 21:48:06', NULL),
(1959, 96, 'Vecumnieki Municipality', '2023-12-12 21:48:06', NULL),
(1960, 96, 'Ventspils', '2023-12-12 21:48:06', NULL),
(1961, 96, 'Ventspils Municipality', '2023-12-12 21:48:06', NULL),
(1962, 96, 'Vieste Municipality', '2023-12-12 21:48:06', NULL),
(1963, 96, 'Viaka Municipality', '2023-12-12 21:48:06', NULL),
(1964, 96, 'Vini Municipality', '2023-12-12 21:48:06', NULL),
(1965, 96, 'Zilupe Municipality', '2023-12-12 21:48:06', NULL),
(1966, 97, 'Akkar', '2023-12-12 21:48:06', NULL),
(1967, 97, 'Baalbek-Hermel', '2023-12-12 21:48:06', NULL),
(1968, 97, 'Beirut', '2023-12-12 21:48:06', NULL),
(1969, 97, 'Beqaa', '2023-12-12 21:48:06', NULL),
(1970, 97, 'Mount Lebanon', '2023-12-12 21:48:06', NULL),
(1971, 97, 'Nabatieh', '2023-12-12 21:48:06', NULL),
(1972, 97, 'North', '2023-12-12 21:48:06', NULL),
(1973, 97, 'South', '2023-12-12 21:48:06', NULL),
(1974, 98, 'Bomi County', '2023-12-12 21:48:06', NULL),
(1975, 98, 'Bong County', '2023-12-12 21:48:06', NULL),
(1976, 98, 'Gbarpolu County', '2023-12-12 21:48:06', NULL),
(1977, 98, 'Grand Bassa County', '2023-12-12 21:48:06', NULL),
(1978, 98, 'Grand Cape Mount County', '2023-12-12 21:48:06', NULL),
(1979, 98, 'Grand Gedeh County', '2023-12-12 21:48:06', NULL),
(1980, 98, 'Grand Kru County', '2023-12-12 21:48:06', NULL),
(1981, 98, 'Lofa County', '2023-12-12 21:48:06', NULL),
(1982, 98, 'Margibi County', '2023-12-12 21:48:06', NULL),
(1983, 98, 'Maryland County', '2023-12-12 21:48:06', NULL),
(1984, 98, 'Montserrado County', '2023-12-12 21:48:06', NULL),
(1985, 98, 'Nimba', '2023-12-12 21:48:06', NULL),
(1986, 98, 'River Cess County', '2023-12-12 21:48:06', NULL),
(1987, 98, 'River Gee County', '2023-12-12 21:48:06', NULL),
(1988, 98, 'Sinoe County', '2023-12-12 21:48:06', NULL),
(1989, 99, 'Al Wahat District', '2023-12-12 21:48:06', NULL),
(1990, 99, 'Benghazi', '2023-12-12 21:48:06', NULL),
(1991, 99, 'Derna District', '2023-12-12 21:48:06', NULL),
(1992, 99, 'Ghat District', '2023-12-12 21:48:06', NULL),
(1993, 99, 'Jabal al Akhdar', '2023-12-12 21:48:06', NULL),
(1994, 99, 'Jabal al Gharbi District', '2023-12-12 21:48:06', NULL),
(1995, 99, 'Jafara', '2023-12-12 21:48:06', NULL),
(1996, 99, 'Jufra', '2023-12-12 21:48:06', NULL),
(1997, 99, 'Kufra District', '2023-12-12 21:48:06', NULL),
(1998, 99, 'Marj District', '2023-12-12 21:48:06', NULL),
(1999, 99, 'Misrata District', '2023-12-12 21:48:06', NULL),
(2000, 99, 'Murqub', '2023-12-12 21:48:06', NULL),
(2001, 99, 'Murzuq District', '2023-12-12 21:48:06', NULL),
(2002, 99, 'Nalut District', '2023-12-12 21:48:06', NULL),
(2003, 99, 'Nuqat al Khams', '2023-12-12 21:48:06', NULL),
(2004, 99, 'Sabha District', '2023-12-12 21:48:06', NULL),
(2005, 99, 'Sirte District', '2023-12-12 21:48:06', NULL),
(2006, 99, 'Tripoli District', '2023-12-12 21:48:06', NULL),
(2007, 99, 'Wadi al Hayaa District', '2023-12-12 21:48:06', NULL),
(2008, 99, 'Wadi al Shatii District', '2023-12-12 21:48:06', NULL),
(2009, 99, 'Zawiya District', '2023-12-12 21:48:06', NULL),
(2010, 100, 'Akmen District Municipality', '2023-12-12 21:48:06', NULL),
(2011, 100, 'Alytus City Municipality', '2023-12-12 21:48:06', NULL),
(2012, 100, 'Alytus County', '2023-12-12 21:48:06', NULL),
(2013, 100, 'Alytus District Municipality', '2023-12-12 21:48:06', NULL),
(2014, 100, 'Birtonas Municipality', '2023-12-12 21:48:06', NULL),
(2015, 100, 'Birai District Municipality', '2023-12-12 21:48:06', NULL),
(2016, 100, 'Druskininkai municipality', '2023-12-12 21:48:06', NULL),
(2017, 100, 'Elektrnai municipality', '2023-12-12 21:48:06', NULL),
(2018, 100, 'Ignalina District Municipality', '2023-12-12 21:48:06', NULL),
(2019, 100, 'Jonava District Municipality', '2023-12-12 21:48:06', NULL),
(2020, 100, 'Jonikis District Municipality', '2023-12-12 21:48:06', NULL),
(2021, 100, 'Jurbarkas District Municipality', '2023-12-12 21:48:06', NULL),
(2022, 100, 'Kaiiadorys District Municipality', '2023-12-12 21:48:06', NULL),
(2023, 100, 'Kalvarija municipality', '2023-12-12 21:48:06', NULL),
(2024, 100, 'Kaunas City Municipality', '2023-12-12 21:48:06', NULL),
(2025, 100, 'Kaunas County', '2023-12-12 21:48:06', NULL),
(2026, 100, 'Kaunas District Municipality', '2023-12-12 21:48:06', NULL),
(2027, 100, 'Kazl Rda municipality', '2023-12-12 21:48:06', NULL),
(2028, 100, 'Kdainiai District Municipality', '2023-12-12 21:48:06', NULL),
(2029, 100, 'Kelm District Municipality', '2023-12-12 21:48:06', NULL),
(2030, 100, 'Klaipeda City Municipality', '2023-12-12 21:48:06', NULL),
(2031, 100, 'Klaipda County', '2023-12-12 21:48:06', NULL),
(2032, 100, 'Klaipda District Municipality', '2023-12-12 21:48:06', NULL),
(2033, 100, 'Kretinga District Municipality', '2023-12-12 21:48:06', NULL),
(2034, 100, 'Kupikis District Municipality', '2023-12-12 21:48:06', NULL),
(2035, 100, 'Lazdijai District Municipality', '2023-12-12 21:48:06', NULL),
(2036, 100, 'Marijampol County', '2023-12-12 21:48:06', NULL),
(2037, 100, 'Marijampol Municipality', '2023-12-12 21:48:06', NULL),
(2038, 100, 'Maeikiai District Municipality', '2023-12-12 21:48:06', NULL),
(2039, 100, 'Moltai District Municipality', '2023-12-12 21:48:06', NULL),
(2040, 100, 'Neringa Municipality', '2023-12-12 21:48:06', NULL),
(2041, 100, 'Paggiai municipality', '2023-12-12 21:48:06', NULL),
(2042, 100, 'Pakruojis District Municipality', '2023-12-12 21:48:06', NULL),
(2043, 100, 'Palanga City Municipality', '2023-12-12 21:48:06', NULL),
(2044, 100, 'Panevys City Municipality', '2023-12-12 21:48:06', NULL),
(2045, 100, 'Panevys County', '2023-12-12 21:48:06', NULL),
(2046, 100, 'Panevys District Municipality', '2023-12-12 21:48:06', NULL),
(2047, 100, 'Pasvalys District Municipality', '2023-12-12 21:48:06', NULL),
(2048, 100, 'Plung District Municipality', '2023-12-12 21:48:06', NULL),
(2049, 100, 'Prienai District Municipality', '2023-12-12 21:48:06', NULL),
(2050, 100, 'Radvilikis District Municipality', '2023-12-12 21:48:06', NULL),
(2051, 100, 'Raseiniai District Municipality', '2023-12-12 21:48:06', NULL),
(2052, 100, 'Rietavas municipality', '2023-12-12 21:48:06', NULL),
(2053, 100, 'Rokikis District Municipality', '2023-12-12 21:48:06', NULL),
(2054, 100, 'akiai District Municipality', '2023-12-12 21:48:06', NULL),
(2055, 100, 'alininkai District Municipality', '2023-12-12 21:48:06', NULL),
(2056, 100, 'iauliai City Municipality', '2023-12-12 21:48:06', NULL),
(2057, 100, 'iauliai County', '2023-12-12 21:48:06', NULL),
(2058, 100, 'iauliai District Municipality', '2023-12-12 21:48:06', NULL),
(2059, 100, 'ilal District Municipality', '2023-12-12 21:48:06', NULL),
(2060, 100, 'ilut District Municipality', '2023-12-12 21:48:06', NULL),
(2061, 100, 'irvintos District Municipality', '2023-12-12 21:48:06', NULL),
(2062, 100, 'Skuodas District Municipality', '2023-12-12 21:48:06', NULL),
(2063, 100, 'venionys District Municipality', '2023-12-12 21:48:06', NULL),
(2064, 100, 'Taurag County', '2023-12-12 21:48:06', NULL),
(2065, 100, 'Taurag District Municipality', '2023-12-12 21:48:06', NULL),
(2066, 100, 'Teliai County', '2023-12-12 21:48:06', NULL),
(2067, 100, 'Teliai District Municipality', '2023-12-12 21:48:06', NULL),
(2068, 100, 'Trakai District Municipality', '2023-12-12 21:48:06', NULL),
(2069, 100, 'Ukmerg District Municipality', '2023-12-12 21:48:06', NULL),
(2070, 100, 'Utena County', '2023-12-12 21:48:06', NULL),
(2071, 100, 'Utena District Municipality', '2023-12-12 21:48:06', NULL),
(2072, 100, 'Varna District Municipality', '2023-12-12 21:48:06', NULL),
(2073, 100, 'Vilkavikis District Municipality', '2023-12-12 21:48:06', NULL),
(2074, 100, 'Vilnius City Municipality', '2023-12-12 21:48:06', NULL),
(2075, 100, 'Vilnius County', '2023-12-12 21:48:06', NULL),
(2076, 100, 'Vilnius District Municipality', '2023-12-12 21:48:06', NULL),
(2077, 100, 'Visaginas Municipality', '2023-12-12 21:48:06', NULL),
(2078, 100, 'Zarasai District Municipality', '2023-12-12 21:48:06', NULL),
(2079, 101, 'Canton of Capellen', '2023-12-12 21:48:06', NULL),
(2080, 101, 'Canton of Clervaux', '2023-12-12 21:48:06', NULL),
(2081, 101, 'Canton of Diekirch', '2023-12-12 21:48:06', NULL),
(2082, 101, 'Canton of Echternach', '2023-12-12 21:48:06', NULL),
(2083, 101, 'Canton of Esch-sur-Alzette', '2023-12-12 21:48:06', NULL),
(2084, 101, 'Canton of Grevenmacher', '2023-12-12 21:48:06', NULL),
(2085, 101, 'Canton of Luxembourg', '2023-12-12 21:48:06', NULL),
(2086, 101, 'Canton of Mersch', '2023-12-12 21:48:06', NULL),
(2087, 101, 'Canton of Redange', '2023-12-12 21:48:06', NULL),
(2088, 101, 'Canton of Remich', '2023-12-12 21:48:06', NULL),
(2089, 101, 'Canton of Vianden', '2023-12-12 21:48:06', NULL),
(2090, 101, 'Canton of Wiltz', '2023-12-12 21:48:06', NULL),
(2091, 101, 'Diekirch District', '2023-12-12 21:48:06', NULL),
(2092, 101, 'Grevenmacher District', '2023-12-12 21:48:06', NULL),
(2093, 101, 'Luxembourg District', '2023-12-12 21:48:06', NULL),
(2094, 102, 'Antananarivo Province', '2023-12-12 21:48:06', NULL),
(2095, 102, 'Antsiranana Province', '2023-12-12 21:48:06', NULL),
(2096, 102, 'Fianarantsoa Province', '2023-12-12 21:48:06', NULL),
(2097, 102, 'Mahajanga Province', '2023-12-12 21:48:06', NULL),
(2098, 102, 'Toamasina Province', '2023-12-12 21:48:06', NULL),
(2099, 102, 'Toliara Province', '2023-12-12 21:48:06', NULL),
(2100, 103, 'Balaka District', '2023-12-12 21:48:06', NULL),
(2101, 103, 'Blantyre District', '2023-12-12 21:48:06', NULL),
(2102, 103, 'Central Region', '2023-12-12 21:48:06', NULL),
(2103, 103, 'Chikwawa District', '2023-12-12 21:48:06', NULL),
(2104, 103, 'Chiradzulu District', '2023-12-12 21:48:06', NULL),
(2105, 103, 'Chitipa district', '2023-12-12 21:48:06', NULL),
(2106, 103, 'Dedza District', '2023-12-12 21:48:06', NULL),
(2107, 103, 'Dowa District', '2023-12-12 21:48:06', NULL),
(2108, 103, 'Karonga District', '2023-12-12 21:48:06', NULL),
(2109, 103, 'Kasungu District', '2023-12-12 21:48:06', NULL),
(2110, 103, 'Likoma District', '2023-12-12 21:48:06', NULL),
(2111, 103, 'Lilongwe District', '2023-12-12 21:48:06', NULL),
(2112, 103, 'Machinga District', '2023-12-12 21:48:06', NULL),
(2113, 103, 'Mangochi District', '2023-12-12 21:48:06', NULL),
(2114, 103, 'Mchinji District', '2023-12-12 21:48:06', NULL),
(2115, 103, 'Mulanje District', '2023-12-12 21:48:06', NULL),
(2116, 103, 'Mwanza District', '2023-12-12 21:48:06', NULL),
(2117, 103, 'Mzimba District', '2023-12-12 21:48:06', NULL),
(2118, 103, 'Nkhata Bay District', '2023-12-12 21:48:06', NULL),
(2119, 103, 'Nkhotakota District', '2023-12-12 21:48:06', NULL),
(2120, 103, 'Northern Region', '2023-12-12 21:48:06', NULL),
(2121, 103, 'Nsanje District', '2023-12-12 21:48:06', NULL),
(2122, 103, 'Ntcheu District', '2023-12-12 21:48:06', NULL),
(2123, 103, 'Ntchisi District', '2023-12-12 21:48:06', NULL),
(2124, 103, 'Phalombe District', '2023-12-12 21:48:06', NULL),
(2125, 103, 'Rumphi District', '2023-12-12 21:48:06', NULL),
(2126, 103, 'Salima District', '2023-12-12 21:48:06', NULL),
(2127, 103, 'Southern Region', '2023-12-12 21:48:06', NULL),
(2128, 103, 'Thyolo District', '2023-12-12 21:48:06', NULL),
(2129, 103, 'Zomba District', '2023-12-12 21:48:06', NULL),
(2130, 104, 'Johor', '2023-12-12 21:48:06', NULL),
(2131, 104, 'Kedah', '2023-12-12 21:48:06', NULL),
(2132, 104, 'Kelantan', '2023-12-12 21:48:06', NULL),
(2133, 104, 'Kuala Lumpur', '2023-12-12 21:48:06', NULL),
(2134, 104, 'Labuan', '2023-12-12 21:48:06', NULL),
(2135, 104, 'Malacca', '2023-12-12 21:48:06', NULL),
(2136, 104, 'Negeri Sembilan', '2023-12-12 21:48:06', NULL),
(2137, 104, 'Pahang', '2023-12-12 21:48:06', NULL),
(2138, 104, 'Penang', '2023-12-12 21:48:06', NULL),
(2139, 104, 'Perak', '2023-12-12 21:48:06', NULL),
(2140, 104, 'Perlis', '2023-12-12 21:48:06', NULL),
(2141, 104, 'Putrajaya', '2023-12-12 21:48:06', NULL),
(2142, 104, 'Sabah', '2023-12-12 21:48:06', NULL),
(2143, 104, 'Sarawak', '2023-12-12 21:48:06', NULL),
(2144, 104, 'Selangor', '2023-12-12 21:48:06', NULL),
(2145, 104, 'Terengganu', '2023-12-12 21:48:06', NULL),
(2146, 105, 'Addu Atoll', '2023-12-12 21:48:06', NULL),
(2147, 105, 'Alif Alif Atoll', '2023-12-12 21:48:06', NULL),
(2148, 105, 'Alif Dhaal Atoll', '2023-12-12 21:48:06', NULL),
(2149, 105, 'Central Province', '2023-12-12 21:48:06', NULL),
(2150, 105, 'Dhaalu Atoll', '2023-12-12 21:48:06', NULL),
(2151, 105, 'Faafu Atoll', '2023-12-12 21:48:06', NULL),
(2152, 105, 'Gaafu Alif Atoll', '2023-12-12 21:48:06', NULL),
(2153, 105, 'Gaafu Dhaalu Atoll', '2023-12-12 21:48:06', NULL),
(2154, 105, 'Gnaviyani Atoll', '2023-12-12 21:48:06', NULL),
(2155, 105, 'Haa Alif Atoll', '2023-12-12 21:48:06', NULL),
(2156, 105, 'Haa Dhaalu Atoll', '2023-12-12 21:48:06', NULL),
(2157, 105, 'Kaafu Atoll', '2023-12-12 21:48:06', NULL),
(2158, 105, 'Laamu Atoll', '2023-12-12 21:48:06', NULL),
(2159, 105, 'Lhaviyani Atoll', '2023-12-12 21:48:06', NULL),
(2160, 105, 'Mal', '2023-12-12 21:48:06', NULL),
(2161, 105, 'Meemu Atoll', '2023-12-12 21:48:06', NULL),
(2162, 105, 'Noonu Atoll', '2023-12-12 21:48:06', NULL),
(2163, 105, 'North Central Province', '2023-12-12 21:48:06', NULL),
(2164, 105, 'North Province', '2023-12-12 21:48:06', NULL),
(2165, 105, 'Raa Atoll', '2023-12-12 21:48:06', NULL),
(2166, 105, 'Shaviyani Atoll', '2023-12-12 21:48:06', NULL),
(2167, 105, 'South Central Province', '2023-12-12 21:48:06', NULL),
(2168, 105, 'South Province', '2023-12-12 21:48:06', NULL),
(2169, 105, 'Thaa Atoll', '2023-12-12 21:48:06', NULL),
(2170, 105, 'Upper South Province', '2023-12-12 21:48:06', NULL),
(2171, 105, 'Vaavu Atoll', '2023-12-12 21:48:06', NULL),
(2172, 106, 'Bamako', '2023-12-12 21:48:06', NULL),
(2173, 106, 'Gao Region', '2023-12-12 21:48:06', NULL),
(2174, 106, 'Kayes Region', '2023-12-12 21:48:06', NULL),
(2175, 106, 'Kidal Region', '2023-12-12 21:48:06', NULL),
(2176, 106, 'Koulikoro Region', '2023-12-12 21:48:06', NULL),
(2177, 106, 'Mnaka Region', '2023-12-12 21:48:06', NULL),
(2178, 106, 'Mopti Region', '2023-12-12 21:48:06', NULL),
(2179, 106, 'Sgou Region', '2023-12-12 21:48:06', NULL),
(2180, 106, 'Sikasso Region', '2023-12-12 21:48:06', NULL),
(2181, 106, 'Taoudnit Region', '2023-12-12 21:48:06', NULL),
(2182, 106, 'Tombouctou Region', '2023-12-12 21:48:06', NULL),
(2183, 107, 'Attard', '2023-12-12 21:48:06', NULL),
(2184, 107, 'Balzan', '2023-12-12 21:48:06', NULL),
(2185, 107, 'Birgu', '2023-12-12 21:48:06', NULL),
(2186, 107, 'Birkirkara', '2023-12-12 21:48:06', NULL),
(2187, 107, 'Birebbua', '2023-12-12 21:48:06', NULL),
(2188, 107, 'Cospicua', '2023-12-12 21:48:06', NULL),
(2189, 107, 'Dingli', '2023-12-12 21:48:06', NULL),
(2190, 107, 'Fgura', '2023-12-12 21:48:06', NULL),
(2191, 107, 'Floriana', '2023-12-12 21:48:06', NULL),
(2192, 107, 'Fontana', '2023-12-12 21:48:06', NULL),
(2193, 107, 'Gajnsielem', '2023-12-12 21:48:06', NULL),
(2194, 107, 'Garb', '2023-12-12 21:48:06', NULL),
(2195, 107, 'Gargur', '2023-12-12 21:48:06', NULL),
(2196, 107, 'Gasri', '2023-12-12 21:48:06', NULL),
(2197, 107, 'Gaxaq', '2023-12-12 21:48:06', NULL),
(2198, 107, 'Gudja', '2023-12-12 21:48:06', NULL),
(2199, 107, 'Gira', '2023-12-12 21:48:06', NULL),
(2200, 107, 'amrun', '2023-12-12 21:48:06', NULL),
(2201, 107, 'Iklin', '2023-12-12 21:48:06', NULL),
(2202, 107, 'Kalkara', '2023-12-12 21:48:06', NULL),
(2203, 107, 'Kerem', '2023-12-12 21:48:06', NULL),
(2204, 107, 'Kirkop', '2023-12-12 21:48:06', NULL),
(2205, 107, 'Lija', '2023-12-12 21:48:06', NULL),
(2206, 107, 'Luqa', '2023-12-12 21:48:06', NULL),
(2207, 107, 'Marsa', '2023-12-12 21:48:06', NULL),
(2208, 107, 'Marsaskala', '2023-12-12 21:48:06', NULL),
(2209, 107, 'Marsaxlokk', '2023-12-12 21:48:06', NULL),
(2210, 107, 'Mdina', '2023-12-12 21:48:06', NULL),
(2211, 107, 'Melliea', '2023-12-12 21:48:06', NULL),
(2212, 107, 'Marr', '2023-12-12 21:48:06', NULL),
(2213, 107, 'Mosta', '2023-12-12 21:48:06', NULL),
(2214, 107, 'Mqabba', '2023-12-12 21:48:06', NULL),
(2215, 107, 'Msida', '2023-12-12 21:48:06', NULL),
(2216, 107, 'Mtarfa', '2023-12-12 21:48:06', NULL),
(2217, 107, 'Munxar', '2023-12-12 21:48:06', NULL),
(2218, 107, 'Nadur', '2023-12-12 21:48:06', NULL),
(2219, 107, 'Naxxar', '2023-12-12 21:48:06', NULL),
(2220, 107, 'Paola', '2023-12-12 21:48:06', NULL),
(2221, 107, 'Pembroke', '2023-12-12 21:48:06', NULL),
(2222, 107, 'Piet', '2023-12-12 21:48:06', NULL),
(2223, 107, 'Qala', '2023-12-12 21:48:06', NULL),
(2224, 107, 'Qormi', '2023-12-12 21:48:06', NULL),
(2225, 107, 'Qrendi', '2023-12-12 21:48:06', NULL),
(2226, 107, 'Rabat', '2023-12-12 21:48:06', NULL),
(2227, 107, 'Saint Lawrence', '2023-12-12 21:48:06', NULL),
(2228, 107, 'San wann', '2023-12-12 21:48:06', NULL),
(2229, 107, 'Sannat', '2023-12-12 21:48:06', NULL),
(2230, 107, 'Santa Luija', '2023-12-12 21:48:06', NULL),
(2231, 107, 'Santa Venera', '2023-12-12 21:48:06', NULL),
(2232, 107, 'Senglea', '2023-12-12 21:48:06', NULL),
(2233, 107, 'Siiewi', '2023-12-12 21:48:06', NULL),
(2234, 107, 'Sliema', '2023-12-12 21:48:06', NULL),
(2235, 107, 'St. Julian\'s', '2023-12-12 21:48:06', NULL),
(2236, 107, 'St. Paul\'s Bay', '2023-12-12 21:48:06', NULL),
(2237, 107, 'Swieqi', '2023-12-12 21:48:06', NULL),
(2238, 107, 'Ta\' Xbiex', '2023-12-12 21:48:06', NULL),
(2239, 107, 'Tarxien', '2023-12-12 21:48:06', NULL),
(2240, 107, 'Valletta', '2023-12-12 21:48:06', NULL),
(2241, 107, 'Victoria', '2023-12-12 21:48:06', NULL),
(2242, 107, 'Xagra', '2023-12-12 21:48:06', NULL),
(2243, 107, 'Xewkija', '2023-12-12 21:48:06', NULL),
(2244, 107, 'Xgajra', '2023-12-12 21:48:06', NULL),
(2245, 107, 'abbar', '2023-12-12 21:48:06', NULL),
(2246, 107, 'ebbu Gozo', '2023-12-12 21:48:06', NULL),
(2247, 107, 'ebbu Malta', '2023-12-12 21:48:06', NULL),
(2248, 107, 'ejtun', '2023-12-12 21:48:06', NULL),
(2249, 107, 'urrieq', '2023-12-12 21:48:06', NULL),
(2250, 108, 'Adrar', '2023-12-12 21:48:06', NULL),
(2251, 108, 'Assaba', '2023-12-12 21:48:06', NULL),
(2252, 108, 'Brakna', '2023-12-12 21:48:06', NULL),
(2253, 108, 'Dakhlet Nouadhibou', '2023-12-12 21:48:06', NULL),
(2254, 108, 'Gorgol', '2023-12-12 21:48:06', NULL),
(2255, 108, 'Guidimaka', '2023-12-12 21:48:06', NULL),
(2256, 108, 'Hodh Ech Chargui', '2023-12-12 21:48:06', NULL),
(2257, 108, 'Hodh El Gharbi', '2023-12-12 21:48:06', NULL),
(2258, 108, 'Inchiri', '2023-12-12 21:48:07', NULL),
(2259, 108, 'Nouakchott-Nord', '2023-12-12 21:48:07', NULL),
(2260, 108, 'Nouakchott-Ouest', '2023-12-12 21:48:07', NULL),
(2261, 108, 'Nouakchott-Sud', '2023-12-12 21:48:07', NULL),
(2262, 108, 'Tagant', '2023-12-12 21:48:07', NULL),
(2263, 108, 'Tiris Zemmour', '2023-12-12 21:48:07', NULL),
(2264, 108, 'Trarza', '2023-12-12 21:48:07', NULL),
(2265, 109, 'Agalega Islands', '2023-12-12 21:48:07', NULL),
(2266, 109, 'Black River', '2023-12-12 21:48:07', NULL),
(2267, 109, 'Flacq', '2023-12-12 21:48:07', NULL),
(2268, 109, 'Grand Port', '2023-12-12 21:48:07', NULL),
(2269, 109, 'Moka', '2023-12-12 21:48:07', NULL),
(2270, 109, 'Pamplemousses', '2023-12-12 21:48:07', NULL),
(2271, 109, 'Plaines Wilhems', '2023-12-12 21:48:07', NULL),
(2272, 109, 'Port Louis', '2023-12-12 21:48:07', NULL),
(2273, 109, 'Rivire du Rempart', '2023-12-12 21:48:07', NULL),
(2274, 109, 'Rodrigues Island', '2023-12-12 21:48:07', NULL),
(2275, 109, 'Saint Brandon Islands', '2023-12-12 21:48:07', NULL),
(2276, 109, 'Savanne', '2023-12-12 21:48:07', NULL),
(2277, 25, 'Aguascalientes', '2023-12-12 21:48:07', NULL),
(2278, 25, 'Baja California', '2023-12-12 21:48:07', NULL),
(2279, 25, 'Baja California Sur', '2023-12-12 21:48:07', NULL),
(2280, 25, 'Campeche', '2023-12-12 21:48:07', NULL),
(2281, 25, 'Chiapas', '2023-12-12 21:48:07', NULL),
(2282, 25, 'Chihuahua', '2023-12-12 21:48:07', NULL),
(2283, 25, 'Ciudad de Mxico', '2023-12-12 21:48:07', NULL),
(2284, 25, 'Coahuila de Zaragoza', '2023-12-12 21:48:07', NULL),
(2285, 25, 'Colima', '2023-12-12 21:48:07', NULL),
(2286, 25, 'Durango', '2023-12-12 21:48:07', NULL),
(2287, 25, 'Estado de Mxico', '2023-12-12 21:48:07', NULL),
(2288, 25, 'Guanajuato', '2023-12-12 21:48:07', NULL),
(2289, 25, 'Guerrero', '2023-12-12 21:48:07', NULL),
(2290, 25, 'Hidalgo', '2023-12-12 21:48:07', NULL),
(2291, 25, 'Jalisco', '2023-12-12 21:48:07', NULL),
(2292, 25, 'Michoacn de Ocampo', '2023-12-12 21:48:07', NULL),
(2293, 25, 'Morelos', '2023-12-12 21:48:07', NULL),
(2294, 25, 'Nayarit', '2023-12-12 21:48:07', NULL),
(2295, 25, 'Nuevo Len', '2023-12-12 21:48:07', NULL),
(2296, 25, 'Oaxaca', '2023-12-12 21:48:07', NULL),
(2297, 25, 'Puebla', '2023-12-12 21:48:07', NULL),
(2298, 25, 'Quertaro', '2023-12-12 21:48:07', NULL),
(2299, 25, 'Quintana Roo', '2023-12-12 21:48:07', NULL),
(2300, 25, 'San Luis Potos', '2023-12-12 21:48:07', NULL),
(2301, 25, 'Sinaloa', '2023-12-12 21:48:07', NULL),
(2302, 25, 'Sonora', '2023-12-12 21:48:07', NULL),
(2303, 25, 'Tabasco', '2023-12-12 21:48:07', NULL),
(2304, 25, 'Tamaulipas', '2023-12-12 21:48:07', NULL),
(2305, 25, 'Tlaxcala', '2023-12-12 21:48:07', NULL),
(2306, 25, 'Veracruz de Ignacio de la Llave', '2023-12-12 21:48:07', NULL),
(2307, 25, 'Yucatn', '2023-12-12 21:48:07', NULL),
(2308, 25, 'Zacatecas', '2023-12-12 21:48:07', NULL),
(2309, 110, 'La Colle', '2023-12-12 21:48:07', NULL),
(2310, 110, 'La Condamine', '2023-12-12 21:48:07', NULL),
(2311, 110, 'Moneghetti', '2023-12-12 21:48:07', NULL),
(2312, 111, 'Arkhangai Province', '2023-12-12 21:48:07', NULL),
(2313, 111, 'Bayan-lgii Province', '2023-12-12 21:48:07', NULL),
(2314, 111, 'Bayankhongor Province', '2023-12-12 21:48:07', NULL),
(2315, 111, 'Bulgan Province', '2023-12-12 21:48:07', NULL),
(2316, 111, 'Darkhan-Uul Province', '2023-12-12 21:48:07', NULL),
(2317, 111, 'Dornod Province', '2023-12-12 21:48:07', NULL),
(2318, 111, 'Dornogovi Province', '2023-12-12 21:48:07', NULL),
(2319, 111, 'Dundgovi Province', '2023-12-12 21:48:07', NULL),
(2320, 111, 'Govi-Altai Province', '2023-12-12 21:48:07', NULL),
(2321, 111, 'Govismber Province', '2023-12-12 21:48:07', NULL),
(2322, 111, 'Khentii Province', '2023-12-12 21:48:07', NULL),
(2323, 111, 'Khovd Province', '2023-12-12 21:48:07', NULL),
(2324, 111, 'Khvsgl Province', '2023-12-12 21:48:07', NULL),
(2325, 111, 'mngovi Province', '2023-12-12 21:48:07', NULL),
(2326, 111, 'Orkhon Province', '2023-12-12 21:48:07', NULL),
(2327, 111, 'vrkhangai Province', '2023-12-12 21:48:07', NULL),
(2328, 111, 'Selenge Province', '2023-12-12 21:48:07', NULL),
(2329, 111, 'Skhbaatar Province', '2023-12-12 21:48:07', NULL),
(2330, 111, 'Tv Province', '2023-12-12 21:48:07', NULL),
(2331, 111, 'Uvs Province', '2023-12-12 21:48:07', NULL),
(2332, 111, 'Zavkhan Province', '2023-12-12 21:48:07', NULL),
(2333, 112, 'Andrijevica Municipality', '2023-12-12 21:48:07', NULL),
(2334, 112, 'Bar Municipality', '2023-12-12 21:48:07', NULL),
(2335, 112, 'Berane Municipality', '2023-12-12 21:48:07', NULL),
(2336, 112, 'Bijelo Polje Municipality', '2023-12-12 21:48:07', NULL),
(2337, 112, 'Budva Municipality', '2023-12-12 21:48:07', NULL),
(2338, 112, 'Danilovgrad Municipality', '2023-12-12 21:48:07', NULL),
(2339, 112, 'Gusinje Municipality', '2023-12-12 21:48:07', NULL),
(2340, 112, 'Kolain Municipality', '2023-12-12 21:48:07', NULL),
(2341, 112, 'Kotor Municipality', '2023-12-12 21:48:07', NULL),
(2342, 112, 'Mojkovac Municipality', '2023-12-12 21:48:07', NULL),
(2343, 112, 'Niki Municipality', '2023-12-12 21:48:07', NULL),
(2344, 112, 'Old Royal Capital Cetinje', '2023-12-12 21:48:07', NULL),
(2345, 112, 'Petnjica Municipality', '2023-12-12 21:48:07', NULL),
(2346, 112, 'Plav Municipality', '2023-12-12 21:48:07', NULL),
(2347, 112, 'Pljevlja Municipality', '2023-12-12 21:48:07', NULL),
(2348, 112, 'Pluine Municipality', '2023-12-12 21:48:07', NULL),
(2349, 112, 'Podgorica Municipality', '2023-12-12 21:48:07', NULL),
(2350, 112, 'Roaje Municipality', '2023-12-12 21:48:07', NULL),
(2351, 112, 'avnik Municipality', '2023-12-12 21:48:07', NULL),
(2352, 112, 'Tivat Municipality', '2023-12-12 21:48:07', NULL),
(2353, 112, 'Ulcinj Municipality', '2023-12-12 21:48:07', NULL),
(2354, 112, 'abljak Municipality', '2023-12-12 21:48:07', NULL),
(2355, 113, 'Agadir-Ida-Ou-Tanane', '2023-12-12 21:48:07', NULL),
(2356, 113, 'Al Haouz', '2023-12-12 21:48:07', NULL),
(2357, 113, 'Al Hocema', '2023-12-12 21:48:07', NULL),
(2358, 113, 'Aousserd (EH)', '2023-12-12 21:48:07', NULL),
(2359, 113, 'Assa-Zag (EH-partial)', '2023-12-12 21:48:07', NULL),
(2360, 113, 'Azilal', '2023-12-12 21:48:07', NULL),
(2361, 113, 'Bni Mellal', '2023-12-12 21:48:07', NULL),
(2362, 113, 'Bni Mellal-Khnifra', '2023-12-12 21:48:07', NULL),
(2363, 113, 'Benslimane', '2023-12-12 21:48:07', NULL),
(2364, 113, 'Berkane', '2023-12-12 21:48:07', NULL),
(2365, 113, 'Berrechid', '2023-12-12 21:48:07', NULL),
(2366, 113, 'Boujdour (EH)', '2023-12-12 21:48:07', NULL),
(2367, 113, 'Boulemane', '2023-12-12 21:48:07', NULL),
(2368, 113, 'Casablanca', '2023-12-12 21:48:07', NULL),
(2369, 113, 'Casablanca-Settat', '2023-12-12 21:48:07', NULL),
(2370, 113, 'Chefchaouen', '2023-12-12 21:48:07', NULL),
(2371, 113, 'Chichaoua', '2023-12-12 21:48:07', NULL),
(2372, 113, 'Chtouka-Ait Baha', '2023-12-12 21:48:07', NULL),
(2373, 113, 'Dakhla-Oued Ed-Dahab (EH)', '2023-12-12 21:48:07', NULL),
(2374, 113, 'Dra-Tafilalet', '2023-12-12 21:48:07', NULL),
(2375, 113, 'Driouch', '2023-12-12 21:48:07', NULL),
(2376, 113, 'El Hajeb', '2023-12-12 21:48:07', NULL),
(2377, 113, 'El Jadida', '2023-12-12 21:48:07', NULL),
(2378, 113, 'El Kela des Sraghna', '2023-12-12 21:48:07', NULL),
(2379, 113, 'Errachidia', '2023-12-12 21:48:07', NULL),
(2380, 113, 'Es-Semara (EH-partial)', '2023-12-12 21:48:07', NULL),
(2381, 113, 'Essaouira', '2023-12-12 21:48:07', NULL),
(2382, 113, 'Fahs-Anjra', '2023-12-12 21:48:07', NULL),
(2383, 113, 'Fs', '2023-12-12 21:48:07', NULL),
(2384, 113, 'Fs-Mekns', '2023-12-12 21:48:07', NULL),
(2385, 113, 'Figuig', '2023-12-12 21:48:07', NULL),
(2386, 113, 'Fquih Ben Salah', '2023-12-12 21:48:07', NULL),
(2387, 113, 'Guelmim', '2023-12-12 21:48:07', NULL),
(2388, 113, 'Guelmim-Oued Noun (EH-partial)', '2023-12-12 21:48:07', NULL),
(2389, 113, 'Guercif', '2023-12-12 21:48:07', NULL),
(2390, 113, 'Ifrane', '2023-12-12 21:48:07', NULL),
(2391, 113, 'Inezgane-Ait Melloul', '2023-12-12 21:48:07', NULL),
(2392, 113, 'Jerada', '2023-12-12 21:48:07', NULL),
(2393, 113, 'Knitra', '2023-12-12 21:48:07', NULL),
(2394, 113, 'Khmisset', '2023-12-12 21:48:07', NULL),
(2395, 113, 'Khnifra', '2023-12-12 21:48:07', NULL),
(2396, 113, 'Khouribga', '2023-12-12 21:48:07', NULL),
(2397, 113, 'L\'Oriental', '2023-12-12 21:48:07', NULL),
(2398, 113, 'Layoune (EH)', '2023-12-12 21:48:07', NULL),
(2399, 113, 'Layoune-Sakia El Hamra (EH-partial)', '2023-12-12 21:48:07', NULL),
(2400, 113, 'Larache', '2023-12-12 21:48:07', NULL),
(2401, 113, 'Mdiq-Fnideq', '2023-12-12 21:48:07', NULL),
(2402, 113, 'Marrakech', '2023-12-12 21:48:07', NULL),
(2403, 113, 'Marrakesh-Safi', '2023-12-12 21:48:07', NULL),
(2404, 113, 'Mdiouna', '2023-12-12 21:48:07', NULL),
(2405, 113, 'Mekns', '2023-12-12 21:48:07', NULL),
(2406, 113, 'Midelt', '2023-12-12 21:48:07', NULL),
(2407, 113, 'Mohammadia', '2023-12-12 21:48:07', NULL),
(2408, 113, 'Moulay Yacoub', '2023-12-12 21:48:07', NULL),
(2409, 113, 'Nador', '2023-12-12 21:48:07', NULL),
(2410, 113, 'Nouaceur', '2023-12-12 21:48:07', NULL),
(2411, 113, 'Ouarzazate', '2023-12-12 21:48:07', NULL),
(2412, 113, 'Oued Ed-Dahab (EH)', '2023-12-12 21:48:07', NULL),
(2413, 113, 'Ouezzane', '2023-12-12 21:48:07', NULL),
(2414, 113, 'Oujda-Angad', '2023-12-12 21:48:07', NULL),
(2415, 113, 'Rabat', '2023-12-12 21:48:07', NULL),
(2416, 113, 'Rabat-Sal-Knitra', '2023-12-12 21:48:07', NULL),
(2417, 113, 'Rehamna', '2023-12-12 21:48:07', NULL),
(2418, 113, 'Safi', '2023-12-12 21:48:07', NULL),
(2419, 113, 'Sal', '2023-12-12 21:48:07', NULL),
(2420, 113, 'Sefrou', '2023-12-12 21:48:07', NULL),
(2421, 113, 'Settat', '2023-12-12 21:48:07', NULL),
(2422, 113, 'Sidi Bennour', '2023-12-12 21:48:07', NULL),
(2423, 113, 'Sidi Ifni', '2023-12-12 21:48:07', NULL),
(2424, 113, 'Sidi Kacem', '2023-12-12 21:48:07', NULL),
(2425, 113, 'Sidi Slimane', '2023-12-12 21:48:07', NULL),
(2426, 113, 'Skhirate-Tmara', '2023-12-12 21:48:07', NULL),
(2427, 113, 'Souss-Massa', '2023-12-12 21:48:07', NULL),
(2428, 113, 'Tan-Tan (EH-partial)', '2023-12-12 21:48:07', NULL),
(2429, 113, 'Tanger-Assilah', '2023-12-12 21:48:07', NULL),
(2430, 113, 'Tanger-Ttouan-Al Hocema', '2023-12-12 21:48:07', NULL),
(2431, 113, 'Taounate', '2023-12-12 21:48:07', NULL),
(2432, 113, 'Taourirt', '2023-12-12 21:48:07', NULL),
(2433, 113, 'Tarfaya (EH-partial)', '2023-12-12 21:48:07', NULL),
(2434, 113, 'Taroudannt', '2023-12-12 21:48:07', NULL),
(2435, 113, 'Tata', '2023-12-12 21:48:07', NULL),
(2436, 113, 'Taza', '2023-12-12 21:48:07', NULL),
(2437, 113, 'Ttouan', '2023-12-12 21:48:07', NULL),
(2438, 113, 'Tinghir', '2023-12-12 21:48:07', NULL),
(2439, 113, 'Tiznit', '2023-12-12 21:48:07', NULL),
(2440, 113, 'Youssoufia', '2023-12-12 21:48:07', NULL),
(2441, 113, 'Zagora', '2023-12-12 21:48:07', NULL),
(2442, 114, 'Cabo Delgado Province', '2023-12-12 21:48:07', NULL),
(2443, 114, 'Gaza Province', '2023-12-12 21:48:07', NULL),
(2444, 114, 'Inhambane Province', '2023-12-12 21:48:07', NULL),
(2445, 114, 'Manica Province', '2023-12-12 21:48:07', NULL),
(2446, 114, 'Maputo', '2023-12-12 21:48:07', NULL),
(2447, 114, 'Maputo Province', '2023-12-12 21:48:07', NULL),
(2448, 114, 'Nampula Province', '2023-12-12 21:48:07', NULL),
(2449, 114, 'Niassa Province', '2023-12-12 21:48:07', NULL),
(2450, 114, 'Sofala Province', '2023-12-12 21:48:07', NULL),
(2451, 114, 'Tete Province', '2023-12-12 21:48:07', NULL),
(2452, 114, 'Zambezia Province', '2023-12-12 21:48:07', NULL),
(2453, 115, 'Erongo Region', '2023-12-12 21:48:07', NULL),
(2454, 115, 'Hardap Region', '2023-12-12 21:48:07', NULL),
(2455, 115, 'Karas Region', '2023-12-12 21:48:07', NULL),
(2456, 115, 'Kavango East Region', '2023-12-12 21:48:07', NULL),
(2457, 115, 'Kavango West Region', '2023-12-12 21:48:07', NULL),
(2458, 115, 'Khomas Region', '2023-12-12 21:48:07', NULL),
(2459, 115, 'Kunene Region', '2023-12-12 21:48:07', NULL),
(2460, 115, 'Ohangwena Region', '2023-12-12 21:48:07', NULL),
(2461, 115, 'Omaheke Region', '2023-12-12 21:48:07', NULL),
(2462, 115, 'Omusati Region', '2023-12-12 21:48:07', NULL),
(2463, 115, 'Oshana Region', '2023-12-12 21:48:07', NULL),
(2464, 115, 'Oshikoto Region', '2023-12-12 21:48:07', NULL),
(2465, 115, 'Otjozondjupa Region', '2023-12-12 21:48:07', NULL),
(2466, 115, 'Zambezi Region', '2023-12-12 21:48:07', NULL),
(2467, 116, 'Bagmati Zone', '2023-12-12 21:48:07', NULL),
(2468, 116, 'Bheri Zone', '2023-12-12 21:48:07', NULL),
(2469, 116, 'Central Region', '2023-12-12 21:48:07', NULL),
(2470, 116, 'Dhaulagiri Zone', '2023-12-12 21:48:07', NULL),
(2471, 116, 'Eastern Development Region', '2023-12-12 21:48:07', NULL),
(2472, 116, 'Far-Western Development Region', '2023-12-12 21:48:07', NULL),
(2473, 116, 'Gandaki Zone', '2023-12-12 21:48:07', NULL),
(2474, 116, 'Janakpur Zone', '2023-12-12 21:48:07', NULL),
(2475, 116, 'Karnali Zone', '2023-12-12 21:48:07', NULL),
(2476, 116, 'Kosi Zone', '2023-12-12 21:48:07', NULL),
(2477, 116, 'Lumbini Zone', '2023-12-12 21:48:07', NULL),
(2478, 116, 'Mahakali Zone', '2023-12-12 21:48:07', NULL),
(2479, 116, 'Mechi Zone', '2023-12-12 21:48:07', NULL),
(2480, 116, 'Mid-Western Region', '2023-12-12 21:48:07', NULL),
(2481, 116, 'Narayani Zone', '2023-12-12 21:48:07', NULL),
(2482, 116, 'Rapti Zone', '2023-12-12 21:48:07', NULL),
(2483, 116, 'Sagarmatha Zone', '2023-12-12 21:48:07', NULL),
(2484, 116, 'Seti Zone', '2023-12-12 21:48:07', NULL),
(2485, 116, 'Western Region', '2023-12-12 21:48:07', NULL),
(2486, 26, 'Bonaire', '2023-12-12 21:48:07', NULL),
(2487, 26, 'Drenthe', '2023-12-12 21:48:07', NULL),
(2488, 26, 'Flevoland', '2023-12-12 21:48:07', NULL),
(2489, 26, 'Friesland', '2023-12-12 21:48:07', NULL),
(2490, 26, 'Gelderland', '2023-12-12 21:48:07', NULL),
(2491, 26, 'Groningen', '2023-12-12 21:48:07', NULL),
(2492, 26, 'Limburg', '2023-12-12 21:48:07', NULL),
(2493, 26, 'North Brabant', '2023-12-12 21:48:07', NULL),
(2494, 26, 'North Holland', '2023-12-12 21:48:07', NULL),
(2495, 26, 'Overijssel', '2023-12-12 21:48:07', NULL),
(2496, 26, 'Saba', '2023-12-12 21:48:07', NULL),
(2497, 26, 'Sint Eustatius', '2023-12-12 21:48:07', NULL),
(2498, 26, 'South Holland', '2023-12-12 21:48:07', NULL),
(2499, 26, 'Utrecht', '2023-12-12 21:48:07', NULL),
(2500, 26, 'Zeeland', '2023-12-12 21:48:07', NULL),
(2501, 117, 'Auckland Region', '2023-12-12 21:48:07', NULL),
(2502, 117, 'Bay of Plenty Region', '2023-12-12 21:48:07', NULL),
(2503, 117, 'Canterbury Region', '2023-12-12 21:48:07', NULL),
(2504, 117, 'Chatham Islands', '2023-12-12 21:48:07', NULL),
(2505, 117, 'Gisborne District', '2023-12-12 21:48:07', NULL),
(2506, 117, 'Hawke\'s Bay Region', '2023-12-12 21:48:07', NULL),
(2507, 117, 'Manawatu-Wanganui Region', '2023-12-12 21:48:07', NULL),
(2508, 117, 'Marlborough Region', '2023-12-12 21:48:07', NULL),
(2509, 117, 'Nelson Region', '2023-12-12 21:48:07', NULL),
(2510, 117, 'Northland Region', '2023-12-12 21:48:07', NULL),
(2511, 117, 'Otago Region', '2023-12-12 21:48:07', NULL),
(2512, 117, 'Southland Region', '2023-12-12 21:48:07', NULL),
(2513, 117, 'Taranaki Region', '2023-12-12 21:48:07', NULL),
(2514, 117, 'Tasman District', '2023-12-12 21:48:07', NULL),
(2515, 117, 'Waikato Region', '2023-12-12 21:48:07', NULL),
(2516, 117, 'Wellington Region', '2023-12-12 21:48:07', NULL),
(2517, 117, 'West Coast Region', '2023-12-12 21:48:07', NULL),
(2518, 118, 'Boaco', '2023-12-12 21:48:07', NULL),
(2519, 118, 'Carazo', '2023-12-12 21:48:07', NULL),
(2520, 118, 'Chinandega', '2023-12-12 21:48:07', NULL),
(2521, 118, 'Chontales', '2023-12-12 21:48:07', NULL),
(2522, 118, 'Estel', '2023-12-12 21:48:07', NULL),
(2523, 118, 'Granada', '2023-12-12 21:48:07', NULL),
(2524, 118, 'Jinotega', '2023-12-12 21:48:07', NULL),
(2525, 118, 'Len', '2023-12-12 21:48:07', NULL),
(2526, 118, 'Madriz', '2023-12-12 21:48:07', NULL),
(2527, 118, 'Managua', '2023-12-12 21:48:07', NULL),
(2528, 118, 'Masaya', '2023-12-12 21:48:07', NULL),
(2529, 118, 'Matagalpa', '2023-12-12 21:48:07', NULL),
(2530, 118, 'North Caribbean Coast', '2023-12-12 21:48:07', NULL),
(2531, 118, 'Nueva Segovia', '2023-12-12 21:48:07', NULL),
(2532, 118, 'Ro San Juan', '2023-12-12 21:48:07', NULL),
(2533, 118, 'Rivas', '2023-12-12 21:48:07', NULL),
(2534, 118, 'South Caribbean Coast', '2023-12-12 21:48:07', NULL),
(2535, 119, 'Agadez Region', '2023-12-12 21:48:07', NULL),
(2536, 119, 'Diffa Region', '2023-12-12 21:48:07', NULL),
(2537, 119, 'Dosso Region', '2023-12-12 21:48:07', NULL),
(2538, 119, 'Maradi Region', '2023-12-12 21:48:07', NULL),
(2539, 119, 'Tahoua Region', '2023-12-12 21:48:07', NULL),
(2540, 119, 'Tillabri Region', '2023-12-12 21:48:07', NULL),
(2541, 119, 'Zinder Region', '2023-12-12 21:48:07', NULL),
(2542, 120, 'Abia', '2023-12-12 21:48:07', NULL),
(2543, 120, 'Abuja Federal Capital Territory', '2023-12-12 21:48:07', NULL),
(2544, 120, 'Adamawa', '2023-12-12 21:48:07', NULL),
(2545, 120, 'Akwa Ibom', '2023-12-12 21:48:07', NULL),
(2546, 120, 'Anambra', '2023-12-12 21:48:07', NULL),
(2547, 120, 'Bauchi', '2023-12-12 21:48:07', NULL),
(2548, 120, 'Bayelsa', '2023-12-12 21:48:07', NULL),
(2549, 120, 'Benue', '2023-12-12 21:48:07', NULL),
(2550, 120, 'Borno', '2023-12-12 21:48:07', NULL),
(2551, 120, 'Cross River', '2023-12-12 21:48:07', NULL),
(2552, 120, 'Delta', '2023-12-12 21:48:07', NULL),
(2553, 120, 'Ebonyi', '2023-12-12 21:48:07', NULL),
(2554, 120, 'Edo', '2023-12-12 21:48:07', NULL),
(2555, 120, 'Ekiti', '2023-12-12 21:48:07', NULL),
(2556, 120, 'Enugu', '2023-12-12 21:48:07', NULL),
(2557, 120, 'Gombe', '2023-12-12 21:48:07', NULL),
(2558, 120, 'Imo', '2023-12-12 21:48:07', NULL),
(2559, 120, 'Jigawa', '2023-12-12 21:48:07', NULL),
(2560, 120, 'Kaduna', '2023-12-12 21:48:07', NULL),
(2561, 120, 'Kano', '2023-12-12 21:48:07', NULL),
(2562, 120, 'Katsina', '2023-12-12 21:48:07', NULL),
(2563, 120, 'Kebbi', '2023-12-12 21:48:07', NULL),
(2564, 120, 'Kogi', '2023-12-12 21:48:07', NULL),
(2565, 120, 'Kwara', '2023-12-12 21:48:07', NULL),
(2566, 120, 'Lagos', '2023-12-12 21:48:07', NULL),
(2567, 120, 'Nasarawa', '2023-12-12 21:48:07', NULL),
(2568, 120, 'Niger', '2023-12-12 21:48:07', NULL),
(2569, 120, 'Ogun', '2023-12-12 21:48:07', NULL),
(2570, 120, 'Ondo', '2023-12-12 21:48:07', NULL),
(2571, 120, 'Osun', '2023-12-12 21:48:07', NULL),
(2572, 120, 'Oyo', '2023-12-12 21:48:07', NULL),
(2573, 120, 'Plateau', '2023-12-12 21:48:07', NULL),
(2574, 120, 'Rivers', '2023-12-12 21:48:07', NULL),
(2575, 120, 'Sokoto', '2023-12-12 21:48:07', NULL),
(2576, 120, 'Taraba', '2023-12-12 21:48:07', NULL),
(2577, 120, 'Yobe', '2023-12-12 21:48:07', NULL),
(2578, 120, 'Zamfara', '2023-12-12 21:48:07', NULL),
(2579, 121, 'Agder', '2023-12-12 21:48:08', NULL),
(2580, 121, 'Innlandet', '2023-12-12 21:48:08', NULL),
(2581, 121, 'Jan Mayen', '2023-12-12 21:48:08', NULL),
(2582, 121, 'Mre og Romsdal', '2023-12-12 21:48:08', NULL),
(2583, 121, 'Nordland', '2023-12-12 21:48:08', NULL),
(2584, 121, 'Oslo', '2023-12-12 21:48:08', NULL),
(2585, 121, 'Rogaland', '2023-12-12 21:48:08', NULL),
(2586, 121, 'Svalbard', '2023-12-12 21:48:08', NULL),
(2587, 121, 'Troms og Finnmark', '2023-12-12 21:48:08', NULL),
(2588, 121, 'Trndelag', '2023-12-12 21:48:08', NULL),
(2589, 121, 'Vestfold og Telemark', '2023-12-12 21:48:08', NULL),
(2590, 121, 'Vestland', '2023-12-12 21:48:08', NULL),
(2591, 121, 'Viken', '2023-12-12 21:48:08', NULL),
(2592, 122, 'Ad Dakhiliyah', '2023-12-12 21:48:08', NULL),
(2593, 122, 'Ad Dhahirah', '2023-12-12 21:48:08', NULL),
(2594, 122, 'Al Batinah North', '2023-12-12 21:48:08', NULL),
(2595, 122, 'Al Batinah Region', '2023-12-12 21:48:08', NULL),
(2596, 122, 'Al Batinah South', '2023-12-12 21:48:08', NULL),
(2597, 122, 'Al Buraimi', '2023-12-12 21:48:08', NULL),
(2598, 122, 'Al Wusta', '2023-12-12 21:48:08', NULL),
(2599, 122, 'Ash Sharqiyah North', '2023-12-12 21:48:08', NULL),
(2600, 122, 'Ash Sharqiyah Region', '2023-12-12 21:48:08', NULL),
(2601, 122, 'Ash Sharqiyah South', '2023-12-12 21:48:08', NULL),
(2602, 122, 'Dhofar', '2023-12-12 21:48:08', NULL),
(2603, 122, 'Musandam', '2023-12-12 21:48:08', NULL),
(2604, 122, 'Muscat', '2023-12-12 21:48:08', NULL),
(2605, 123, 'Azad Kashmir', '2023-12-12 21:48:08', NULL),
(2606, 123, 'Balochistan', '2023-12-12 21:48:08', NULL),
(2607, 123, 'Federally Administered Tribal Areas', '2023-12-12 21:48:08', NULL),
(2608, 123, 'Gilgit-Baltistan', '2023-12-12 21:48:08', NULL),
(2609, 123, 'Islamabad Capital Territory', '2023-12-12 21:48:08', NULL),
(2610, 123, 'Khyber Pakhtunkhwa', '2023-12-12 21:48:08', NULL),
(2611, 123, 'Punjab', '2023-12-12 21:48:08', NULL),
(2612, 123, 'Sindh', '2023-12-12 21:48:08', NULL),
(2613, 124, 'Bocas del Toro Province', '2023-12-12 21:48:08', NULL),
(2614, 124, 'Chiriqu Province', '2023-12-12 21:48:08', NULL),
(2615, 124, 'Cocl Province', '2023-12-12 21:48:08', NULL),
(2616, 124, 'Coln Province', '2023-12-12 21:48:08', NULL),
(2617, 124, 'Darin Province', '2023-12-12 21:48:08', NULL),
(2618, 124, 'Ember-Wounaan Comarca', '2023-12-12 21:48:08', NULL),
(2619, 124, 'Guna Yala', '2023-12-12 21:48:08', NULL),
(2620, 124, 'Herrera Province', '2023-12-12 21:48:08', NULL),
(2621, 124, 'Los Santos Province', '2023-12-12 21:48:08', NULL),
(2622, 124, 'Ngbe-Bugl Comarca', '2023-12-12 21:48:08', NULL),
(2623, 124, 'Panam Oeste Province', '2023-12-12 21:48:08', NULL),
(2624, 124, 'Panam Province', '2023-12-12 21:48:08', NULL),
(2625, 124, 'Veraguas Province', '2023-12-12 21:48:08', NULL),
(2626, 125, 'Bougainville', '2023-12-12 21:48:08', NULL),
(2627, 125, 'Central Province', '2023-12-12 21:48:08', NULL),
(2628, 125, 'Chimbu Province', '2023-12-12 21:48:08', NULL),
(2629, 125, 'East New Britain', '2023-12-12 21:48:08', NULL),
(2630, 125, 'Eastern Highlands Province', '2023-12-12 21:48:08', NULL),
(2631, 125, 'Enga Province', '2023-12-12 21:48:08', NULL),
(2632, 125, 'Gulf', '2023-12-12 21:48:08', NULL),
(2633, 125, 'Hela', '2023-12-12 21:48:08', NULL),
(2634, 125, 'Jiwaka Province', '2023-12-12 21:48:08', NULL),
(2635, 125, 'Madang Province', '2023-12-12 21:48:08', NULL),
(2636, 125, 'Manus Province', '2023-12-12 21:48:08', NULL),
(2637, 125, 'Milne Bay Province', '2023-12-12 21:48:08', NULL),
(2638, 125, 'Morobe Province', '2023-12-12 21:48:08', NULL),
(2639, 125, 'New Ireland Province', '2023-12-12 21:48:08', NULL),
(2640, 125, 'Oro Province', '2023-12-12 21:48:08', NULL),
(2641, 125, 'Port Moresby', '2023-12-12 21:48:08', NULL),
(2642, 125, 'Sandaun Province', '2023-12-12 21:48:08', NULL),
(2643, 125, 'Southern Highlands Province', '2023-12-12 21:48:08', NULL),
(2644, 125, 'West New Britain Province', '2023-12-12 21:48:08', NULL),
(2645, 125, 'Western Highlands Province', '2023-12-12 21:48:08', NULL),
(2646, 125, 'Western Province', '2023-12-12 21:48:08', NULL),
(2647, 126, 'Alto Paraguay Department', '2023-12-12 21:48:08', NULL),
(2648, 126, 'Alto Paran Department', '2023-12-12 21:48:08', NULL),
(2649, 126, 'Amambay Department', '2023-12-12 21:48:08', NULL),
(2650, 126, 'Asuncion', '2023-12-12 21:48:08', NULL),
(2651, 126, 'Boquern Department', '2023-12-12 21:48:08', NULL),
(2652, 126, 'Caaguaz', '2023-12-12 21:48:08', NULL),
(2653, 126, 'Caazap', '2023-12-12 21:48:08', NULL),
(2654, 126, 'Canindey', '2023-12-12 21:48:08', NULL),
(2655, 126, 'Central Department', '2023-12-12 21:48:08', NULL),
(2656, 126, 'Concepcin Department', '2023-12-12 21:48:08', NULL),
(2657, 126, 'Cordillera Department', '2023-12-12 21:48:08', NULL),
(2658, 126, 'Guair Department', '2023-12-12 21:48:08', NULL),
(2659, 126, 'Itapa', '2023-12-12 21:48:08', NULL),
(2660, 126, 'Misiones Department', '2023-12-12 21:48:08', NULL),
(2661, 126, 'eembuc Department', '2023-12-12 21:48:08', NULL),
(2662, 126, 'Paraguar Department', '2023-12-12 21:48:08', NULL),
(2663, 126, 'Presidente Hayes Department', '2023-12-12 21:48:08', NULL),
(2664, 126, 'San Pedro Department', '2023-12-12 21:48:08', NULL),
(2665, 127, 'Amazonas', '2023-12-12 21:48:08', NULL),
(2666, 127, 'ncash', '2023-12-12 21:48:08', NULL),
(2667, 127, 'Apurmac', '2023-12-12 21:48:08', NULL),
(2668, 127, 'Arequipa', '2023-12-12 21:48:08', NULL),
(2669, 127, 'Ayacucho', '2023-12-12 21:48:08', NULL),
(2670, 127, 'Cajamarca', '2023-12-12 21:48:08', NULL),
(2671, 127, 'Callao', '2023-12-12 21:48:08', NULL),
(2672, 127, 'Cusco', '2023-12-12 21:48:08', NULL),
(2673, 127, 'Huancavelica', '2023-12-12 21:48:08', NULL),
(2674, 127, 'Huanuco', '2023-12-12 21:48:08', NULL),
(2675, 127, 'Ica', '2023-12-12 21:48:08', NULL),
(2676, 127, 'Junn', '2023-12-12 21:48:08', NULL),
(2677, 127, 'La Libertad', '2023-12-12 21:48:08', NULL),
(2678, 127, 'Lambayeque', '2023-12-12 21:48:08', NULL),
(2679, 127, 'Lima', '2023-12-12 21:48:08', NULL),
(2680, 127, 'Loreto', '2023-12-12 21:48:08', NULL),
(2681, 127, 'Madre de Dios', '2023-12-12 21:48:08', NULL),
(2682, 127, 'Moquegua', '2023-12-12 21:48:08', NULL),
(2683, 127, 'Pasco', '2023-12-12 21:48:08', NULL),
(2684, 127, 'Piura', '2023-12-12 21:48:08', NULL),
(2685, 127, 'Puno', '2023-12-12 21:48:08', NULL),
(2686, 127, 'San Martn', '2023-12-12 21:48:08', NULL),
(2687, 127, 'Tacna', '2023-12-12 21:48:08', NULL),
(2688, 127, 'Tumbes', '2023-12-12 21:48:08', NULL),
(2689, 127, 'Ucayali', '2023-12-12 21:48:08', NULL),
(2690, 27, 'Abra', '2023-12-12 21:48:08', NULL),
(2691, 27, 'Agusan del Norte', '2023-12-12 21:48:08', NULL),
(2692, 27, 'Agusan del Sur', '2023-12-12 21:48:08', NULL),
(2693, 27, 'Aklan', '2023-12-12 21:48:08', NULL),
(2694, 27, 'Albay', '2023-12-12 21:48:08', NULL),
(2695, 27, 'Antique', '2023-12-12 21:48:08', NULL),
(2696, 27, 'Apayao', '2023-12-12 21:48:08', NULL),
(2697, 27, 'Aurora', '2023-12-12 21:48:08', NULL),
(2698, 27, 'Autonomous Region in Muslim Mindanao', '2023-12-12 21:48:08', NULL),
(2699, 27, 'Basilan', '2023-12-12 21:48:08', NULL),
(2700, 27, 'Bataan', '2023-12-12 21:48:08', NULL),
(2701, 27, 'Batanes', '2023-12-12 21:48:08', NULL),
(2702, 27, 'Batangas', '2023-12-12 21:48:08', NULL),
(2703, 27, 'Benguet', '2023-12-12 21:48:08', NULL),
(2704, 27, 'Bicol', '2023-12-12 21:48:08', NULL),
(2705, 27, 'Biliran', '2023-12-12 21:48:08', NULL),
(2706, 27, 'Bohol', '2023-12-12 21:48:08', NULL),
(2707, 27, 'Bukidnon', '2023-12-12 21:48:08', NULL),
(2708, 27, 'Bulacan', '2023-12-12 21:48:08', NULL),
(2709, 27, 'Cagayan', '2023-12-12 21:48:08', NULL);
INSERT INTO `states` (`id`, `country_id`, `state`, `created_at`, `updated_at`) VALUES
(2710, 27, 'Cagayan Valley', '2023-12-12 21:48:08', NULL),
(2711, 27, 'Calabarzon', '2023-12-12 21:48:08', NULL),
(2712, 27, 'Camarines Norte', '2023-12-12 21:48:08', NULL),
(2713, 27, 'Camarines Sur', '2023-12-12 21:48:08', NULL),
(2714, 27, 'Camiguin', '2023-12-12 21:48:08', NULL),
(2715, 27, 'Capiz', '2023-12-12 21:48:08', NULL),
(2716, 27, 'Caraga', '2023-12-12 21:48:08', NULL),
(2717, 27, 'Catanduanes', '2023-12-12 21:48:08', NULL),
(2718, 27, 'Cavite', '2023-12-12 21:48:08', NULL),
(2719, 27, 'Cebu', '2023-12-12 21:48:08', NULL),
(2720, 27, 'Central Luzon', '2023-12-12 21:48:08', NULL),
(2721, 27, 'Central Visayas', '2023-12-12 21:48:08', NULL),
(2722, 27, 'Compostela Valley', '2023-12-12 21:48:08', NULL),
(2723, 27, 'Cordillera Administrative', '2023-12-12 21:48:08', NULL),
(2724, 27, 'Cotabato', '2023-12-12 21:48:08', NULL),
(2725, 27, 'Davao', '2023-12-12 21:48:08', NULL),
(2726, 27, 'Davao del Norte', '2023-12-12 21:48:08', NULL),
(2727, 27, 'Davao del Sur', '2023-12-12 21:48:08', NULL),
(2728, 27, 'Davao Occidental', '2023-12-12 21:48:08', NULL),
(2729, 27, 'Davao Oriental', '2023-12-12 21:48:08', NULL),
(2730, 27, 'Dinagat Islands', '2023-12-12 21:48:08', NULL),
(2731, 27, 'Eastern Samar', '2023-12-12 21:48:08', NULL),
(2732, 27, 'Eastern Visayas', '2023-12-12 21:48:08', NULL),
(2733, 27, 'Guimaras', '2023-12-12 21:48:08', NULL),
(2734, 27, 'Ifugao', '2023-12-12 21:48:08', NULL),
(2735, 27, 'Ilocos', '2023-12-12 21:48:08', NULL),
(2736, 27, 'Ilocos Norte', '2023-12-12 21:48:08', NULL),
(2737, 27, 'Ilocos Sur', '2023-12-12 21:48:08', NULL),
(2738, 27, 'Iloilo', '2023-12-12 21:48:08', NULL),
(2739, 27, 'Isabela', '2023-12-12 21:48:08', NULL),
(2740, 27, 'Kalinga', '2023-12-12 21:48:08', NULL),
(2741, 27, 'La Union', '2023-12-12 21:48:08', NULL),
(2742, 27, 'Laguna', '2023-12-12 21:48:08', NULL),
(2743, 27, 'Lanao del Norte', '2023-12-12 21:48:08', NULL),
(2744, 27, 'Lanao del Sur', '2023-12-12 21:48:08', NULL),
(2745, 27, 'Leyte', '2023-12-12 21:48:08', NULL),
(2746, 27, 'Maguindanao', '2023-12-12 21:48:08', NULL),
(2747, 27, 'Marinduque', '2023-12-12 21:48:08', NULL),
(2748, 27, 'Masbate', '2023-12-12 21:48:08', NULL),
(2749, 27, 'Metro Manila', '2023-12-12 21:48:08', NULL),
(2750, 27, 'Mimaropa', '2023-12-12 21:48:08', NULL),
(2751, 27, 'Misamis Occidental', '2023-12-12 21:48:08', NULL),
(2752, 27, 'Misamis Oriental', '2023-12-12 21:48:08', NULL),
(2753, 27, 'Mountain Province', '2023-12-12 21:48:08', NULL),
(2754, 27, 'Negros Occidental', '2023-12-12 21:48:08', NULL),
(2755, 27, 'Negros Oriental', '2023-12-12 21:48:08', NULL),
(2756, 27, 'Northern Mindanao', '2023-12-12 21:48:08', NULL),
(2757, 27, 'Northern Samar', '2023-12-12 21:48:08', NULL),
(2758, 27, 'Nueva Ecija', '2023-12-12 21:48:08', NULL),
(2759, 27, 'Nueva Vizcaya', '2023-12-12 21:48:08', NULL),
(2760, 27, 'Occidental Mindoro', '2023-12-12 21:48:08', NULL),
(2761, 27, 'Oriental Mindoro', '2023-12-12 21:48:08', NULL),
(2762, 27, 'Palawan', '2023-12-12 21:48:08', NULL),
(2763, 27, 'Pampanga', '2023-12-12 21:48:08', NULL),
(2764, 27, 'Pangasinan', '2023-12-12 21:48:08', NULL),
(2765, 27, 'Quezon', '2023-12-12 21:48:08', NULL),
(2766, 27, 'Quirino', '2023-12-12 21:48:08', NULL),
(2767, 27, 'Rizal', '2023-12-12 21:48:08', NULL),
(2768, 27, 'Romblon', '2023-12-12 21:48:08', NULL),
(2769, 27, 'Sarangani', '2023-12-12 21:48:08', NULL),
(2770, 27, 'Siquijor', '2023-12-12 21:48:08', NULL),
(2771, 27, 'Soccsksargen', '2023-12-12 21:48:08', NULL),
(2772, 27, 'Sorsogon', '2023-12-12 21:48:08', NULL),
(2773, 27, 'South Cotabato', '2023-12-12 21:48:08', NULL),
(2774, 27, 'Southern Leyte', '2023-12-12 21:48:08', NULL),
(2775, 27, 'Sultan Kudarat', '2023-12-12 21:48:08', NULL),
(2776, 27, 'Sulu', '2023-12-12 21:48:08', NULL),
(2777, 27, 'Surigao del Norte', '2023-12-12 21:48:08', NULL),
(2778, 27, 'Surigao del Sur', '2023-12-12 21:48:08', NULL),
(2779, 27, 'Tarlac', '2023-12-12 21:48:08', NULL),
(2780, 27, 'Tawi-Tawi', '2023-12-12 21:48:08', NULL),
(2781, 27, 'Western Samar', '2023-12-12 21:48:08', NULL),
(2782, 27, 'Western Visayas', '2023-12-12 21:48:08', NULL),
(2783, 27, 'Zambales', '2023-12-12 21:48:08', NULL),
(2784, 27, 'Zamboanga del Norte', '2023-12-12 21:48:08', NULL),
(2785, 27, 'Zamboanga del Sur', '2023-12-12 21:48:08', NULL),
(2786, 27, 'Zamboanga Peninsula', '2023-12-12 21:48:08', NULL),
(2787, 27, 'Zamboanga Sibugay', '2023-12-12 21:48:08', NULL),
(2788, 128, 'Greater Poland Voivodeship', '2023-12-12 21:48:08', NULL),
(2789, 128, 'Kuyavian-Pomeranian Voivodeship', '2023-12-12 21:48:08', NULL),
(2790, 128, 'Lesser Poland Voivodeship', '2023-12-12 21:48:08', NULL),
(2791, 128, 'Lower Silesian Voivodeship', '2023-12-12 21:48:08', NULL),
(2792, 128, 'Lublin Voivodeship', '2023-12-12 21:48:08', NULL),
(2793, 128, 'Lubusz Voivodeship', '2023-12-12 21:48:08', NULL),
(2794, 128, 'd Voivodeship', '2023-12-12 21:48:08', NULL),
(2795, 128, 'Masovian Voivodeship', '2023-12-12 21:48:08', NULL),
(2796, 128, 'Opole Voivodeship', '2023-12-12 21:48:08', NULL),
(2797, 128, 'Podkarpackie Voivodeship', '2023-12-12 21:48:08', NULL),
(2798, 128, 'Podlaskie Voivodeship', '2023-12-12 21:48:08', NULL),
(2799, 128, 'Pomeranian Voivodeship', '2023-12-12 21:48:08', NULL),
(2800, 128, 'Silesian Voivodeship', '2023-12-12 21:48:08', NULL),
(2801, 128, 'witokrzyskie Voivodeship', '2023-12-12 21:48:08', NULL),
(2802, 128, 'Warmian-Masurian Voivodeship', '2023-12-12 21:48:08', NULL),
(2803, 128, 'West Pomeranian Voivodeship', '2023-12-12 21:48:08', NULL),
(2804, 129, 'Aores', '2023-12-12 21:48:08', NULL),
(2805, 129, 'Aveiro', '2023-12-12 21:48:08', NULL),
(2806, 129, 'Beja', '2023-12-12 21:48:08', NULL),
(2807, 129, 'Braga', '2023-12-12 21:48:08', NULL),
(2808, 129, 'Bragana', '2023-12-12 21:48:08', NULL),
(2809, 129, 'Castelo Branco', '2023-12-12 21:48:08', NULL),
(2810, 129, 'Coimbra', '2023-12-12 21:48:08', NULL),
(2811, 129, 'vora', '2023-12-12 21:48:08', NULL),
(2812, 129, 'Faro', '2023-12-12 21:48:08', NULL),
(2813, 129, 'Guarda', '2023-12-12 21:48:08', NULL),
(2814, 129, 'Leiria', '2023-12-12 21:48:08', NULL),
(2815, 129, 'Lisbon', '2023-12-12 21:48:08', NULL),
(2816, 129, 'Madeira', '2023-12-12 21:48:08', NULL),
(2817, 129, 'Portalegre', '2023-12-12 21:48:08', NULL),
(2818, 129, 'Porto', '2023-12-12 21:48:08', NULL),
(2819, 129, 'Santarm', '2023-12-12 21:48:08', NULL),
(2820, 129, 'Setbal', '2023-12-12 21:48:08', NULL),
(2821, 129, 'Viana do Castelo', '2023-12-12 21:48:08', NULL),
(2822, 129, 'Vila Real', '2023-12-12 21:48:08', NULL),
(2823, 129, 'Viseu', '2023-12-12 21:48:08', NULL),
(2824, 130, 'Al Daayen', '2023-12-12 21:48:09', NULL),
(2825, 130, 'Al Khor', '2023-12-12 21:48:09', NULL),
(2826, 130, 'Al Rayyan Municipality', '2023-12-12 21:48:09', NULL),
(2827, 130, 'Al Wakrah', '2023-12-12 21:48:09', NULL),
(2828, 130, 'Al-Shahaniya', '2023-12-12 21:48:09', NULL),
(2829, 130, 'Doha', '2023-12-12 21:48:09', NULL),
(2830, 130, 'Madinat ash Shamal', '2023-12-12 21:48:09', NULL),
(2831, 130, 'Umm Salal Municipality', '2023-12-12 21:48:09', NULL),
(2832, 131, 'Alba', '2023-12-12 21:48:09', NULL),
(2833, 131, 'Arad County', '2023-12-12 21:48:09', NULL),
(2834, 131, 'Arges', '2023-12-12 21:48:09', NULL),
(2835, 131, 'Bacu County', '2023-12-12 21:48:09', NULL),
(2836, 131, 'Bihor County', '2023-12-12 21:48:09', NULL),
(2837, 131, 'Bistria-Nsud County', '2023-12-12 21:48:09', NULL),
(2838, 131, 'Botoani County', '2023-12-12 21:48:09', NULL),
(2839, 131, 'Braila', '2023-12-12 21:48:09', NULL),
(2840, 131, 'Braov County', '2023-12-12 21:48:09', NULL),
(2841, 131, 'Bucharest', '2023-12-12 21:48:09', NULL),
(2842, 131, 'Buzu County', '2023-12-12 21:48:09', NULL),
(2843, 131, 'Clrai County', '2023-12-12 21:48:09', NULL),
(2844, 131, 'Cara-Severin County', '2023-12-12 21:48:09', NULL),
(2845, 131, 'Cluj County', '2023-12-12 21:48:09', NULL),
(2846, 131, 'Constana County', '2023-12-12 21:48:09', NULL),
(2847, 131, 'Covasna County', '2023-12-12 21:48:09', NULL),
(2848, 131, 'Dmbovia County', '2023-12-12 21:48:09', NULL),
(2849, 131, 'Dolj County', '2023-12-12 21:48:09', NULL),
(2850, 131, 'Galai County', '2023-12-12 21:48:09', NULL),
(2851, 131, 'Giurgiu County', '2023-12-12 21:48:09', NULL),
(2852, 131, 'Gorj County', '2023-12-12 21:48:09', NULL),
(2853, 131, 'Harghita County', '2023-12-12 21:48:09', NULL),
(2854, 131, 'Hunedoara County', '2023-12-12 21:48:09', NULL),
(2855, 131, 'Ialomia County', '2023-12-12 21:48:09', NULL),
(2856, 131, 'Iai County', '2023-12-12 21:48:09', NULL),
(2857, 131, 'Ilfov County', '2023-12-12 21:48:09', NULL),
(2858, 131, 'Maramure County', '2023-12-12 21:48:09', NULL),
(2859, 131, 'Mehedini County', '2023-12-12 21:48:09', NULL),
(2860, 131, 'Mure County', '2023-12-12 21:48:09', NULL),
(2861, 131, 'Neam County', '2023-12-12 21:48:09', NULL),
(2862, 131, 'Olt County', '2023-12-12 21:48:09', NULL),
(2863, 131, 'Prahova County', '2023-12-12 21:48:09', NULL),
(2864, 131, 'Slaj County', '2023-12-12 21:48:09', NULL),
(2865, 131, 'Satu Mare County', '2023-12-12 21:48:09', NULL),
(2866, 131, 'Sibiu County', '2023-12-12 21:48:09', NULL),
(2867, 131, 'Suceava County', '2023-12-12 21:48:09', NULL),
(2868, 131, 'Teleorman County', '2023-12-12 21:48:09', NULL),
(2869, 131, 'Timi County', '2023-12-12 21:48:09', NULL),
(2870, 131, 'Tulcea County', '2023-12-12 21:48:09', NULL),
(2871, 131, 'Vlcea County', '2023-12-12 21:48:09', NULL),
(2872, 131, 'Vaslui County', '2023-12-12 21:48:09', NULL),
(2873, 131, 'Vrancea County', '2023-12-12 21:48:09', NULL),
(2874, 132, 'Altai Krai', '2023-12-12 21:48:09', NULL),
(2875, 132, 'Altai Republic', '2023-12-12 21:48:09', NULL),
(2876, 132, 'Amur Oblast', '2023-12-12 21:48:09', NULL),
(2877, 132, 'Arkhangelsk', '2023-12-12 21:48:09', NULL),
(2878, 132, 'Astrakhan Oblast', '2023-12-12 21:48:09', NULL),
(2879, 132, 'Belgorod Oblast', '2023-12-12 21:48:09', NULL),
(2880, 132, 'Bryansk Oblast', '2023-12-12 21:48:09', NULL),
(2881, 132, 'Chechen Republic', '2023-12-12 21:48:09', NULL),
(2882, 132, 'Chelyabinsk Oblast', '2023-12-12 21:48:09', NULL),
(2883, 132, 'Chukotka Autonomous Okrug', '2023-12-12 21:48:09', NULL),
(2884, 132, 'Chuvash Republic', '2023-12-12 21:48:09', NULL),
(2885, 132, 'Irkutsk', '2023-12-12 21:48:09', NULL),
(2886, 132, 'Ivanovo Oblast', '2023-12-12 21:48:09', NULL),
(2887, 132, 'Jewish Autonomous Oblast', '2023-12-12 21:48:09', NULL),
(2888, 132, 'Kabardino-Balkar Republic', '2023-12-12 21:48:09', NULL),
(2889, 132, 'Kaliningrad', '2023-12-12 21:48:09', NULL),
(2890, 132, 'Kaluga Oblast', '2023-12-12 21:48:09', NULL),
(2891, 132, 'Kamchatka Krai', '2023-12-12 21:48:09', NULL),
(2892, 132, 'Karachay-Cherkess Republic', '2023-12-12 21:48:09', NULL),
(2893, 132, 'Kemerovo Oblast', '2023-12-12 21:48:09', NULL),
(2894, 132, 'Khabarovsk Krai', '2023-12-12 21:48:09', NULL),
(2895, 132, 'Khanty-Mansi Autonomous Okrug', '2023-12-12 21:48:09', NULL),
(2896, 132, 'Kirov Oblast', '2023-12-12 21:48:09', NULL),
(2897, 132, 'Komi Republic', '2023-12-12 21:48:09', NULL),
(2898, 132, 'Kostroma Oblast', '2023-12-12 21:48:09', NULL),
(2899, 132, 'Krasnodar Krai', '2023-12-12 21:48:09', NULL),
(2900, 132, 'Krasnoyarsk Krai', '2023-12-12 21:48:09', NULL),
(2901, 132, 'Kurgan Oblast', '2023-12-12 21:48:09', NULL),
(2902, 132, 'Kursk Oblast', '2023-12-12 21:48:09', NULL),
(2903, 132, 'Leningrad Oblast', '2023-12-12 21:48:09', NULL),
(2904, 132, 'Lipetsk Oblast', '2023-12-12 21:48:09', NULL),
(2905, 132, 'Magadan Oblast', '2023-12-12 21:48:09', NULL),
(2906, 132, 'Mari El Republic', '2023-12-12 21:48:09', NULL),
(2907, 132, 'Moscow', '2023-12-12 21:48:09', NULL),
(2908, 132, 'Moscow Oblast', '2023-12-12 21:48:09', NULL),
(2909, 132, 'Murmansk Oblast', '2023-12-12 21:48:09', NULL),
(2910, 132, 'Nenets Autonomous Okrug', '2023-12-12 21:48:09', NULL),
(2911, 132, 'Nizhny Novgorod Oblast', '2023-12-12 21:48:09', NULL),
(2912, 132, 'Novgorod Oblast', '2023-12-12 21:48:09', NULL),
(2913, 132, 'Novosibirsk', '2023-12-12 21:48:09', NULL),
(2914, 132, 'Omsk Oblast', '2023-12-12 21:48:09', NULL),
(2915, 132, 'Orenburg Oblast', '2023-12-12 21:48:09', NULL),
(2916, 132, 'Oryol Oblast', '2023-12-12 21:48:09', NULL),
(2917, 132, 'Penza Oblast', '2023-12-12 21:48:09', NULL),
(2918, 132, 'Perm Krai', '2023-12-12 21:48:09', NULL),
(2919, 132, 'Primorsky Krai', '2023-12-12 21:48:09', NULL),
(2920, 132, 'Pskov Oblast', '2023-12-12 21:48:09', NULL),
(2921, 132, 'Republic of Adygea', '2023-12-12 21:48:09', NULL),
(2922, 132, 'Republic of Bashkortostan', '2023-12-12 21:48:09', NULL),
(2923, 132, 'Republic of Buryatia', '2023-12-12 21:48:09', NULL),
(2924, 132, 'Republic of Dagestan', '2023-12-12 21:48:09', NULL),
(2925, 132, 'Republic of Ingushetia', '2023-12-12 21:48:09', NULL),
(2926, 132, 'Republic of Kalmykia', '2023-12-12 21:48:09', NULL),
(2927, 132, 'Republic of Karelia', '2023-12-12 21:48:09', NULL),
(2928, 132, 'Republic of Khakassia', '2023-12-12 21:48:09', NULL),
(2929, 132, 'Republic of Mordovia', '2023-12-12 21:48:09', NULL),
(2930, 132, 'Republic of North Ossetia-Alania', '2023-12-12 21:48:09', NULL),
(2931, 132, 'Republic of Tatarstan', '2023-12-12 21:48:09', NULL),
(2932, 132, 'Rostov Oblast', '2023-12-12 21:48:09', NULL),
(2933, 132, 'Ryazan Oblast', '2023-12-12 21:48:09', NULL),
(2934, 132, 'Saint Petersburg', '2023-12-12 21:48:09', NULL),
(2935, 132, 'Sakha Republic', '2023-12-12 21:48:09', NULL),
(2936, 132, 'Sakhalin', '2023-12-12 21:48:09', NULL),
(2937, 132, 'Samara Oblast', '2023-12-12 21:48:09', NULL),
(2938, 132, 'Saratov Oblast', '2023-12-12 21:48:09', NULL),
(2939, 132, 'Smolensk Oblast', '2023-12-12 21:48:09', NULL),
(2940, 132, 'Stavropol Krai', '2023-12-12 21:48:09', NULL),
(2941, 132, 'Sverdlovsk', '2023-12-12 21:48:09', NULL),
(2942, 132, 'Tambov Oblast', '2023-12-12 21:48:09', NULL),
(2943, 132, 'Tomsk Oblast', '2023-12-12 21:48:09', NULL),
(2944, 132, 'Tula Oblast', '2023-12-12 21:48:09', NULL),
(2945, 132, 'Tuva Republic', '2023-12-12 21:48:09', NULL),
(2946, 132, 'Tver Oblast', '2023-12-12 21:48:09', NULL),
(2947, 132, 'Tyumen Oblast', '2023-12-12 21:48:09', NULL),
(2948, 132, 'Udmurt Republic', '2023-12-12 21:48:09', NULL),
(2949, 132, 'Ulyanovsk Oblast', '2023-12-12 21:48:09', NULL),
(2950, 132, 'Vladimir Oblast', '2023-12-12 21:48:09', NULL),
(2951, 132, 'Volgograd Oblast', '2023-12-12 21:48:09', NULL),
(2952, 132, 'Vologda Oblast', '2023-12-12 21:48:09', NULL),
(2953, 132, 'Voronezh Oblast', '2023-12-12 21:48:09', NULL),
(2954, 132, 'Yamalo-Nenets Autonomous Okrug', '2023-12-12 21:48:09', NULL),
(2955, 132, 'Yaroslavl Oblast', '2023-12-12 21:48:09', NULL),
(2956, 132, 'Zabaykalsky Krai', '2023-12-12 21:48:09', NULL),
(2957, 133, '\'Asir', '2023-12-12 21:48:09', NULL),
(2958, 133, 'Al Bahah', '2023-12-12 21:48:09', NULL),
(2959, 133, 'Al Jawf', '2023-12-12 21:48:09', NULL),
(2960, 133, 'Al Madinah', '2023-12-12 21:48:09', NULL),
(2961, 133, 'Al-Qassim', '2023-12-12 21:48:09', NULL),
(2962, 133, 'Eastern Province', '2023-12-12 21:48:09', NULL),
(2963, 133, 'Ha\'il', '2023-12-12 21:48:09', NULL),
(2964, 133, 'Jizan', '2023-12-12 21:48:09', NULL),
(2965, 133, 'Makkah', '2023-12-12 21:48:09', NULL),
(2966, 133, 'Najran', '2023-12-12 21:48:09', NULL),
(2967, 133, 'Northern Borders', '2023-12-12 21:48:09', NULL),
(2968, 133, 'Riyadh', '2023-12-12 21:48:09', NULL),
(2969, 133, 'Tabuk', '2023-12-12 21:48:09', NULL),
(2970, 134, 'Dakar', '2023-12-12 21:48:09', NULL),
(2971, 134, 'Diourbel Region', '2023-12-12 21:48:09', NULL),
(2972, 134, 'Fatick', '2023-12-12 21:48:09', NULL),
(2973, 134, 'Kaffrine', '2023-12-12 21:48:09', NULL),
(2974, 134, 'Kaolack', '2023-12-12 21:48:09', NULL),
(2975, 134, 'Kdougou', '2023-12-12 21:48:09', NULL),
(2976, 134, 'Kolda', '2023-12-12 21:48:09', NULL),
(2977, 134, 'Louga', '2023-12-12 21:48:09', NULL),
(2978, 134, 'Matam', '2023-12-12 21:48:09', NULL),
(2979, 134, 'Saint-Louis', '2023-12-12 21:48:09', NULL),
(2980, 134, 'Sdhiou', '2023-12-12 21:48:09', NULL),
(2981, 134, 'Tambacounda Region', '2023-12-12 21:48:09', NULL),
(2982, 134, 'This Region', '2023-12-12 21:48:09', NULL),
(2983, 134, 'Ziguinchor', '2023-12-12 21:48:09', NULL),
(2984, 135, 'Belgrade', '2023-12-12 21:48:09', NULL),
(2985, 135, 'Bor District', '2023-12-12 21:48:09', NULL),
(2986, 135, 'Branievo District', '2023-12-12 21:48:09', NULL),
(2987, 135, 'Central Banat District', '2023-12-12 21:48:09', NULL),
(2988, 135, 'Jablanica District', '2023-12-12 21:48:09', NULL),
(2989, 135, 'Kolubara District', '2023-12-12 21:48:09', NULL),
(2990, 135, 'Mava District', '2023-12-12 21:48:09', NULL),
(2991, 135, 'Moravica District', '2023-12-12 21:48:09', NULL),
(2992, 135, 'Niava District', '2023-12-12 21:48:09', NULL),
(2993, 135, 'North Baka District', '2023-12-12 21:48:09', NULL),
(2994, 135, 'North Banat District', '2023-12-12 21:48:09', NULL),
(2995, 135, 'Pinja District', '2023-12-12 21:48:09', NULL),
(2996, 135, 'Pirot District', '2023-12-12 21:48:09', NULL),
(2997, 135, 'Podunavlje District', '2023-12-12 21:48:09', NULL),
(2998, 135, 'Pomoravlje District', '2023-12-12 21:48:09', NULL),
(2999, 135, 'Rasina District', '2023-12-12 21:48:09', NULL),
(3000, 135, 'Raka District', '2023-12-12 21:48:09', NULL),
(3001, 135, 'South Baka District', '2023-12-12 21:48:09', NULL),
(3002, 135, 'South Banat District', '2023-12-12 21:48:09', NULL),
(3003, 135, 'Srem District', '2023-12-12 21:48:09', NULL),
(3004, 135, 'umadija District', '2023-12-12 21:48:09', NULL),
(3005, 135, 'Toplica District', '2023-12-12 21:48:09', NULL),
(3006, 135, 'Vojvodina', '2023-12-12 21:48:09', NULL),
(3007, 135, 'West Baka District', '2023-12-12 21:48:09', NULL),
(3008, 135, 'Zajear District', '2023-12-12 21:48:09', NULL),
(3009, 135, 'Zlatibor District', '2023-12-12 21:48:09', NULL),
(3010, 136, 'Eastern Province', '2023-12-12 21:48:09', NULL),
(3011, 136, 'Northern Province', '2023-12-12 21:48:09', NULL),
(3012, 136, 'Southern Province', '2023-12-12 21:48:09', NULL),
(3013, 136, 'Western Area', '2023-12-12 21:48:09', NULL),
(3014, 137, 'Central Singapore', '2023-12-12 21:48:09', NULL),
(3015, 137, 'North East', '2023-12-12 21:48:09', NULL),
(3016, 137, 'North West', '2023-12-12 21:48:09', NULL),
(3017, 137, 'South East', '2023-12-12 21:48:09', NULL),
(3018, 137, 'South West', '2023-12-12 21:48:09', NULL),
(3019, 138, 'Bansk Bystrica Region', '2023-12-12 21:48:09', NULL),
(3020, 138, 'Bratislava Region', '2023-12-12 21:48:09', NULL),
(3021, 138, 'Koice Region', '2023-12-12 21:48:09', NULL),
(3022, 138, 'Nitra Region', '2023-12-12 21:48:09', NULL),
(3023, 138, 'Preov Region', '2023-12-12 21:48:09', NULL),
(3024, 138, 'Trenn Region', '2023-12-12 21:48:09', NULL),
(3025, 138, 'Trnava Region', '2023-12-12 21:48:09', NULL),
(3026, 138, 'ilina Region', '2023-12-12 21:48:09', NULL),
(3027, 139, 'Ajdovina Municipality', '2023-12-12 21:48:09', NULL),
(3028, 139, 'Ankaran Municipality', '2023-12-12 21:48:09', NULL),
(3029, 139, 'Beltinci Municipality', '2023-12-12 21:48:09', NULL),
(3030, 139, 'Benedikt Municipality', '2023-12-12 21:48:09', NULL),
(3031, 139, 'Bistrica ob Sotli Municipality', '2023-12-12 21:48:09', NULL),
(3032, 139, 'Bled Municipality', '2023-12-12 21:48:09', NULL),
(3033, 139, 'Bloke Municipality', '2023-12-12 21:48:09', NULL),
(3034, 139, 'Bohinj Municipality', '2023-12-12 21:48:09', NULL),
(3035, 139, 'Borovnica Municipality', '2023-12-12 21:48:09', NULL),
(3036, 139, 'Bovec Municipality', '2023-12-12 21:48:09', NULL),
(3037, 139, 'Braslove Municipality', '2023-12-12 21:48:09', NULL),
(3038, 139, 'Brda Municipality', '2023-12-12 21:48:09', NULL),
(3039, 139, 'Breice Municipality', '2023-12-12 21:48:09', NULL),
(3040, 139, 'Brezovica Municipality', '2023-12-12 21:48:09', NULL),
(3041, 139, 'Cankova Municipality', '2023-12-12 21:48:09', NULL),
(3042, 139, 'Cerklje na Gorenjskem Municipality', '2023-12-12 21:48:09', NULL),
(3043, 139, 'Cerknica Municipality', '2023-12-12 21:48:09', NULL),
(3044, 139, 'Cerkno Municipality', '2023-12-12 21:48:09', NULL),
(3045, 139, 'Cerkvenjak Municipality', '2023-12-12 21:48:09', NULL),
(3046, 139, 'City Municipality of Celje', '2023-12-12 21:48:09', NULL),
(3047, 139, 'City Municipality of Novo Mesto', '2023-12-12 21:48:09', NULL),
(3048, 139, 'renovci Municipality', '2023-12-12 21:48:09', NULL),
(3049, 139, 'rna na Korokem Municipality', '2023-12-12 21:48:09', NULL),
(3050, 139, 'rnomelj Municipality', '2023-12-12 21:48:09', NULL),
(3051, 139, 'Destrnik Municipality', '2023-12-12 21:48:09', NULL),
(3052, 139, 'Divaa Municipality', '2023-12-12 21:48:09', NULL),
(3053, 139, 'Dobje Municipality', '2023-12-12 21:48:09', NULL),
(3054, 139, 'Dobrepolje Municipality', '2023-12-12 21:48:09', NULL),
(3055, 139, 'Dobrna Municipality', '2023-12-12 21:48:09', NULL),
(3056, 139, 'DobrovaPolhov Gradec Municipality', '2023-12-12 21:48:09', NULL),
(3057, 139, 'Dobrovnik Municipality', '2023-12-12 21:48:09', NULL),
(3058, 139, 'Dol pri Ljubljani Municipality', '2023-12-12 21:48:09', NULL),
(3059, 139, 'Dolenjske Toplice Municipality', '2023-12-12 21:48:09', NULL),
(3060, 139, 'Domale Municipality', '2023-12-12 21:48:09', NULL),
(3061, 139, 'Dornava Municipality', '2023-12-12 21:48:09', NULL),
(3062, 139, 'Dravograd Municipality', '2023-12-12 21:48:09', NULL),
(3063, 139, 'Duplek Municipality', '2023-12-12 21:48:09', NULL),
(3064, 139, 'Gorenja VasPoljane Municipality', '2023-12-12 21:48:09', NULL),
(3065, 139, 'Gorinica Municipality', '2023-12-12 21:48:09', NULL),
(3066, 139, 'Gorje Municipality', '2023-12-12 21:48:09', NULL),
(3067, 139, 'Gornja Radgona Municipality', '2023-12-12 21:48:09', NULL),
(3068, 139, 'Gornji Grad Municipality', '2023-12-12 21:48:09', NULL),
(3069, 139, 'Gornji Petrovci Municipality', '2023-12-12 21:48:09', NULL),
(3070, 139, 'Grad Municipality', '2023-12-12 21:48:09', NULL),
(3071, 139, 'Grosuplje Municipality', '2023-12-12 21:48:09', NULL),
(3072, 139, 'Hajdina Municipality', '2023-12-12 21:48:09', NULL),
(3073, 139, 'HoeSlivnica Municipality', '2023-12-12 21:48:09', NULL),
(3074, 139, 'Hodo Municipality', '2023-12-12 21:48:09', NULL),
(3075, 139, 'Horjul Municipality', '2023-12-12 21:48:09', NULL),
(3076, 139, 'Hrastnik Municipality', '2023-12-12 21:48:09', NULL),
(3077, 139, 'HrpeljeKozina Municipality', '2023-12-12 21:48:09', NULL),
(3078, 139, 'Idrija Municipality', '2023-12-12 21:48:09', NULL),
(3079, 139, 'Ig Municipality', '2023-12-12 21:48:09', NULL),
(3080, 139, 'Ivanna Gorica Municipality', '2023-12-12 21:48:09', NULL),
(3081, 139, 'Izola Municipality', '2023-12-12 21:48:09', NULL),
(3082, 139, 'Jesenice Municipality', '2023-12-12 21:48:09', NULL),
(3083, 139, 'Jezersko Municipality', '2023-12-12 21:48:09', NULL),
(3084, 139, 'Jurinci Municipality', '2023-12-12 21:48:09', NULL),
(3085, 139, 'Kamnik Municipality', '2023-12-12 21:48:09', NULL),
(3086, 139, 'Kanal ob Soi Municipality', '2023-12-12 21:48:09', NULL),
(3087, 139, 'Kidrievo Municipality', '2023-12-12 21:48:09', NULL),
(3088, 139, 'Kobarid Municipality', '2023-12-12 21:48:09', NULL),
(3089, 139, 'Kobilje Municipality', '2023-12-12 21:48:09', NULL),
(3090, 139, 'Koevje Municipality', '2023-12-12 21:48:09', NULL),
(3091, 139, 'Komen Municipality', '2023-12-12 21:48:09', NULL),
(3092, 139, 'Komenda Municipality', '2023-12-12 21:48:09', NULL),
(3093, 139, 'Koper City Municipality', '2023-12-12 21:48:09', NULL),
(3094, 139, 'Kostanjevica na Krki Municipality', '2023-12-12 21:48:09', NULL),
(3095, 139, 'Kostel Municipality', '2023-12-12 21:48:09', NULL),
(3096, 139, 'Kozje Municipality', '2023-12-12 21:48:09', NULL),
(3097, 139, 'Kranj City Municipality', '2023-12-12 21:48:09', NULL),
(3098, 139, 'Kranjska Gora Municipality', '2023-12-12 21:48:09', NULL),
(3099, 139, 'Krievci Municipality', '2023-12-12 21:48:09', NULL),
(3100, 139, 'Kungota', '2023-12-12 21:48:09', NULL),
(3101, 139, 'Kuzma Municipality', '2023-12-12 21:48:09', NULL),
(3102, 139, 'Lako Municipality', '2023-12-12 21:48:09', NULL),
(3103, 139, 'Lenart Municipality', '2023-12-12 21:48:09', NULL),
(3104, 139, 'Lendava Municipality', '2023-12-12 21:48:09', NULL),
(3105, 139, 'Litija Municipality', '2023-12-12 21:48:09', NULL),
(3106, 139, 'Ljubljana City Municipality', '2023-12-12 21:48:09', NULL),
(3107, 139, 'Ljubno Municipality', '2023-12-12 21:48:09', NULL),
(3108, 139, 'Ljutomer Municipality', '2023-12-12 21:48:09', NULL),
(3109, 139, 'LogDragomer Municipality', '2023-12-12 21:48:09', NULL),
(3110, 139, 'Logatec Municipality', '2023-12-12 21:48:09', NULL),
(3111, 139, 'Loka Dolina Municipality', '2023-12-12 21:48:09', NULL),
(3112, 139, 'Loki Potok Municipality', '2023-12-12 21:48:09', NULL),
(3113, 139, 'Lovrenc na Pohorju Municipality', '2023-12-12 21:48:09', NULL),
(3114, 139, 'Lue Municipality', '2023-12-12 21:48:09', NULL),
(3115, 139, 'Lukovica Municipality', '2023-12-12 21:48:09', NULL),
(3116, 139, 'Majperk Municipality', '2023-12-12 21:48:09', NULL),
(3117, 139, 'Makole Municipality', '2023-12-12 21:48:09', NULL),
(3118, 139, 'Maribor City Municipality', '2023-12-12 21:48:09', NULL),
(3119, 139, 'Markovci Municipality', '2023-12-12 21:48:09', NULL),
(3120, 139, 'Medvode Municipality', '2023-12-12 21:48:09', NULL),
(3121, 139, 'Menge Municipality', '2023-12-12 21:48:09', NULL),
(3122, 139, 'Metlika Municipality', '2023-12-12 21:48:09', NULL),
(3123, 139, 'Meica Municipality', '2023-12-12 21:48:09', NULL),
(3124, 139, 'Miklav na Dravskem Polju Municipality', '2023-12-12 21:48:09', NULL),
(3125, 139, 'MirenKostanjevica Municipality', '2023-12-12 21:48:09', NULL),
(3126, 139, 'Mirna Municipality', '2023-12-12 21:48:09', NULL),
(3127, 139, 'Mirna Pe Municipality', '2023-12-12 21:48:09', NULL),
(3128, 139, 'Mislinja Municipality', '2023-12-12 21:48:09', NULL),
(3129, 139, 'MokronogTrebelno Municipality', '2023-12-12 21:48:09', NULL),
(3130, 139, 'Morave Municipality', '2023-12-12 21:48:09', NULL),
(3131, 139, 'Moravske Toplice Municipality', '2023-12-12 21:48:09', NULL),
(3132, 139, 'Mozirje Municipality', '2023-12-12 21:48:09', NULL),
(3133, 139, 'Municipality of Apae', '2023-12-12 21:48:09', NULL),
(3134, 139, 'Municipality of Cirkulane', '2023-12-12 21:48:09', NULL),
(3135, 139, 'Municipality of Ilirska Bistrica', '2023-12-12 21:48:09', NULL),
(3136, 139, 'Municipality of Krko', '2023-12-12 21:48:09', NULL),
(3137, 139, 'Municipality of kofljica', '2023-12-12 21:48:09', NULL),
(3138, 139, 'Murska Sobota City Municipality', '2023-12-12 21:48:09', NULL),
(3139, 139, 'Muta Municipality', '2023-12-12 21:48:09', NULL),
(3140, 139, 'Naklo Municipality', '2023-12-12 21:48:09', NULL),
(3141, 139, 'Nazarje Municipality', '2023-12-12 21:48:09', NULL),
(3142, 139, 'Nova Gorica City Municipality', '2023-12-12 21:48:09', NULL),
(3143, 139, 'Odranci Municipality', '2023-12-12 21:48:09', NULL),
(3144, 139, 'Oplotnica', '2023-12-12 21:48:09', NULL),
(3145, 139, 'Ormo Municipality', '2023-12-12 21:48:09', NULL),
(3146, 139, 'Osilnica Municipality', '2023-12-12 21:48:09', NULL),
(3147, 139, 'Pesnica Municipality', '2023-12-12 21:48:09', NULL),
(3148, 139, 'Piran Municipality', '2023-12-12 21:48:09', NULL),
(3149, 139, 'Pivka Municipality', '2023-12-12 21:48:09', NULL),
(3150, 139, 'Podetrtek Municipality', '2023-12-12 21:48:09', NULL),
(3151, 139, 'Podlehnik Municipality', '2023-12-12 21:48:09', NULL),
(3152, 139, 'Podvelka Municipality', '2023-12-12 21:48:09', NULL),
(3153, 139, 'Poljane Municipality', '2023-12-12 21:48:09', NULL),
(3154, 139, 'Polzela Municipality', '2023-12-12 21:48:09', NULL),
(3155, 139, 'Postojna Municipality', '2023-12-12 21:48:09', NULL),
(3156, 139, 'Prebold Municipality', '2023-12-12 21:48:09', NULL),
(3157, 139, 'Preddvor Municipality', '2023-12-12 21:48:09', NULL),
(3158, 139, 'Prevalje Municipality', '2023-12-12 21:48:09', NULL),
(3159, 139, 'Ptuj City Municipality', '2023-12-12 21:48:09', NULL),
(3160, 139, 'Puconci Municipality', '2023-12-12 21:48:09', NULL),
(3161, 139, 'RaeFram Municipality', '2023-12-12 21:48:09', NULL),
(3162, 139, 'Radee Municipality', '2023-12-12 21:48:09', NULL),
(3163, 139, 'Radenci Municipality', '2023-12-12 21:48:09', NULL),
(3164, 139, 'Radlje ob Dravi Municipality', '2023-12-12 21:48:09', NULL),
(3165, 139, 'Radovljica Municipality', '2023-12-12 21:48:09', NULL),
(3166, 139, 'Ravne na Korokem Municipality', '2023-12-12 21:48:09', NULL),
(3167, 139, 'Razkrije Municipality', '2023-12-12 21:48:09', NULL),
(3168, 139, 'Reica ob Savinji Municipality', '2023-12-12 21:48:09', NULL),
(3169, 139, 'ReneVogrsko Municipality', '2023-12-12 21:48:09', NULL),
(3170, 139, 'Ribnica Municipality', '2023-12-12 21:48:09', NULL),
(3171, 139, 'Ribnica na Pohorju Municipality', '2023-12-12 21:48:09', NULL),
(3172, 139, 'Rogaka Slatina Municipality', '2023-12-12 21:48:09', NULL),
(3173, 139, 'Rogaovci Municipality', '2023-12-12 21:48:09', NULL),
(3174, 139, 'Rogatec Municipality', '2023-12-12 21:48:09', NULL),
(3175, 139, 'Rue Municipality', '2023-12-12 21:48:09', NULL),
(3176, 139, 'alovci Municipality', '2023-12-12 21:48:09', NULL),
(3177, 139, 'Selnica ob Dravi Municipality', '2023-12-12 21:48:09', NULL),
(3178, 139, 'Semi Municipality', '2023-12-12 21:48:09', NULL),
(3179, 139, 'empeterVrtojba Municipality', '2023-12-12 21:48:09', NULL),
(3180, 139, 'enur Municipality', '2023-12-12 21:48:09', NULL),
(3181, 139, 'entilj Municipality', '2023-12-12 21:48:09', NULL),
(3182, 139, 'entjernej Municipality', '2023-12-12 21:48:09', NULL),
(3183, 139, 'entjur Municipality', '2023-12-12 21:48:09', NULL),
(3184, 139, 'entrupert Municipality', '2023-12-12 21:48:09', NULL),
(3185, 139, 'Sevnica Municipality', '2023-12-12 21:48:09', NULL),
(3186, 139, 'Seana Municipality', '2023-12-12 21:48:09', NULL),
(3187, 139, 'kocjan Municipality', '2023-12-12 21:48:09', NULL),
(3188, 139, 'kofja Loka Municipality', '2023-12-12 21:48:09', NULL),
(3189, 139, 'Slovenj Gradec City Municipality', '2023-12-12 21:48:09', NULL),
(3190, 139, 'Slovenska Bistrica Municipality', '2023-12-12 21:48:09', NULL),
(3191, 139, 'Slovenske Konjice Municipality', '2023-12-12 21:48:09', NULL),
(3192, 139, 'marje pri Jelah Municipality', '2023-12-12 21:48:09', NULL),
(3193, 139, 'marjeke Toplice Municipality', '2023-12-12 21:48:09', NULL),
(3194, 139, 'martno ob Paki Municipality', '2023-12-12 21:48:09', NULL),
(3195, 139, 'martno pri Litiji Municipality', '2023-12-12 21:48:09', NULL),
(3196, 139, 'Sodraica Municipality', '2023-12-12 21:48:09', NULL),
(3197, 139, 'Solava Municipality', '2023-12-12 21:48:09', NULL),
(3198, 139, 'otanj Municipality', '2023-12-12 21:48:09', NULL),
(3199, 139, 'Sredie ob Dravi', '2023-12-12 21:48:09', NULL),
(3200, 139, 'Stare Municipality', '2023-12-12 21:48:09', NULL),
(3201, 139, 'tore Municipality', '2023-12-12 21:48:09', NULL),
(3202, 139, 'Straa Municipality', '2023-12-12 21:48:09', NULL),
(3203, 139, 'Sveta Ana Municipality', '2023-12-12 21:48:09', NULL),
(3204, 139, 'Sveta Trojica v Slovenskih Goricah Municipality', '2023-12-12 21:48:09', NULL),
(3205, 139, 'Sveti Andra v Slovenskih Goricah Municipality', '2023-12-12 21:48:09', NULL),
(3206, 139, 'Sveti Jurij ob avnici Municipality', '2023-12-12 21:48:09', NULL),
(3207, 139, 'Sveti Jurij v Slovenskih Goricah Municipality', '2023-12-12 21:48:09', NULL),
(3208, 139, 'Sveti Toma Municipality', '2023-12-12 21:48:09', NULL),
(3209, 139, 'Tabor Municipality', '2023-12-12 21:48:09', NULL),
(3210, 139, 'Tiina Municipality', '2023-12-12 21:48:09', NULL),
(3211, 139, 'Tolmin Municipality', '2023-12-12 21:48:09', NULL),
(3212, 139, 'Trbovlje Municipality', '2023-12-12 21:48:09', NULL),
(3213, 139, 'Trebnje Municipality', '2023-12-12 21:48:09', NULL),
(3214, 139, 'Trnovska Vas Municipality', '2023-12-12 21:48:09', NULL),
(3215, 139, 'Tri Municipality', '2023-12-12 21:48:10', NULL),
(3216, 139, 'Trzin Municipality', '2023-12-12 21:48:10', NULL),
(3217, 139, 'Turnie Municipality', '2023-12-12 21:48:10', NULL),
(3218, 139, 'Velika Polana Municipality', '2023-12-12 21:48:10', NULL),
(3219, 139, 'Velike Lae Municipality', '2023-12-12 21:48:10', NULL),
(3220, 139, 'Verej Municipality', '2023-12-12 21:48:10', NULL),
(3221, 139, 'Videm Municipality', '2023-12-12 21:48:10', NULL),
(3222, 139, 'Vipava Municipality', '2023-12-12 21:48:10', NULL),
(3223, 139, 'Vitanje Municipality', '2023-12-12 21:48:10', NULL),
(3224, 139, 'Vodice Municipality', '2023-12-12 21:48:10', NULL),
(3225, 139, 'Vojnik Municipality', '2023-12-12 21:48:10', NULL),
(3226, 139, 'Vransko Municipality', '2023-12-12 21:48:10', NULL),
(3227, 139, 'Vrhnika Municipality', '2023-12-12 21:48:10', NULL),
(3228, 139, 'Vuzenica Municipality', '2023-12-12 21:48:10', NULL),
(3229, 139, 'Zagorje ob Savi Municipality', '2023-12-12 21:48:10', NULL),
(3230, 139, 'alec Municipality', '2023-12-12 21:48:10', NULL),
(3231, 139, 'Zavr Municipality', '2023-12-12 21:48:10', NULL),
(3232, 139, 'elezniki Municipality', '2023-12-12 21:48:10', NULL),
(3233, 139, 'etale Municipality', '2023-12-12 21:48:10', NULL),
(3234, 139, 'iri Municipality', '2023-12-12 21:48:10', NULL),
(3235, 139, 'irovnica Municipality', '2023-12-12 21:48:10', NULL),
(3236, 139, 'Zree Municipality', '2023-12-12 21:48:10', NULL),
(3237, 139, 'uemberk Municipality', '2023-12-12 21:48:10', NULL),
(3238, 140, 'Central Province', '2023-12-12 21:48:10', NULL),
(3239, 140, 'Choiseul Province', '2023-12-12 21:48:10', NULL),
(3240, 140, 'Guadalcanal Province', '2023-12-12 21:48:10', NULL),
(3241, 140, 'Honiara', '2023-12-12 21:48:10', NULL),
(3242, 140, 'Isabel Province', '2023-12-12 21:48:10', NULL),
(3243, 140, 'Makira-Ulawa Province', '2023-12-12 21:48:10', NULL),
(3244, 140, 'Malaita Province', '2023-12-12 21:48:10', NULL),
(3245, 140, 'Rennell and Bellona Province', '2023-12-12 21:48:10', NULL),
(3246, 140, 'Temotu Province', '2023-12-12 21:48:10', NULL),
(3247, 140, 'Western Province', '2023-12-12 21:48:10', NULL),
(3248, 141, 'Awdal Region', '2023-12-12 21:48:10', NULL),
(3249, 141, 'Bakool', '2023-12-12 21:48:10', NULL),
(3250, 141, 'Banaadir', '2023-12-12 21:48:10', NULL),
(3251, 141, 'Bari', '2023-12-12 21:48:10', NULL),
(3252, 141, 'Bay', '2023-12-12 21:48:10', NULL),
(3253, 141, 'Galguduud', '2023-12-12 21:48:10', NULL),
(3254, 141, 'Gedo', '2023-12-12 21:48:10', NULL),
(3255, 141, 'Hiran', '2023-12-12 21:48:10', NULL),
(3256, 141, 'Lower Juba', '2023-12-12 21:48:10', NULL),
(3257, 141, 'Lower Shebelle', '2023-12-12 21:48:10', NULL),
(3258, 141, 'Middle Juba', '2023-12-12 21:48:10', NULL),
(3259, 141, 'Middle Shebelle', '2023-12-12 21:48:10', NULL),
(3260, 141, 'Mudug', '2023-12-12 21:48:10', NULL),
(3261, 141, 'Nugal', '2023-12-12 21:48:10', NULL),
(3262, 141, 'Sanaag Region', '2023-12-12 21:48:10', NULL),
(3263, 141, 'Togdheer Region', '2023-12-12 21:48:10', NULL),
(3264, 142, 'Eastern Cape', '2023-12-12 21:48:10', NULL),
(3265, 142, 'Free State', '2023-12-12 21:48:10', NULL),
(3266, 142, 'Gauteng', '2023-12-12 21:48:10', NULL),
(3267, 142, 'KwaZulu-Natal', '2023-12-12 21:48:10', NULL),
(3268, 142, 'Limpopo', '2023-12-12 21:48:10', NULL),
(3269, 142, 'Mpumalanga', '2023-12-12 21:48:10', NULL),
(3270, 142, 'North West', '2023-12-12 21:48:10', NULL),
(3271, 142, 'Northern Cape', '2023-12-12 21:48:10', NULL),
(3272, 142, 'Western Cape', '2023-12-12 21:48:10', NULL),
(3273, 28, 'A Corua', '2023-12-12 21:48:10', NULL),
(3274, 28, 'Albacete', '2023-12-12 21:48:10', NULL),
(3275, 28, 'Alicante', '2023-12-12 21:48:10', NULL),
(3276, 28, 'Almeria', '2023-12-12 21:48:10', NULL),
(3277, 28, 'Araba', '2023-12-12 21:48:10', NULL),
(3278, 28, 'Asturias', '2023-12-12 21:48:10', NULL),
(3279, 28, 'vila', '2023-12-12 21:48:10', NULL),
(3280, 28, 'Badajoz', '2023-12-12 21:48:10', NULL),
(3281, 28, 'Barcelona', '2023-12-12 21:48:10', NULL),
(3282, 28, 'Bizkaia', '2023-12-12 21:48:10', NULL),
(3283, 28, 'Burgos', '2023-12-12 21:48:10', NULL),
(3284, 28, 'Caceres', '2023-12-12 21:48:10', NULL),
(3285, 28, 'Cdiz', '2023-12-12 21:48:10', NULL),
(3286, 28, 'Canarias', '2023-12-12 21:48:10', NULL),
(3287, 28, 'Cantabria', '2023-12-12 21:48:10', NULL),
(3288, 28, 'Castelln', '2023-12-12 21:48:10', NULL),
(3289, 28, 'Ceuta', '2023-12-12 21:48:10', NULL),
(3290, 28, 'Ciudad Real', '2023-12-12 21:48:10', NULL),
(3291, 28, 'Crdoba', '2023-12-12 21:48:10', NULL),
(3292, 28, 'Cuenca', '2023-12-12 21:48:10', NULL),
(3293, 28, 'Gipuzkoa', '2023-12-12 21:48:10', NULL),
(3294, 28, 'Girona', '2023-12-12 21:48:10', NULL),
(3295, 28, 'Granada', '2023-12-12 21:48:10', NULL),
(3296, 28, 'Guadalajara', '2023-12-12 21:48:10', NULL),
(3297, 28, 'Huelva', '2023-12-12 21:48:10', NULL),
(3298, 28, 'Huesca', '2023-12-12 21:48:10', NULL),
(3299, 28, 'Islas Baleares', '2023-12-12 21:48:10', NULL),
(3300, 28, 'Jan', '2023-12-12 21:48:10', NULL),
(3301, 28, 'La Rioja', '2023-12-12 21:48:10', NULL),
(3302, 28, 'Las Palmas', '2023-12-12 21:48:10', NULL),
(3303, 28, 'Lon', '2023-12-12 21:48:10', NULL),
(3304, 28, 'Lleida', '2023-12-12 21:48:10', NULL),
(3305, 28, 'Lugo', '2023-12-12 21:48:10', NULL),
(3306, 28, 'Madrid', '2023-12-12 21:48:10', NULL),
(3307, 28, 'Mlaga', '2023-12-12 21:48:10', NULL),
(3308, 28, 'Melilla', '2023-12-12 21:48:10', NULL),
(3309, 28, 'Murcia', '2023-12-12 21:48:10', NULL),
(3310, 28, 'Navarra', '2023-12-12 21:48:10', NULL),
(3311, 28, 'Ourense', '2023-12-12 21:48:10', NULL),
(3312, 28, 'Palencia', '2023-12-12 21:48:10', NULL),
(3313, 28, 'Pontevedra', '2023-12-12 21:48:10', NULL),
(3314, 28, 'Salamanca', '2023-12-12 21:48:10', NULL),
(3315, 28, 'Santa Cruz de Tenerife', '2023-12-12 21:48:10', NULL),
(3316, 28, 'Segovia', '2023-12-12 21:48:10', NULL),
(3317, 28, 'Sevilla', '2023-12-12 21:48:10', NULL),
(3318, 28, 'Soria', '2023-12-12 21:48:10', NULL),
(3319, 28, 'Tarragona', '2023-12-12 21:48:10', NULL),
(3320, 28, 'Teruel', '2023-12-12 21:48:10', NULL),
(3321, 28, 'Toledo', '2023-12-12 21:48:10', NULL),
(3322, 28, 'Valencia', '2023-12-12 21:48:10', NULL),
(3323, 28, 'Valladolid', '2023-12-12 21:48:10', NULL),
(3324, 28, 'Zamora', '2023-12-12 21:48:10', NULL),
(3325, 28, 'Zaragoza', '2023-12-12 21:48:10', NULL),
(3326, 143, 'Ampara District', '2023-12-12 21:48:10', NULL),
(3327, 143, 'Anuradhapura District', '2023-12-12 21:48:10', NULL),
(3328, 143, 'Badulla District', '2023-12-12 21:48:10', NULL),
(3329, 143, 'Batticaloa District', '2023-12-12 21:48:10', NULL),
(3330, 143, 'Central Province', '2023-12-12 21:48:10', NULL),
(3331, 143, 'Colombo District', '2023-12-12 21:48:10', NULL),
(3332, 143, 'Eastern Province', '2023-12-12 21:48:10', NULL),
(3333, 143, 'Galle District', '2023-12-12 21:48:10', NULL),
(3334, 143, 'Gampaha District', '2023-12-12 21:48:10', NULL),
(3335, 143, 'Hambantota District', '2023-12-12 21:48:10', NULL),
(3336, 143, 'Jaffna District', '2023-12-12 21:48:10', NULL),
(3337, 143, 'Kalutara District', '2023-12-12 21:48:10', NULL),
(3338, 143, 'Kandy District', '2023-12-12 21:48:10', NULL),
(3339, 143, 'Kegalle District', '2023-12-12 21:48:10', NULL),
(3340, 143, 'Kilinochchi District', '2023-12-12 21:48:10', NULL),
(3341, 143, 'Mannar District', '2023-12-12 21:48:10', NULL),
(3342, 143, 'Matale District', '2023-12-12 21:48:10', NULL),
(3343, 143, 'Matara District', '2023-12-12 21:48:10', NULL),
(3344, 143, 'Monaragala District', '2023-12-12 21:48:10', NULL),
(3345, 143, 'Mullaitivu District', '2023-12-12 21:48:10', NULL),
(3346, 143, 'North Central Province', '2023-12-12 21:48:10', NULL),
(3347, 143, 'North Western Province', '2023-12-12 21:48:10', NULL),
(3348, 143, 'Northern Province', '2023-12-12 21:48:10', NULL),
(3349, 143, 'Nuwara Eliya District', '2023-12-12 21:48:10', NULL),
(3350, 143, 'Polonnaruwa District', '2023-12-12 21:48:10', NULL),
(3351, 143, 'Puttalam District', '2023-12-12 21:48:10', NULL),
(3352, 143, 'Ratnapura district', '2023-12-12 21:48:10', NULL),
(3353, 143, 'Sabaragamuwa Province', '2023-12-12 21:48:10', NULL),
(3354, 143, 'Southern Province', '2023-12-12 21:48:10', NULL),
(3355, 143, 'Trincomalee District', '2023-12-12 21:48:10', NULL),
(3356, 143, 'Uva Province', '2023-12-12 21:48:10', NULL),
(3357, 143, 'Vavuniya District', '2023-12-12 21:48:10', NULL),
(3358, 143, 'Western Province', '2023-12-12 21:48:10', NULL),
(3359, 144, 'Al Jazirah', '2023-12-12 21:48:10', NULL),
(3360, 144, 'Al Qadarif', '2023-12-12 21:48:10', NULL),
(3361, 144, 'Blue Nile', '2023-12-12 21:48:10', NULL),
(3362, 144, 'Central Darfur', '2023-12-12 21:48:10', NULL),
(3363, 144, 'East Darfur', '2023-12-12 21:48:10', NULL),
(3364, 144, 'Kassala', '2023-12-12 21:48:10', NULL),
(3365, 144, 'Khartoum', '2023-12-12 21:48:10', NULL),
(3366, 144, 'North Darfur', '2023-12-12 21:48:10', NULL),
(3367, 144, 'North Kordofan', '2023-12-12 21:48:10', NULL),
(3368, 144, 'Northern', '2023-12-12 21:48:10', NULL),
(3369, 144, 'Red Sea', '2023-12-12 21:48:10', NULL),
(3370, 144, 'River Nile', '2023-12-12 21:48:10', NULL),
(3371, 144, 'Sennar', '2023-12-12 21:48:10', NULL),
(3372, 144, 'South Darfur', '2023-12-12 21:48:10', NULL),
(3373, 144, 'South Kordofan', '2023-12-12 21:48:10', NULL),
(3374, 144, 'West Darfur', '2023-12-12 21:48:10', NULL),
(3375, 144, 'West Kordofan', '2023-12-12 21:48:10', NULL),
(3376, 144, 'White Nile', '2023-12-12 21:48:10', NULL),
(3377, 145, 'Brokopondo District', '2023-12-12 21:48:10', NULL),
(3378, 145, 'Commewijne District', '2023-12-12 21:48:10', NULL),
(3379, 145, 'Coronie District', '2023-12-12 21:48:10', NULL),
(3380, 145, 'Marowijne District', '2023-12-12 21:48:10', NULL),
(3381, 145, 'Nickerie District', '2023-12-12 21:48:10', NULL),
(3382, 145, 'Para District', '2023-12-12 21:48:10', NULL),
(3383, 145, 'Paramaribo District', '2023-12-12 21:48:10', NULL),
(3384, 145, 'Saramacca District', '2023-12-12 21:48:10', NULL),
(3385, 145, 'Sipaliwini District', '2023-12-12 21:48:10', NULL),
(3386, 145, 'Wanica District', '2023-12-12 21:48:10', NULL),
(3387, 146, 'Hhohho District', '2023-12-12 21:48:10', NULL),
(3388, 146, 'Lubombo District', '2023-12-12 21:48:10', NULL),
(3389, 146, 'Manzini District', '2023-12-12 21:48:10', NULL),
(3390, 146, 'Shiselweni District', '2023-12-12 21:48:10', NULL),
(3391, 29, 'Blekinge County', '2023-12-12 21:48:10', NULL),
(3392, 29, 'Dalarna County', '2023-12-12 21:48:10', NULL),
(3393, 29, 'Gvleborg County', '2023-12-12 21:48:10', NULL),
(3394, 29, 'Gotland County', '2023-12-12 21:48:10', NULL),
(3395, 29, 'Halland County', '2023-12-12 21:48:10', NULL),
(3396, 29, 'Jmtland County', '2023-12-12 21:48:10', NULL),
(3397, 29, 'Jnkping County', '2023-12-12 21:48:10', NULL),
(3398, 29, 'Kalmar County', '2023-12-12 21:48:10', NULL),
(3399, 29, 'Kronoberg County', '2023-12-12 21:48:10', NULL),
(3400, 29, 'Norrbotten County', '2023-12-12 21:48:10', NULL),
(3401, 29, 'rebro County', '2023-12-12 21:48:10', NULL),
(3402, 29, 'stergtland County', '2023-12-12 21:48:10', NULL),
(3403, 29, 'Skne County', '2023-12-12 21:48:10', NULL),
(3404, 29, 'Sdermanland County', '2023-12-12 21:48:10', NULL),
(3405, 29, 'Stockholm County', '2023-12-12 21:48:10', NULL),
(3406, 29, 'Uppsala County', '2023-12-12 21:48:10', NULL),
(3407, 29, 'Vrmland County', '2023-12-12 21:48:10', NULL),
(3408, 29, 'Vsterbotten County', '2023-12-12 21:48:10', NULL),
(3409, 29, 'Vsternorrland County', '2023-12-12 21:48:10', NULL),
(3410, 29, 'Vstmanland County', '2023-12-12 21:48:10', NULL),
(3411, 29, 'Vstra Gtaland County', '2023-12-12 21:48:10', NULL),
(3412, 30, 'Aargau', '2023-12-12 21:48:10', NULL),
(3413, 30, 'Appenzell Ausserrhoden', '2023-12-12 21:48:10', NULL),
(3414, 30, 'Appenzell Innerrhoden', '2023-12-12 21:48:10', NULL),
(3415, 30, 'Basel-Land', '2023-12-12 21:48:10', NULL),
(3416, 30, 'Basel-Stadt', '2023-12-12 21:48:10', NULL),
(3417, 30, 'Bern', '2023-12-12 21:48:10', NULL),
(3418, 30, 'Fribourg', '2023-12-12 21:48:10', NULL),
(3419, 30, 'Geneva', '2023-12-12 21:48:10', NULL),
(3420, 30, 'Glarus', '2023-12-12 21:48:10', NULL),
(3421, 30, 'Graubnden', '2023-12-12 21:48:10', NULL),
(3422, 30, 'Jura', '2023-12-12 21:48:10', NULL),
(3423, 30, 'Lucerne', '2023-12-12 21:48:10', NULL),
(3424, 30, 'Neuchtel', '2023-12-12 21:48:10', NULL),
(3425, 30, 'Nidwalden', '2023-12-12 21:48:10', NULL),
(3426, 30, 'Obwalden', '2023-12-12 21:48:10', NULL),
(3427, 30, 'Schaffhausen', '2023-12-12 21:48:10', NULL),
(3428, 30, 'Schwyz', '2023-12-12 21:48:10', NULL),
(3429, 30, 'Solothurn', '2023-12-12 21:48:10', NULL),
(3430, 30, 'St. Gallen', '2023-12-12 21:48:10', NULL),
(3431, 30, 'Thurgau', '2023-12-12 21:48:10', NULL),
(3432, 30, 'Ticino', '2023-12-12 21:48:10', NULL),
(3433, 30, 'Uri', '2023-12-12 21:48:10', NULL),
(3434, 30, 'Valais', '2023-12-12 21:48:10', NULL),
(3435, 30, 'Vaud', '2023-12-12 21:48:10', NULL),
(3436, 30, 'Zug', '2023-12-12 21:48:10', NULL),
(3437, 30, 'Zrich', '2023-12-12 21:48:10', NULL),
(3438, 31, 'Changhua', '2023-12-12 21:48:10', NULL),
(3439, 31, 'Chiayi', '2023-12-12 21:48:10', NULL),
(3440, 31, 'Chiayi', '2023-12-12 21:48:10', NULL),
(3441, 31, 'Hsinchu', '2023-12-12 21:48:10', NULL),
(3442, 31, 'Hsinchu', '2023-12-12 21:48:10', NULL),
(3443, 31, 'Hualien', '2023-12-12 21:48:10', NULL),
(3444, 31, 'Kaohsiung', '2023-12-12 21:48:10', NULL),
(3445, 31, 'Keelung', '2023-12-12 21:48:10', NULL),
(3446, 31, 'Kinmen', '2023-12-12 21:48:10', NULL),
(3447, 31, 'Lienchiang', '2023-12-12 21:48:10', NULL),
(3448, 31, 'Miaoli', '2023-12-12 21:48:10', NULL),
(3449, 31, 'Nantou', '2023-12-12 21:48:10', NULL),
(3450, 31, 'New Taipei', '2023-12-12 21:48:10', NULL),
(3451, 31, 'Penghu', '2023-12-12 21:48:10', NULL),
(3452, 31, 'Pingtung', '2023-12-12 21:48:10', NULL),
(3453, 31, 'Taichung', '2023-12-12 21:48:10', NULL),
(3454, 31, 'Tainan', '2023-12-12 21:48:10', NULL),
(3455, 31, 'Taipei', '2023-12-12 21:48:10', NULL),
(3456, 31, 'Taitung', '2023-12-12 21:48:10', NULL),
(3457, 31, 'Taoyuan', '2023-12-12 21:48:10', NULL),
(3458, 31, 'Yilan', '2023-12-12 21:48:10', NULL),
(3459, 31, 'Yunlin', '2023-12-12 21:48:10', NULL),
(3460, 147, 'districts of Republican Subordination', '2023-12-12 21:48:10', NULL),
(3461, 147, 'Gorno-Badakhshan Autonomous Province', '2023-12-12 21:48:10', NULL),
(3462, 147, 'Khatlon Province', '2023-12-12 21:48:10', NULL),
(3463, 147, 'Sughd Province', '2023-12-12 21:48:10', NULL),
(3464, 150, 'Arusha', '2023-12-12 21:48:10', NULL),
(3465, 150, 'Dar es Salaam', '2023-12-12 21:48:10', NULL),
(3466, 150, 'Dodoma', '2023-12-12 21:48:10', NULL),
(3467, 150, 'Geita', '2023-12-12 21:48:10', NULL),
(3468, 150, 'Iringa', '2023-12-12 21:48:10', NULL),
(3469, 150, 'Kagera', '2023-12-12 21:48:10', NULL),
(3470, 150, 'Katavi', '2023-12-12 21:48:10', NULL),
(3471, 150, 'Kigoma', '2023-12-12 21:48:10', NULL),
(3472, 150, 'Kilimanjaro', '2023-12-12 21:48:10', NULL),
(3473, 150, 'Lindi', '2023-12-12 21:48:10', NULL),
(3474, 150, 'Manyara', '2023-12-12 21:48:10', NULL),
(3475, 150, 'Mara', '2023-12-12 21:48:10', NULL),
(3476, 150, 'Mbeya', '2023-12-12 21:48:10', NULL),
(3477, 150, 'Morogoro', '2023-12-12 21:48:10', NULL),
(3478, 150, 'Mtwara', '2023-12-12 21:48:10', NULL),
(3479, 150, 'Mwanza', '2023-12-12 21:48:10', NULL),
(3480, 150, 'Njombe', '2023-12-12 21:48:10', NULL),
(3481, 150, 'Pemba North', '2023-12-12 21:48:10', NULL),
(3482, 150, 'Pemba South', '2023-12-12 21:48:10', NULL),
(3483, 150, 'Pwani', '2023-12-12 21:48:10', NULL),
(3484, 150, 'Rukwa', '2023-12-12 21:48:10', NULL),
(3485, 150, 'Ruvuma', '2023-12-12 21:48:10', NULL),
(3486, 150, 'Shinyanga', '2023-12-12 21:48:10', NULL),
(3487, 150, 'Simiyu', '2023-12-12 21:48:10', NULL),
(3488, 150, 'Singida', '2023-12-12 21:48:10', NULL),
(3489, 150, 'Songwe', '2023-12-12 21:48:10', NULL),
(3490, 150, 'Tabora', '2023-12-12 21:48:10', NULL),
(3491, 150, 'Tanga', '2023-12-12 21:48:10', NULL),
(3492, 150, 'Zanzibar North', '2023-12-12 21:48:10', NULL),
(3493, 150, 'Zanzibar South', '2023-12-12 21:48:10', NULL),
(3494, 150, 'Zanzibar West', '2023-12-12 21:48:10', NULL),
(3495, 148, 'Amnat Charoen', '2023-12-12 21:48:10', NULL),
(3496, 148, 'Ang Thong', '2023-12-12 21:48:10', NULL),
(3497, 148, 'Bangkok', '2023-12-12 21:48:10', NULL),
(3498, 148, 'Bueng Kan', '2023-12-12 21:48:10', NULL),
(3499, 148, 'Buri Ram', '2023-12-12 21:48:10', NULL),
(3500, 148, 'Chachoengsao', '2023-12-12 21:48:10', NULL),
(3501, 148, 'Chai Nat', '2023-12-12 21:48:10', NULL),
(3502, 148, 'Chaiyaphum', '2023-12-12 21:48:10', NULL),
(3503, 148, 'Chanthaburi', '2023-12-12 21:48:10', NULL),
(3504, 148, 'Chiang Mai', '2023-12-12 21:48:10', NULL),
(3505, 148, 'Chiang Rai', '2023-12-12 21:48:10', NULL),
(3506, 148, 'Chon Buri', '2023-12-12 21:48:10', NULL),
(3507, 148, 'Chumphon', '2023-12-12 21:48:10', NULL),
(3508, 148, 'Kalasin', '2023-12-12 21:48:10', NULL),
(3509, 148, 'Kamphaeng Phet', '2023-12-12 21:48:10', NULL),
(3510, 148, 'Kanchanaburi', '2023-12-12 21:48:10', NULL),
(3511, 148, 'Khon Kaen', '2023-12-12 21:48:10', NULL),
(3512, 148, 'Krabi', '2023-12-12 21:48:10', NULL),
(3513, 148, 'Lampang', '2023-12-12 21:48:10', NULL),
(3514, 148, 'Lamphun', '2023-12-12 21:48:10', NULL),
(3515, 148, 'Loei', '2023-12-12 21:48:10', NULL),
(3516, 148, 'Lop Buri', '2023-12-12 21:48:10', NULL),
(3517, 148, 'Mae Hong Son', '2023-12-12 21:48:10', NULL),
(3518, 148, 'Maha Sarakham', '2023-12-12 21:48:10', NULL),
(3519, 148, 'Mukdahan', '2023-12-12 21:48:10', NULL),
(3520, 148, 'Nakhon Nayok', '2023-12-12 21:48:10', NULL),
(3521, 148, 'Nakhon Pathom', '2023-12-12 21:48:10', NULL),
(3522, 148, 'Nakhon Phanom', '2023-12-12 21:48:10', NULL),
(3523, 148, 'Nakhon Ratchasima', '2023-12-12 21:48:10', NULL),
(3524, 148, 'Nakhon Sawan', '2023-12-12 21:48:10', NULL),
(3525, 148, 'Nakhon Si Thammarat', '2023-12-12 21:48:10', NULL),
(3526, 148, 'Nan', '2023-12-12 21:48:10', NULL),
(3527, 148, 'Narathiwat', '2023-12-12 21:48:10', NULL),
(3528, 148, 'Nong Bua Lam Phu', '2023-12-12 21:48:10', NULL),
(3529, 148, 'Nong Khai', '2023-12-12 21:48:10', NULL),
(3530, 148, 'Nonthaburi', '2023-12-12 21:48:10', NULL),
(3531, 148, 'Pathum Thani', '2023-12-12 21:48:10', NULL),
(3532, 148, 'Pattani', '2023-12-12 21:48:10', NULL),
(3533, 148, 'Pattaya', '2023-12-12 21:48:10', NULL),
(3534, 148, 'Phangnga', '2023-12-12 21:48:10', NULL),
(3535, 148, 'Phatthalung', '2023-12-12 21:48:10', NULL),
(3536, 148, 'Phayao', '2023-12-12 21:48:10', NULL),
(3537, 148, 'Phetchabun', '2023-12-12 21:48:10', NULL),
(3538, 148, 'Phetchaburi', '2023-12-12 21:48:10', NULL),
(3539, 148, 'Phichit', '2023-12-12 21:48:10', NULL),
(3540, 148, 'Phitsanulok', '2023-12-12 21:48:10', NULL),
(3541, 148, 'Phra Nakhon Si Ayutthaya', '2023-12-12 21:48:10', NULL),
(3542, 148, 'Phrae', '2023-12-12 21:48:10', NULL),
(3543, 148, 'Phuket', '2023-12-12 21:48:10', NULL),
(3544, 148, 'Prachin Buri', '2023-12-12 21:48:10', NULL),
(3545, 148, 'Prachuap Khiri Khan', '2023-12-12 21:48:10', NULL),
(3546, 148, 'Ranong', '2023-12-12 21:48:10', NULL),
(3547, 148, 'Ratchaburi', '2023-12-12 21:48:10', NULL),
(3548, 148, 'Rayong', '2023-12-12 21:48:10', NULL),
(3549, 148, 'Roi Et', '2023-12-12 21:48:10', NULL),
(3550, 148, 'Sa Kaeo', '2023-12-12 21:48:10', NULL),
(3551, 148, 'Sakon Nakhon', '2023-12-12 21:48:10', NULL),
(3552, 148, 'Samut Prakan', '2023-12-12 21:48:10', NULL),
(3553, 148, 'Samut Sakhon', '2023-12-12 21:48:10', NULL),
(3554, 148, 'Samut Songkhram', '2023-12-12 21:48:10', NULL),
(3555, 148, 'Saraburi', '2023-12-12 21:48:10', NULL),
(3556, 148, 'Satun', '2023-12-12 21:48:10', NULL),
(3557, 148, 'Si Sa Ket', '2023-12-12 21:48:10', NULL),
(3558, 148, 'Sing Buri', '2023-12-12 21:48:10', NULL),
(3559, 148, 'Songkhla', '2023-12-12 21:48:10', NULL),
(3560, 148, 'Sukhothai', '2023-12-12 21:48:10', NULL),
(3561, 148, 'Suphan Buri', '2023-12-12 21:48:10', NULL),
(3562, 148, 'Surat Thani', '2023-12-12 21:48:10', NULL),
(3563, 148, 'Surin', '2023-12-12 21:48:10', NULL);
INSERT INTO `states` (`id`, `country_id`, `state`, `created_at`, `updated_at`) VALUES
(3564, 148, 'Tak', '2023-12-12 21:48:10', NULL),
(3565, 148, 'Trang', '2023-12-12 21:48:10', NULL),
(3566, 148, 'Trat', '2023-12-12 21:48:10', NULL),
(3567, 148, 'Ubon Ratchathani', '2023-12-12 21:48:10', NULL),
(3568, 148, 'Udon Thani', '2023-12-12 21:48:10', NULL),
(3569, 148, 'Uthai Thani', '2023-12-12 21:48:10', NULL),
(3570, 148, 'Uttaradit', '2023-12-12 21:48:10', NULL),
(3571, 148, 'Yala', '2023-12-12 21:48:10', NULL),
(3572, 148, 'Yasothon', '2023-12-12 21:48:10', NULL),
(3573, 149, 'Centrale Region', '2023-12-12 21:48:10', NULL),
(3574, 149, 'Kara Region', '2023-12-12 21:48:10', NULL),
(3575, 149, 'Maritime', '2023-12-12 21:48:10', NULL),
(3576, 149, 'Plateaux Region', '2023-12-12 21:48:10', NULL),
(3577, 149, 'Savanes Region', '2023-12-12 21:48:10', NULL),
(3578, 151, 'Ariana', '2023-12-12 21:48:10', NULL),
(3579, 151, 'Bja', '2023-12-12 21:48:10', NULL),
(3580, 151, 'Ben Arous', '2023-12-12 21:48:10', NULL),
(3581, 151, 'Bizerte', '2023-12-12 21:48:10', NULL),
(3582, 151, 'Gabs', '2023-12-12 21:48:10', NULL),
(3583, 151, 'Gafsa', '2023-12-12 21:48:10', NULL),
(3584, 151, 'Jendouba', '2023-12-12 21:48:10', NULL),
(3585, 151, 'Kairouan', '2023-12-12 21:48:10', NULL),
(3586, 151, 'Kasserine', '2023-12-12 21:48:10', NULL),
(3587, 151, 'Kebili', '2023-12-12 21:48:10', NULL),
(3588, 151, 'Kef', '2023-12-12 21:48:10', NULL),
(3589, 151, 'Mahdia', '2023-12-12 21:48:10', NULL),
(3590, 151, 'Manouba', '2023-12-12 21:48:10', NULL),
(3591, 151, 'Medenine', '2023-12-12 21:48:10', NULL),
(3592, 151, 'Monastir', '2023-12-12 21:48:10', NULL),
(3593, 151, 'Nabeul', '2023-12-12 21:48:10', NULL),
(3594, 151, 'Sfax', '2023-12-12 21:48:10', NULL),
(3595, 151, 'Sidi Bouzid', '2023-12-12 21:48:10', NULL),
(3596, 151, 'Siliana', '2023-12-12 21:48:10', NULL),
(3597, 151, 'Sousse', '2023-12-12 21:48:10', NULL),
(3598, 151, 'Tataouine', '2023-12-12 21:48:10', NULL),
(3599, 151, 'Tozeur', '2023-12-12 21:48:10', NULL),
(3600, 151, 'Tunis', '2023-12-12 21:48:10', NULL),
(3601, 151, 'Zaghouan', '2023-12-12 21:48:10', NULL),
(3602, 152, 'Adana', '2023-12-12 21:48:11', NULL),
(3603, 152, 'Adyaman', '2023-12-12 21:48:11', NULL),
(3604, 152, 'Afyonkarahisar', '2023-12-12 21:48:11', NULL),
(3605, 152, 'Ar', '2023-12-12 21:48:11', NULL),
(3606, 152, 'Aksaray', '2023-12-12 21:48:11', NULL),
(3607, 152, 'Amasya', '2023-12-12 21:48:11', NULL),
(3608, 152, 'Ankara', '2023-12-12 21:48:11', NULL),
(3609, 152, 'Antalya', '2023-12-12 21:48:11', NULL),
(3610, 152, 'Ardahan', '2023-12-12 21:48:11', NULL),
(3611, 152, 'Artvin', '2023-12-12 21:48:11', NULL),
(3612, 152, 'Aydn', '2023-12-12 21:48:11', NULL),
(3613, 152, 'Balkesir', '2023-12-12 21:48:11', NULL),
(3614, 152, 'Bartn', '2023-12-12 21:48:11', NULL),
(3615, 152, 'Batman', '2023-12-12 21:48:11', NULL),
(3616, 152, 'Bayburt', '2023-12-12 21:48:11', NULL),
(3617, 152, 'Bilecik', '2023-12-12 21:48:11', NULL),
(3618, 152, 'Bingl', '2023-12-12 21:48:11', NULL),
(3619, 152, 'Bitlis', '2023-12-12 21:48:11', NULL),
(3620, 152, 'Bolu', '2023-12-12 21:48:11', NULL),
(3621, 152, 'Burdur', '2023-12-12 21:48:11', NULL),
(3622, 152, 'Bursa', '2023-12-12 21:48:11', NULL),
(3623, 152, 'anakkale', '2023-12-12 21:48:11', NULL),
(3624, 152, 'ankr', '2023-12-12 21:48:11', NULL),
(3625, 152, 'orum', '2023-12-12 21:48:11', NULL),
(3626, 152, 'Denizli', '2023-12-12 21:48:11', NULL),
(3627, 152, 'Diyarbakr', '2023-12-12 21:48:11', NULL),
(3628, 152, 'Dzce', '2023-12-12 21:48:11', NULL),
(3629, 152, 'Edirne', '2023-12-12 21:48:11', NULL),
(3630, 152, 'Elaz', '2023-12-12 21:48:11', NULL),
(3631, 152, 'Erzincan', '2023-12-12 21:48:11', NULL),
(3632, 152, 'Erzurum', '2023-12-12 21:48:11', NULL),
(3633, 152, 'Eskiehir', '2023-12-12 21:48:11', NULL),
(3634, 152, 'Gaziantep', '2023-12-12 21:48:11', NULL),
(3635, 152, 'Giresun', '2023-12-12 21:48:11', NULL),
(3636, 152, 'Gmhane', '2023-12-12 21:48:11', NULL),
(3637, 152, 'Hakkri', '2023-12-12 21:48:11', NULL),
(3638, 152, 'Hatay', '2023-12-12 21:48:11', NULL),
(3639, 152, 'Idr', '2023-12-12 21:48:11', NULL),
(3640, 152, 'Isparta', '2023-12-12 21:48:11', NULL),
(3641, 152, 'stanbul', '2023-12-12 21:48:11', NULL),
(3642, 152, 'zmir', '2023-12-12 21:48:11', NULL),
(3643, 152, 'Kahramanmara', '2023-12-12 21:48:11', NULL),
(3644, 152, 'Karabk', '2023-12-12 21:48:11', NULL),
(3645, 152, 'Karaman', '2023-12-12 21:48:11', NULL),
(3646, 152, 'Kars', '2023-12-12 21:48:11', NULL),
(3647, 152, 'Kastamonu', '2023-12-12 21:48:11', NULL),
(3648, 152, 'Kayseri', '2023-12-12 21:48:11', NULL),
(3649, 152, 'Kilis', '2023-12-12 21:48:11', NULL),
(3650, 152, 'Krkkale', '2023-12-12 21:48:11', NULL),
(3651, 152, 'Krklareli', '2023-12-12 21:48:11', NULL),
(3652, 152, 'Krehir', '2023-12-12 21:48:11', NULL),
(3653, 152, 'Kocaeli', '2023-12-12 21:48:11', NULL),
(3654, 152, 'Konya', '2023-12-12 21:48:11', NULL),
(3655, 152, 'Ktahya', '2023-12-12 21:48:11', NULL),
(3656, 152, 'Malatya', '2023-12-12 21:48:11', NULL),
(3657, 152, 'Manisa', '2023-12-12 21:48:11', NULL),
(3658, 152, 'Mardin', '2023-12-12 21:48:11', NULL),
(3659, 152, 'Mersin', '2023-12-12 21:48:11', NULL),
(3660, 152, 'Mula', '2023-12-12 21:48:11', NULL),
(3661, 152, 'Mu', '2023-12-12 21:48:11', NULL),
(3662, 152, 'Nevehir', '2023-12-12 21:48:11', NULL),
(3663, 152, 'Nide', '2023-12-12 21:48:11', NULL),
(3664, 152, 'Ordu', '2023-12-12 21:48:11', NULL),
(3665, 152, 'Osmaniye', '2023-12-12 21:48:11', NULL),
(3666, 152, 'Rize', '2023-12-12 21:48:11', NULL),
(3667, 152, 'Sakarya', '2023-12-12 21:48:11', NULL),
(3668, 152, 'Samsun', '2023-12-12 21:48:11', NULL),
(3669, 152, 'anlurfa', '2023-12-12 21:48:11', NULL),
(3670, 152, 'Siirt', '2023-12-12 21:48:11', NULL),
(3671, 152, 'Sinop', '2023-12-12 21:48:11', NULL),
(3672, 152, 'Sivas', '2023-12-12 21:48:11', NULL),
(3673, 152, 'rnak', '2023-12-12 21:48:11', NULL),
(3674, 152, 'Tekirda', '2023-12-12 21:48:11', NULL),
(3675, 152, 'Tokat', '2023-12-12 21:48:11', NULL),
(3676, 152, 'Trabzon', '2023-12-12 21:48:11', NULL),
(3677, 152, 'Tunceli', '2023-12-12 21:48:11', NULL),
(3678, 152, 'Uak', '2023-12-12 21:48:11', NULL),
(3679, 152, 'Van', '2023-12-12 21:48:11', NULL),
(3680, 152, 'Yalova', '2023-12-12 21:48:11', NULL),
(3681, 152, 'Yozgat', '2023-12-12 21:48:11', NULL),
(3682, 152, 'Zonguldak', '2023-12-12 21:48:11', NULL),
(3683, 153, 'Ahal Region', '2023-12-12 21:48:11', NULL),
(3684, 153, 'Ashgabat', '2023-12-12 21:48:11', NULL),
(3685, 153, 'Balkan Region', '2023-12-12 21:48:11', NULL),
(3686, 153, 'Daoguz Region', '2023-12-12 21:48:11', NULL),
(3687, 153, 'Lebap Region', '2023-12-12 21:48:11', NULL),
(3688, 153, 'Mary Region', '2023-12-12 21:48:11', NULL),
(3689, 154, 'Funafuti', '2023-12-12 21:48:11', NULL),
(3690, 154, 'Nanumanga', '2023-12-12 21:48:11', NULL),
(3691, 154, 'Nanumea', '2023-12-12 21:48:11', NULL),
(3692, 154, 'Niutao Island Council', '2023-12-12 21:48:11', NULL),
(3693, 154, 'Nui', '2023-12-12 21:48:11', NULL),
(3694, 154, 'Nukufetau', '2023-12-12 21:48:11', NULL),
(3695, 154, 'Nukulaelae', '2023-12-12 21:48:11', NULL),
(3696, 154, 'Vaitupu', '2023-12-12 21:48:11', NULL),
(3697, 155, 'Abim District', '2023-12-12 21:48:11', NULL),
(3698, 155, 'Adjumani District', '2023-12-12 21:48:11', NULL),
(3699, 155, 'Agago District', '2023-12-12 21:48:11', NULL),
(3700, 155, 'Alebtong District', '2023-12-12 21:48:11', NULL),
(3701, 155, 'Amolatar District', '2023-12-12 21:48:11', NULL),
(3702, 155, 'Amudat District', '2023-12-12 21:48:11', NULL),
(3703, 155, 'Amuria District', '2023-12-12 21:48:11', NULL),
(3704, 155, 'Amuru District', '2023-12-12 21:48:11', NULL),
(3705, 155, 'Apac District', '2023-12-12 21:48:11', NULL),
(3706, 155, 'Arua District', '2023-12-12 21:48:11', NULL),
(3707, 155, 'Budaka District', '2023-12-12 21:48:11', NULL),
(3708, 155, 'Bududa District', '2023-12-12 21:48:11', NULL),
(3709, 155, 'Bugiri District', '2023-12-12 21:48:11', NULL),
(3710, 155, 'Buhweju District', '2023-12-12 21:48:11', NULL),
(3711, 155, 'Buikwe District', '2023-12-12 21:48:11', NULL),
(3712, 155, 'Bukedea District', '2023-12-12 21:48:11', NULL),
(3713, 155, 'Bukomansimbi District', '2023-12-12 21:48:11', NULL),
(3714, 155, 'Bukwo District', '2023-12-12 21:48:11', NULL),
(3715, 155, 'Bulambuli District', '2023-12-12 21:48:11', NULL),
(3716, 155, 'Buliisa District', '2023-12-12 21:48:11', NULL),
(3717, 155, 'Bundibugyo District', '2023-12-12 21:48:11', NULL),
(3718, 155, 'Bunyangabu District', '2023-12-12 21:48:11', NULL),
(3719, 155, 'Bushenyi District', '2023-12-12 21:48:11', NULL),
(3720, 155, 'Busia District', '2023-12-12 21:48:11', NULL),
(3721, 155, 'Butaleja District', '2023-12-12 21:48:11', NULL),
(3722, 155, 'Butambala District', '2023-12-12 21:48:11', NULL),
(3723, 155, 'Butebo District', '2023-12-12 21:48:11', NULL),
(3724, 155, 'Buvuma District', '2023-12-12 21:48:11', NULL),
(3725, 155, 'Buyende District', '2023-12-12 21:48:11', NULL),
(3726, 155, 'Central Region', '2023-12-12 21:48:11', NULL),
(3727, 155, 'Dokolo District', '2023-12-12 21:48:11', NULL),
(3728, 155, 'Eastern Region', '2023-12-12 21:48:11', NULL),
(3729, 155, 'Gomba District', '2023-12-12 21:48:11', NULL),
(3730, 155, 'Gulu District', '2023-12-12 21:48:11', NULL),
(3731, 155, 'Ibanda District', '2023-12-12 21:48:11', NULL),
(3732, 155, 'Iganga District', '2023-12-12 21:48:11', NULL),
(3733, 155, 'Isingiro District', '2023-12-12 21:48:11', NULL),
(3734, 155, 'Jinja District', '2023-12-12 21:48:11', NULL),
(3735, 155, 'Kaabong District', '2023-12-12 21:48:11', NULL),
(3736, 155, 'Kabale District', '2023-12-12 21:48:11', NULL),
(3737, 155, 'Kabarole District', '2023-12-12 21:48:11', NULL),
(3738, 155, 'Kaberamaido District', '2023-12-12 21:48:11', NULL),
(3739, 155, 'Kagadi District', '2023-12-12 21:48:11', NULL),
(3740, 155, 'Kakumiro District', '2023-12-12 21:48:11', NULL),
(3741, 155, 'Kalangala District', '2023-12-12 21:48:11', NULL),
(3742, 155, 'Kaliro District', '2023-12-12 21:48:11', NULL),
(3743, 155, 'Kalungu District', '2023-12-12 21:48:11', NULL),
(3744, 155, 'Kampala District', '2023-12-12 21:48:11', NULL),
(3745, 155, 'Kamuli District', '2023-12-12 21:48:11', NULL),
(3746, 155, 'Kamwenge District', '2023-12-12 21:48:11', NULL),
(3747, 155, 'Kanungu District', '2023-12-12 21:48:11', NULL),
(3748, 155, 'Kapchorwa District', '2023-12-12 21:48:11', NULL),
(3749, 155, 'Kasese District', '2023-12-12 21:48:11', NULL),
(3750, 155, 'Katakwi District', '2023-12-12 21:48:11', NULL),
(3751, 155, 'Kayunga District', '2023-12-12 21:48:11', NULL),
(3752, 155, 'Kibaale District', '2023-12-12 21:48:11', NULL),
(3753, 155, 'Kiboga District', '2023-12-12 21:48:11', NULL),
(3754, 155, 'Kibuku District', '2023-12-12 21:48:11', NULL),
(3755, 155, 'Kiruhura District', '2023-12-12 21:48:11', NULL),
(3756, 155, 'Kiryandongo District', '2023-12-12 21:48:11', NULL),
(3757, 155, 'Kisoro District', '2023-12-12 21:48:11', NULL),
(3758, 155, 'Kitgum District', '2023-12-12 21:48:11', NULL),
(3759, 155, 'Koboko District', '2023-12-12 21:48:11', NULL),
(3760, 155, 'Kole District', '2023-12-12 21:48:11', NULL),
(3761, 155, 'Kotido District', '2023-12-12 21:48:11', NULL),
(3762, 155, 'Kumi District', '2023-12-12 21:48:11', NULL),
(3763, 155, 'Kween District', '2023-12-12 21:48:11', NULL),
(3764, 155, 'Kyankwanzi District', '2023-12-12 21:48:11', NULL),
(3765, 155, 'Kyegegwa District', '2023-12-12 21:48:11', NULL),
(3766, 155, 'Kyenjojo District', '2023-12-12 21:48:11', NULL),
(3767, 155, 'Kyotera District', '2023-12-12 21:48:11', NULL),
(3768, 155, 'Lamwo District', '2023-12-12 21:48:11', NULL),
(3769, 155, 'Lira District', '2023-12-12 21:48:11', NULL),
(3770, 155, 'Luuka District', '2023-12-12 21:48:11', NULL),
(3771, 155, 'Luwero District', '2023-12-12 21:48:11', NULL),
(3772, 155, 'Lwengo District', '2023-12-12 21:48:11', NULL),
(3773, 155, 'Lyantonde District', '2023-12-12 21:48:11', NULL),
(3774, 155, 'Manafwa District', '2023-12-12 21:48:11', NULL),
(3775, 155, 'Maracha District', '2023-12-12 21:48:11', NULL),
(3776, 155, 'Masaka District', '2023-12-12 21:48:11', NULL),
(3777, 155, 'Masindi District', '2023-12-12 21:48:11', NULL),
(3778, 155, 'Mayuge District', '2023-12-12 21:48:11', NULL),
(3779, 155, 'Mbale District', '2023-12-12 21:48:11', NULL),
(3780, 155, 'Mbarara District', '2023-12-12 21:48:11', NULL),
(3781, 155, 'Mitooma District', '2023-12-12 21:48:11', NULL),
(3782, 155, 'Mityana District', '2023-12-12 21:48:11', NULL),
(3783, 155, 'Moroto District', '2023-12-12 21:48:11', NULL),
(3784, 155, 'Moyo District', '2023-12-12 21:48:11', NULL),
(3785, 155, 'Mpigi District', '2023-12-12 21:48:11', NULL),
(3786, 155, 'Mubende District', '2023-12-12 21:48:11', NULL),
(3787, 155, 'Mukono District', '2023-12-12 21:48:11', NULL),
(3788, 155, 'Nakapiripirit District', '2023-12-12 21:48:11', NULL),
(3789, 155, 'Nakaseke District', '2023-12-12 21:48:11', NULL),
(3790, 155, 'Nakasongola District', '2023-12-12 21:48:11', NULL),
(3791, 155, 'Namayingo District', '2023-12-12 21:48:11', NULL),
(3792, 155, 'Namisindwa District', '2023-12-12 21:48:11', NULL),
(3793, 155, 'Namutumba District', '2023-12-12 21:48:11', NULL),
(3794, 155, 'Napak District', '2023-12-12 21:48:11', NULL),
(3795, 155, 'Nebbi District', '2023-12-12 21:48:11', NULL),
(3796, 155, 'Ngora District', '2023-12-12 21:48:11', NULL),
(3797, 155, 'Northern Region', '2023-12-12 21:48:11', NULL),
(3798, 155, 'Ntoroko District', '2023-12-12 21:48:11', NULL),
(3799, 155, 'Ntungamo District', '2023-12-12 21:48:11', NULL),
(3800, 155, 'Nwoya District', '2023-12-12 21:48:11', NULL),
(3801, 155, 'Omoro District', '2023-12-12 21:48:11', NULL),
(3802, 155, 'Otuke District', '2023-12-12 21:48:11', NULL),
(3803, 155, 'Oyam District', '2023-12-12 21:48:11', NULL),
(3804, 155, 'Pader District', '2023-12-12 21:48:11', NULL),
(3805, 155, 'Pakwach District', '2023-12-12 21:48:11', NULL),
(3806, 155, 'Pallisa District', '2023-12-12 21:48:11', NULL),
(3807, 155, 'Rakai District', '2023-12-12 21:48:11', NULL),
(3808, 155, 'Rubanda District', '2023-12-12 21:48:11', NULL),
(3809, 155, 'Rubirizi District', '2023-12-12 21:48:11', NULL),
(3810, 155, 'Rukiga District', '2023-12-12 21:48:11', NULL),
(3811, 155, 'Rukungiri District', '2023-12-12 21:48:11', NULL),
(3812, 155, 'Sembabule District', '2023-12-12 21:48:11', NULL),
(3813, 155, 'Serere District', '2023-12-12 21:48:11', NULL),
(3814, 155, 'Sheema District', '2023-12-12 21:48:11', NULL),
(3815, 155, 'Sironko District', '2023-12-12 21:48:11', NULL),
(3816, 155, 'Soroti District', '2023-12-12 21:48:11', NULL),
(3817, 155, 'Tororo District', '2023-12-12 21:48:11', NULL),
(3818, 155, 'Wakiso District', '2023-12-12 21:48:11', NULL),
(3819, 155, 'Western Region', '2023-12-12 21:48:11', NULL),
(3820, 155, 'Yumbe District', '2023-12-12 21:48:11', NULL),
(3821, 155, 'Zombo District', '2023-12-12 21:48:11', NULL),
(3822, 156, 'Autonomous Republic of Crimea', '2023-12-12 21:48:11', NULL),
(3823, 156, 'Cherkaska oblast', '2023-12-12 21:48:11', NULL),
(3824, 156, 'Chernihivska oblast', '2023-12-12 21:48:11', NULL),
(3825, 156, 'Chernivetska oblast', '2023-12-12 21:48:11', NULL),
(3826, 156, 'Dnipropetrovska oblast', '2023-12-12 21:48:11', NULL),
(3827, 156, 'Donetska oblast', '2023-12-12 21:48:11', NULL),
(3828, 156, 'Ivano-Frankivska oblast', '2023-12-12 21:48:11', NULL),
(3829, 156, 'Kharkivska oblast', '2023-12-12 21:48:11', NULL),
(3830, 156, 'Khersonska oblast', '2023-12-12 21:48:11', NULL),
(3831, 156, 'Khmelnytska oblast', '2023-12-12 21:48:11', NULL),
(3832, 156, 'Kirovohradska oblast', '2023-12-12 21:48:11', NULL),
(3833, 156, 'Kyiv', '2023-12-12 21:48:11', NULL),
(3834, 156, 'Kyivska oblast', '2023-12-12 21:48:11', NULL),
(3835, 156, 'Luhanska oblast', '2023-12-12 21:48:11', NULL),
(3836, 156, 'Lvivska oblast', '2023-12-12 21:48:11', NULL),
(3837, 156, 'Mykolaivska oblast', '2023-12-12 21:48:11', NULL),
(3838, 156, 'Odeska oblast', '2023-12-12 21:48:11', NULL),
(3839, 156, 'Poltavska oblast', '2023-12-12 21:48:11', NULL),
(3840, 156, 'Rivnenska oblast', '2023-12-12 21:48:11', NULL),
(3841, 156, 'Sevastopol', '2023-12-12 21:48:11', NULL),
(3842, 156, 'Sumska oblast', '2023-12-12 21:48:11', NULL),
(3843, 156, 'Ternopilska oblast', '2023-12-12 21:48:11', NULL),
(3844, 156, 'Vinnytska oblast', '2023-12-12 21:48:11', NULL),
(3845, 156, 'Volynska oblast', '2023-12-12 21:48:11', NULL),
(3846, 156, 'Zakarpatska Oblast', '2023-12-12 21:48:11', NULL),
(3847, 156, 'Zaporizka oblast', '2023-12-12 21:48:11', NULL),
(3848, 156, 'Zhytomyrska oblast', '2023-12-12 21:48:11', NULL),
(3849, 157, 'Abu Dhabi Emirate', '2023-12-12 21:48:11', NULL),
(3850, 157, 'Ajman Emirate', '2023-12-12 21:48:11', NULL),
(3851, 157, 'Dubai', '2023-12-12 21:48:11', NULL),
(3852, 157, 'Fujairah', '2023-12-12 21:48:11', NULL),
(3853, 157, 'Ras al-Khaimah', '2023-12-12 21:48:11', NULL),
(3854, 157, 'Sharjah Emirate', '2023-12-12 21:48:11', NULL),
(3855, 157, 'Umm al-Quwain', '2023-12-12 21:48:11', NULL),
(3856, 1, 'Aberdeen', '2023-12-12 21:48:11', NULL),
(3857, 1, 'Aberdeenshire', '2023-12-12 21:48:11', NULL),
(3858, 1, 'Angus', '2023-12-12 21:48:11', NULL),
(3859, 1, 'Antrim', '2023-12-12 21:48:11', NULL),
(3860, 1, 'Antrim and Newtownabbey', '2023-12-12 21:48:11', NULL),
(3861, 1, 'Ards', '2023-12-12 21:48:11', NULL),
(3862, 1, 'Ards and North Down', '2023-12-12 21:48:11', NULL),
(3863, 1, 'Argyll and Bute', '2023-12-12 21:48:11', NULL),
(3864, 1, 'Armagh City and District Council', '2023-12-12 21:48:11', NULL),
(3865, 1, 'Armagh, Banbridge and Craigavon', '2023-12-12 21:48:11', NULL),
(3866, 1, 'Ascension Island', '2023-12-12 21:48:11', NULL),
(3867, 1, 'Ballymena Borough', '2023-12-12 21:48:11', NULL),
(3868, 1, 'Ballymoney', '2023-12-12 21:48:11', NULL),
(3869, 1, 'Banbridge', '2023-12-12 21:48:11', NULL),
(3870, 1, 'Barnsley', '2023-12-12 21:48:11', NULL),
(3871, 1, 'Bath and North East Somerset', '2023-12-12 21:48:11', NULL),
(3872, 1, 'Bedford', '2023-12-12 21:48:11', NULL),
(3873, 1, 'Belfast district', '2023-12-12 21:48:11', NULL),
(3874, 1, 'Birmingham', '2023-12-12 21:48:11', NULL),
(3875, 1, 'Blackburn with Darwen', '2023-12-12 21:48:11', NULL),
(3876, 1, 'Blackpool', '2023-12-12 21:48:11', NULL),
(3877, 1, 'Blaenau Gwent County Borough', '2023-12-12 21:48:11', NULL),
(3878, 1, 'Bolton', '2023-12-12 21:48:11', NULL),
(3879, 1, 'Bournemouth', '2023-12-12 21:48:11', NULL),
(3880, 1, 'Bracknell Forest', '2023-12-12 21:48:11', NULL),
(3881, 1, 'Bradford', '2023-12-12 21:48:11', NULL),
(3882, 1, 'Bridgend County Borough', '2023-12-12 21:48:11', NULL),
(3883, 1, 'Brighton and Hove', '2023-12-12 21:48:11', NULL),
(3884, 1, 'Buckinghamshire', '2023-12-12 21:48:11', NULL),
(3885, 1, 'Bury', '2023-12-12 21:48:11', NULL),
(3886, 1, 'Caerphilly County Borough', '2023-12-12 21:48:11', NULL),
(3887, 1, 'Calderdale', '2023-12-12 21:48:11', NULL),
(3888, 1, 'Cambridgeshire', '2023-12-12 21:48:11', NULL),
(3889, 1, 'Carmarthenshire', '2023-12-12 21:48:11', NULL),
(3890, 1, 'Carrickfergus Borough Council', '2023-12-12 21:48:11', NULL),
(3891, 1, 'Castlereagh', '2023-12-12 21:48:11', NULL),
(3892, 1, 'Causeway Coast and Glens', '2023-12-12 21:48:11', NULL),
(3893, 1, 'Central Bedfordshire', '2023-12-12 21:48:11', NULL),
(3894, 1, 'Ceredigion', '2023-12-12 21:48:11', NULL),
(3895, 1, 'Cheshire East', '2023-12-12 21:48:11', NULL),
(3896, 1, 'Cheshire West and Chester', '2023-12-12 21:48:11', NULL),
(3897, 1, 'City and County of Cardiff', '2023-12-12 21:48:11', NULL),
(3898, 1, 'City and County of Swansea', '2023-12-12 21:48:11', NULL),
(3899, 1, 'City of Bristol', '2023-12-12 21:48:11', NULL),
(3900, 1, 'City of Derby', '2023-12-12 21:48:11', NULL),
(3901, 1, 'City of Kingston upon Hull', '2023-12-12 21:48:11', NULL),
(3902, 1, 'City of Leicester', '2023-12-12 21:48:11', NULL),
(3903, 1, 'City of London', '2023-12-12 21:48:11', NULL),
(3904, 1, 'City of Nottingham', '2023-12-12 21:48:11', NULL),
(3905, 1, 'City of Peterborough', '2023-12-12 21:48:11', NULL),
(3906, 1, 'City of Plymouth', '2023-12-12 21:48:11', NULL),
(3907, 1, 'City of Portsmouth', '2023-12-12 21:48:11', NULL),
(3908, 1, 'City of Southampton', '2023-12-12 21:48:11', NULL),
(3909, 1, 'City of Stoke-on-Trent', '2023-12-12 21:48:11', NULL),
(3910, 1, 'City of Sunderland', '2023-12-12 21:48:11', NULL),
(3911, 1, 'City of Westminster', '2023-12-12 21:48:11', NULL),
(3912, 1, 'City of Wolverhampton', '2023-12-12 21:48:11', NULL),
(3913, 1, 'City of York', '2023-12-12 21:48:11', NULL),
(3914, 1, 'Clackmannanshire', '2023-12-12 21:48:11', NULL),
(3915, 1, 'Coleraine Borough Council', '2023-12-12 21:48:11', NULL),
(3916, 1, 'Conwy County Borough', '2023-12-12 21:48:11', NULL),
(3917, 1, 'Cookstown District Council', '2023-12-12 21:48:11', NULL),
(3918, 1, 'Cornwall', '2023-12-12 21:48:11', NULL),
(3919, 1, 'County Durham', '2023-12-12 21:48:11', NULL),
(3920, 1, 'Coventry', '2023-12-12 21:48:11', NULL),
(3921, 1, 'Craigavon Borough Council', '2023-12-12 21:48:11', NULL),
(3922, 1, 'Cumbria', '2023-12-12 21:48:11', NULL),
(3923, 1, 'Darlington', '2023-12-12 21:48:11', NULL),
(3924, 1, 'Denbighshire', '2023-12-12 21:48:11', NULL),
(3925, 1, 'Derbyshire', '2023-12-12 21:48:11', NULL),
(3926, 1, 'Derry City and Strabane', '2023-12-12 21:48:11', NULL),
(3927, 1, 'Derry City Council', '2023-12-12 21:48:11', NULL),
(3928, 1, 'Devon', '2023-12-12 21:48:11', NULL),
(3929, 1, 'Doncaster', '2023-12-12 21:48:11', NULL),
(3930, 1, 'Dorset', '2023-12-12 21:48:11', NULL),
(3931, 1, 'Down District Council', '2023-12-12 21:48:11', NULL),
(3932, 1, 'Dudley', '2023-12-12 21:48:11', NULL),
(3933, 1, 'Dumfries and Galloway', '2023-12-12 21:48:11', NULL),
(3934, 1, 'Dundee', '2023-12-12 21:48:11', NULL),
(3935, 1, 'Dungannon and South Tyrone Borough Council', '2023-12-12 21:48:11', NULL),
(3936, 1, 'East Ayrshire', '2023-12-12 21:48:11', NULL),
(3937, 1, 'East Dunbartonshire', '2023-12-12 21:48:11', NULL),
(3938, 1, 'East Lothian', '2023-12-12 21:48:11', NULL),
(3939, 1, 'East Renfrewshire', '2023-12-12 21:48:11', NULL),
(3940, 1, 'East Riding of Yorkshire', '2023-12-12 21:48:11', NULL),
(3941, 1, 'East Sussex', '2023-12-12 21:48:11', NULL),
(3942, 1, 'Edinburgh', '2023-12-12 21:48:11', NULL),
(3943, 1, 'England', '2023-12-12 21:48:11', NULL),
(3944, 1, 'Essex', '2023-12-12 21:48:11', NULL),
(3945, 1, 'Falkirk', '2023-12-12 21:48:11', NULL),
(3946, 1, 'Fermanagh and Omagh', '2023-12-12 21:48:11', NULL),
(3947, 1, 'Fermanagh District Council', '2023-12-12 21:48:11', NULL),
(3948, 1, 'Fife', '2023-12-12 21:48:11', NULL),
(3949, 1, 'Flintshire', '2023-12-12 21:48:11', NULL),
(3950, 1, 'Gateshead', '2023-12-12 21:48:11', NULL),
(3951, 1, 'Glasgow', '2023-12-12 21:48:11', NULL),
(3952, 1, 'Gloucestershire', '2023-12-12 21:48:11', NULL),
(3953, 1, 'Gwynedd', '2023-12-12 21:48:11', NULL),
(3954, 1, 'Halton', '2023-12-12 21:48:11', NULL),
(3955, 1, 'Hampshire', '2023-12-12 21:48:11', NULL),
(3956, 1, 'Hartlepool', '2023-12-12 21:48:11', NULL),
(3957, 1, 'Herefordshire', '2023-12-12 21:48:11', NULL),
(3958, 1, 'Hertfordshire', '2023-12-12 21:48:11', NULL),
(3959, 1, 'Highland', '2023-12-12 21:48:11', NULL),
(3960, 1, 'Inverclyde', '2023-12-12 21:48:11', NULL),
(3961, 1, 'Isle of Wight', '2023-12-12 21:48:11', NULL),
(3962, 1, 'Isles of Scilly', '2023-12-12 21:48:11', NULL),
(3963, 1, 'Kent', '2023-12-12 21:48:11', NULL),
(3964, 1, 'Kirklees', '2023-12-12 21:48:11', NULL),
(3965, 1, 'Knowsley', '2023-12-12 21:48:11', NULL),
(3966, 1, 'Lancashire', '2023-12-12 21:48:11', NULL),
(3967, 1, 'Larne Borough Council', '2023-12-12 21:48:11', NULL),
(3968, 1, 'Leeds', '2023-12-12 21:48:11', NULL),
(3969, 1, 'Leicestershire', '2023-12-12 21:48:11', NULL),
(3970, 1, 'Limavady Borough Council', '2023-12-12 21:48:11', NULL),
(3971, 1, 'Lincolnshire', '2023-12-12 21:48:11', NULL),
(3972, 1, 'Lisburn and Castlereagh', '2023-12-12 21:48:11', NULL),
(3973, 1, 'Lisburn City Council', '2023-12-12 21:48:11', NULL),
(3974, 1, 'Liverpool', '2023-12-12 21:48:11', NULL),
(3975, 1, 'London Borough of Barking and Dagenham', '2023-12-12 21:48:11', NULL),
(3976, 1, 'London Borough of Barnet', '2023-12-12 21:48:11', NULL),
(3977, 1, 'London Borough of Bexley', '2023-12-12 21:48:11', NULL),
(3978, 1, 'London Borough of Brent', '2023-12-12 21:48:11', NULL),
(3979, 1, 'London Borough of Bromley', '2023-12-12 21:48:11', NULL),
(3980, 1, 'London Borough of Camden', '2023-12-12 21:48:11', NULL),
(3981, 1, 'London Borough of Croydon', '2023-12-12 21:48:11', NULL),
(3982, 1, 'London Borough of Ealing', '2023-12-12 21:48:11', NULL),
(3983, 1, 'London Borough of Enfield', '2023-12-12 21:48:11', NULL),
(3984, 1, 'London Borough of Hackney', '2023-12-12 21:48:11', NULL),
(3985, 1, 'London Borough of Hammersmith and Fulham', '2023-12-12 21:48:11', NULL),
(3986, 1, 'London Borough of Haringey', '2023-12-12 21:48:11', NULL),
(3987, 1, 'London Borough of Harrow', '2023-12-12 21:48:11', NULL),
(3988, 1, 'London Borough of Havering', '2023-12-12 21:48:11', NULL),
(3989, 1, 'London Borough of Hillingdon', '2023-12-12 21:48:11', NULL),
(3990, 1, 'London Borough of Hounslow', '2023-12-12 21:48:11', NULL),
(3991, 1, 'London Borough of Islington', '2023-12-12 21:48:11', NULL),
(3992, 1, 'London Borough of Lambeth', '2023-12-12 21:48:11', NULL),
(3993, 1, 'London Borough of Lewisham', '2023-12-12 21:48:11', NULL),
(3994, 1, 'London Borough of Merton', '2023-12-12 21:48:11', NULL),
(3995, 1, 'London Borough of Newham', '2023-12-12 21:48:11', NULL),
(3996, 1, 'London Borough of Redbridge', '2023-12-12 21:48:11', NULL),
(3997, 1, 'London Borough of Richmond upon Thames', '2023-12-12 21:48:11', NULL),
(3998, 1, 'London Borough of Southwark', '2023-12-12 21:48:11', NULL),
(3999, 1, 'London Borough of Sutton', '2023-12-12 21:48:11', NULL),
(4000, 1, 'London Borough of Tower Hamlets', '2023-12-12 21:48:11', NULL),
(4001, 1, 'London Borough of Waltham Forest', '2023-12-12 21:48:11', NULL),
(4002, 1, 'London Borough of Wandsworth', '2023-12-12 21:48:11', NULL),
(4003, 1, 'Magherafelt District Council', '2023-12-12 21:48:11', NULL),
(4004, 1, 'Manchester', '2023-12-12 21:48:11', NULL),
(4005, 1, 'Medway', '2023-12-12 21:48:11', NULL),
(4006, 1, 'Merthyr Tydfil County Borough', '2023-12-12 21:48:11', NULL),
(4007, 1, 'Metropolitan Borough of Wigan', '2023-12-12 21:48:11', NULL),
(4008, 1, 'Mid and East Antrim', '2023-12-12 21:48:11', NULL),
(4009, 1, 'Mid Ulster', '2023-12-12 21:48:11', NULL),
(4010, 1, 'Middlesbrough', '2023-12-12 21:48:11', NULL),
(4011, 1, 'Midlothian', '2023-12-12 21:48:11', NULL),
(4012, 1, 'Milton Keynes', '2023-12-12 21:48:11', NULL),
(4013, 1, 'Monmouthshire', '2023-12-12 21:48:11', NULL),
(4014, 1, 'Moray', '2023-12-12 21:48:11', NULL),
(4015, 1, 'Moyle District Council', '2023-12-12 21:48:11', NULL),
(4016, 1, 'Neath Port Talbot County Borough', '2023-12-12 21:48:11', NULL),
(4017, 1, 'Newcastle upon Tyne', '2023-12-12 21:48:11', NULL),
(4018, 1, 'Newport', '2023-12-12 21:48:11', NULL),
(4019, 1, 'Newry and Mourne District Council', '2023-12-12 21:48:11', NULL),
(4020, 1, 'Newry, Mourne and Down', '2023-12-12 21:48:11', NULL),
(4021, 1, 'Newtownabbey Borough Council', '2023-12-12 21:48:11', NULL),
(4022, 1, 'Norfolk', '2023-12-12 21:48:11', NULL),
(4023, 1, 'North Ayrshire', '2023-12-12 21:48:11', NULL),
(4024, 1, 'North Down Borough Council', '2023-12-12 21:48:11', NULL),
(4025, 1, 'North East Lincolnshire', '2023-12-12 21:48:11', NULL),
(4026, 1, 'North Lanarkshire', '2023-12-12 21:48:11', NULL),
(4027, 1, 'North Lincolnshire', '2023-12-12 21:48:11', NULL),
(4028, 1, 'North Somerset', '2023-12-12 21:48:11', NULL),
(4029, 1, 'North Tyneside', '2023-12-12 21:48:11', NULL),
(4030, 1, 'North Yorkshire', '2023-12-12 21:48:11', NULL),
(4031, 1, 'Northamptonshire', '2023-12-12 21:48:11', NULL),
(4032, 1, 'Northern Ireland', '2023-12-12 21:48:11', NULL),
(4033, 1, 'Northumberland', '2023-12-12 21:48:11', NULL),
(4034, 1, 'Nottinghamshire', '2023-12-12 21:48:11', NULL),
(4035, 1, 'Oldham', '2023-12-12 21:48:11', NULL),
(4036, 1, 'Omagh District Council', '2023-12-12 21:48:11', NULL),
(4037, 1, 'Orkney Islands', '2023-12-12 21:48:11', NULL),
(4038, 1, 'Outer Hebrides', '2023-12-12 21:48:11', NULL),
(4039, 1, 'Oxfordshire', '2023-12-12 21:48:11', NULL),
(4040, 1, 'Pembrokeshire', '2023-12-12 21:48:11', NULL),
(4041, 1, 'Perth and Kinross', '2023-12-12 21:48:11', NULL),
(4042, 1, 'Poole', '2023-12-12 21:48:11', NULL),
(4043, 1, 'Powys', '2023-12-12 21:48:11', NULL),
(4044, 1, 'Reading', '2023-12-12 21:48:11', NULL),
(4045, 1, 'Redcar and Cleveland', '2023-12-12 21:48:11', NULL),
(4046, 1, 'Renfrewshire', '2023-12-12 21:48:11', NULL),
(4047, 1, 'Rhondda Cynon Taf', '2023-12-12 21:48:11', NULL),
(4048, 1, 'Rochdale', '2023-12-12 21:48:11', NULL),
(4049, 1, 'Rotherham', '2023-12-12 21:48:11', NULL),
(4050, 1, 'Royal Borough of Greenwich', '2023-12-12 21:48:11', NULL),
(4051, 1, 'Royal Borough of Kensington and Chelsea', '2023-12-12 21:48:11', NULL),
(4052, 1, 'Royal Borough of Kingston upon Thames', '2023-12-12 21:48:11', NULL),
(4053, 1, 'Rutland', '2023-12-12 21:48:11', NULL),
(4054, 1, 'Saint Helena', '2023-12-12 21:48:11', NULL),
(4055, 1, 'Salford', '2023-12-12 21:48:11', NULL),
(4056, 1, 'Sandwell', '2023-12-12 21:48:11', NULL),
(4057, 1, 'Scotland', '2023-12-12 21:48:11', NULL),
(4058, 1, 'Scottish Borders', '2023-12-12 21:48:11', NULL),
(4059, 1, 'Sefton', '2023-12-12 21:48:11', NULL),
(4060, 1, 'Sheffield', '2023-12-12 21:48:11', NULL),
(4061, 1, 'Shetland Islands', '2023-12-12 21:48:11', NULL),
(4062, 1, 'Shropshire', '2023-12-12 21:48:11', NULL),
(4063, 1, 'Slough', '2023-12-12 21:48:11', NULL),
(4064, 1, 'Solihull', '2023-12-12 21:48:11', NULL),
(4065, 1, 'Somerset', '2023-12-12 21:48:11', NULL),
(4066, 1, 'South Ayrshire', '2023-12-12 21:48:12', NULL),
(4067, 1, 'South Gloucestershire', '2023-12-12 21:48:12', NULL),
(4068, 1, 'South Lanarkshire', '2023-12-12 21:48:12', NULL),
(4069, 1, 'South Tyneside', '2023-12-12 21:48:12', NULL),
(4070, 1, 'Southend-on-Sea', '2023-12-12 21:48:12', NULL),
(4071, 1, 'St Helens', '2023-12-12 21:48:12', NULL),
(4072, 1, 'Staffordshire', '2023-12-12 21:48:12', NULL),
(4073, 1, 'Stirling', '2023-12-12 21:48:12', NULL),
(4074, 1, 'Stockport', '2023-12-12 21:48:12', NULL),
(4075, 1, 'Stockton-on-Tees', '2023-12-12 21:48:12', NULL),
(4076, 1, 'Strabane District Council', '2023-12-12 21:48:12', NULL),
(4077, 1, 'Suffolk', '2023-12-12 21:48:12', NULL),
(4078, 1, 'Surrey', '2023-12-12 21:48:12', NULL),
(4079, 1, 'Swindon', '2023-12-12 21:48:12', NULL),
(4080, 1, 'Tameside', '2023-12-12 21:48:12', NULL),
(4081, 1, 'Telford and Wrekin', '2023-12-12 21:48:12', NULL),
(4082, 1, 'Thurrock', '2023-12-12 21:48:12', NULL),
(4083, 1, 'Torbay', '2023-12-12 21:48:12', NULL),
(4084, 1, 'Torfaen', '2023-12-12 21:48:12', NULL),
(4085, 1, 'Trafford', '2023-12-12 21:48:12', NULL),
(4086, 1, 'United Kingdom', '2023-12-12 21:48:12', NULL),
(4087, 1, 'Vale of Glamorgan', '2023-12-12 21:48:12', NULL),
(4088, 1, 'Wakefield', '2023-12-12 21:48:12', NULL),
(4089, 1, 'Wales', '2023-12-12 21:48:12', NULL),
(4090, 1, 'Walsall', '2023-12-12 21:48:12', NULL),
(4091, 1, 'Warrington', '2023-12-12 21:48:12', NULL),
(4092, 1, 'Warwickshire', '2023-12-12 21:48:12', NULL),
(4093, 1, 'West Berkshire', '2023-12-12 21:48:12', NULL),
(4094, 1, 'West Dunbartonshire', '2023-12-12 21:48:12', NULL),
(4095, 1, 'West Lothian', '2023-12-12 21:48:12', NULL),
(4096, 1, 'West Sussex', '2023-12-12 21:48:12', NULL),
(4097, 1, 'Wiltshire', '2023-12-12 21:48:12', NULL),
(4098, 1, 'Windsor and Maidenhead', '2023-12-12 21:48:12', NULL),
(4099, 1, 'Wirral', '2023-12-12 21:48:12', NULL),
(4100, 1, 'Wokingham', '2023-12-12 21:48:12', NULL),
(4101, 1, 'Worcestershire', '2023-12-12 21:48:12', NULL),
(4102, 1, 'Wrexham County Borough', '2023-12-12 21:48:12', NULL),
(4103, 158, 'Alabama', '2023-12-12 21:48:12', NULL),
(4104, 158, 'Alaska', '2023-12-12 21:48:12', NULL),
(4105, 158, 'American Samoa', '2023-12-12 21:48:12', NULL),
(4106, 158, 'Arizona', '2023-12-12 21:48:12', NULL),
(4107, 158, 'Arkansas', '2023-12-12 21:48:12', NULL),
(4108, 158, 'Baker Island', '2023-12-12 21:48:12', NULL),
(4109, 158, 'California', '2023-12-12 21:48:12', NULL),
(4110, 158, 'Colorado', '2023-12-12 21:48:12', NULL),
(4111, 158, 'Connecticut', '2023-12-12 21:48:12', NULL),
(4112, 158, 'Delaware', '2023-12-12 21:48:12', NULL),
(4113, 158, 'District of Columbia', '2023-12-12 21:48:12', NULL),
(4114, 158, 'Florida', '2023-12-12 21:48:12', NULL),
(4115, 158, 'Georgia', '2023-12-12 21:48:12', NULL),
(4116, 158, 'Guam', '2023-12-12 21:48:12', NULL),
(4117, 158, 'Hawaii', '2023-12-12 21:48:12', NULL),
(4118, 158, 'Howland Island', '2023-12-12 21:48:12', NULL),
(4119, 158, 'Idaho', '2023-12-12 21:48:12', NULL),
(4120, 158, 'Illinois', '2023-12-12 21:48:12', NULL),
(4121, 158, 'Indiana', '2023-12-12 21:48:12', NULL),
(4122, 158, 'Iowa', '2023-12-12 21:48:12', NULL),
(4123, 158, 'Jarvis Island', '2023-12-12 21:48:12', NULL),
(4124, 158, 'Johnston Atoll', '2023-12-12 21:48:12', NULL),
(4125, 158, 'Kansas', '2023-12-12 21:48:12', NULL),
(4126, 158, 'Kentucky', '2023-12-12 21:48:12', NULL),
(4127, 158, 'Kingman Reef', '2023-12-12 21:48:12', NULL),
(4128, 158, 'Louisiana', '2023-12-12 21:48:12', NULL),
(4129, 158, 'Maine', '2023-12-12 21:48:12', NULL),
(4130, 158, 'Maryland', '2023-12-12 21:48:12', NULL),
(4131, 158, 'Massachusetts', '2023-12-12 21:48:12', NULL),
(4132, 158, 'Michigan', '2023-12-12 21:48:12', NULL),
(4133, 158, 'Midway Atoll', '2023-12-12 21:48:12', NULL),
(4134, 158, 'Minnesota', '2023-12-12 21:48:12', NULL),
(4135, 158, 'Mississippi', '2023-12-12 21:48:12', NULL),
(4136, 158, 'Missouri', '2023-12-12 21:48:12', NULL),
(4137, 158, 'Montana', '2023-12-12 21:48:12', NULL),
(4138, 158, 'Navassa Island', '2023-12-12 21:48:12', NULL),
(4139, 158, 'Nebraska', '2023-12-12 21:48:12', NULL),
(4140, 158, 'Nevada', '2023-12-12 21:48:12', NULL),
(4141, 158, 'New Hampshire', '2023-12-12 21:48:12', NULL),
(4142, 158, 'New Jersey', '2023-12-12 21:48:12', NULL),
(4143, 158, 'New Mexico', '2023-12-12 21:48:12', NULL),
(4144, 158, 'New York', '2023-12-12 21:48:12', NULL),
(4145, 158, 'North Carolina', '2023-12-12 21:48:12', NULL),
(4146, 158, 'North Dakota', '2023-12-12 21:48:12', NULL),
(4147, 158, 'Northern Mariana Islands', '2023-12-12 21:48:12', NULL),
(4148, 158, 'Ohio', '2023-12-12 21:48:12', NULL),
(4149, 158, 'Oklahoma', '2023-12-12 21:48:12', NULL),
(4150, 158, 'Oregon', '2023-12-12 21:48:12', NULL),
(4151, 158, 'Palmyra Atoll', '2023-12-12 21:48:12', NULL),
(4152, 158, 'Pennsylvania', '2023-12-12 21:48:12', NULL),
(4153, 158, 'Puerto Rico', '2023-12-12 21:48:12', NULL),
(4154, 158, 'Rhode Island', '2023-12-12 21:48:12', NULL),
(4155, 158, 'South Carolina', '2023-12-12 21:48:12', NULL),
(4156, 158, 'South Dakota', '2023-12-12 21:48:12', NULL),
(4157, 158, 'Tennessee', '2023-12-12 21:48:12', NULL),
(4158, 158, 'Texas', '2023-12-12 21:48:12', NULL),
(4159, 158, 'United States Minor Outlying Islands', '2023-12-12 21:48:12', NULL),
(4160, 158, 'United States Virgin Islands', '2023-12-12 21:48:12', NULL),
(4161, 158, 'Utah', '2023-12-12 21:48:12', NULL),
(4162, 158, 'Vermont', '2023-12-12 21:48:12', NULL),
(4163, 158, 'Virginia', '2023-12-12 21:48:12', NULL),
(4164, 158, 'Wake Island', '2023-12-12 21:48:12', NULL),
(4165, 158, 'Washington', '2023-12-12 21:48:12', NULL),
(4166, 158, 'West Virginia', '2023-12-12 21:48:12', NULL),
(4167, 158, 'Wisconsin', '2023-12-12 21:48:12', NULL),
(4168, 158, 'Wyoming', '2023-12-12 21:48:12', NULL),
(4169, 159, 'Artigas', '2023-12-12 21:48:12', NULL),
(4170, 159, 'Canelones', '2023-12-12 21:48:12', NULL),
(4171, 159, 'Cerro Largo', '2023-12-12 21:48:12', NULL),
(4172, 159, 'Colonia', '2023-12-12 21:48:12', NULL),
(4173, 159, 'Durazno', '2023-12-12 21:48:12', NULL),
(4174, 159, 'Flores', '2023-12-12 21:48:12', NULL),
(4175, 159, 'Florida', '2023-12-12 21:48:12', NULL),
(4176, 159, 'Lavalleja', '2023-12-12 21:48:12', NULL),
(4177, 159, 'Maldonado', '2023-12-12 21:48:12', NULL),
(4178, 159, 'Montevideo', '2023-12-12 21:48:12', NULL),
(4179, 159, 'Paysand', '2023-12-12 21:48:12', NULL),
(4180, 159, 'Ro Negro', '2023-12-12 21:48:12', NULL),
(4181, 159, 'Rivera', '2023-12-12 21:48:12', NULL),
(4182, 159, 'Rocha', '2023-12-12 21:48:12', NULL),
(4183, 159, 'Salto', '2023-12-12 21:48:12', NULL),
(4184, 159, 'San Jos', '2023-12-12 21:48:12', NULL),
(4185, 159, 'Soriano', '2023-12-12 21:48:12', NULL),
(4186, 159, 'Tacuaremb', '2023-12-12 21:48:12', NULL),
(4187, 159, 'Treinta y Tres', '2023-12-12 21:48:12', NULL),
(4188, 160, 'Andijan Region', '2023-12-12 21:48:12', NULL),
(4189, 160, 'Bukhara Region', '2023-12-12 21:48:12', NULL),
(4190, 160, 'Fergana Region', '2023-12-12 21:48:12', NULL),
(4191, 160, 'Jizzakh Region', '2023-12-12 21:48:12', NULL),
(4192, 160, 'Karakalpakstan', '2023-12-12 21:48:12', NULL),
(4193, 160, 'Namangan Region', '2023-12-12 21:48:12', NULL),
(4194, 160, 'Navoiy Region', '2023-12-12 21:48:12', NULL),
(4195, 160, 'Qashqadaryo Region', '2023-12-12 21:48:12', NULL),
(4196, 160, 'Samarqand Region', '2023-12-12 21:48:12', NULL),
(4197, 160, 'Sirdaryo Region', '2023-12-12 21:48:12', NULL),
(4198, 160, 'Surxondaryo Region', '2023-12-12 21:48:12', NULL),
(4199, 160, 'Tashkent', '2023-12-12 21:48:12', NULL),
(4200, 160, 'Tashkent Region', '2023-12-12 21:48:12', NULL),
(4201, 160, 'Xorazm Region', '2023-12-12 21:48:12', NULL),
(4202, 161, 'Malampa', '2023-12-12 21:48:12', NULL),
(4203, 161, 'Penama', '2023-12-12 21:48:12', NULL),
(4204, 161, 'Sanma', '2023-12-12 21:48:12', NULL),
(4205, 161, 'Shefa', '2023-12-12 21:48:12', NULL),
(4206, 161, 'Tafea', '2023-12-12 21:48:12', NULL),
(4207, 161, 'Torba', '2023-12-12 21:48:12', NULL),
(4208, 32, 'Amazonas', '2023-12-12 21:48:12', NULL),
(4209, 32, 'Anzotegui', '2023-12-12 21:48:12', NULL),
(4210, 32, 'Apure', '2023-12-12 21:48:12', NULL),
(4211, 32, 'Aragua', '2023-12-12 21:48:12', NULL),
(4212, 32, 'Barinas', '2023-12-12 21:48:12', NULL),
(4213, 32, 'Bolvar', '2023-12-12 21:48:12', NULL),
(4214, 32, 'Carabobo', '2023-12-12 21:48:12', NULL),
(4215, 32, 'Cojedes', '2023-12-12 21:48:12', NULL),
(4216, 32, 'Delta Amacuro', '2023-12-12 21:48:12', NULL),
(4217, 32, 'Distrito Capital', '2023-12-12 21:48:12', NULL),
(4218, 32, 'Falcn', '2023-12-12 21:48:12', NULL),
(4219, 32, 'Federal Dependencies of Venezuela', '2023-12-12 21:48:12', NULL),
(4220, 32, 'Gurico', '2023-12-12 21:48:12', NULL),
(4221, 32, 'La Guaira', '2023-12-12 21:48:12', NULL),
(4222, 32, 'Lara', '2023-12-12 21:48:12', NULL),
(4223, 32, 'Mrida', '2023-12-12 21:48:12', NULL),
(4224, 32, 'Miranda', '2023-12-12 21:48:12', NULL),
(4225, 32, 'Monagas', '2023-12-12 21:48:12', NULL),
(4226, 32, 'Nueva Esparta', '2023-12-12 21:48:12', NULL),
(4227, 32, 'Portuguesa', '2023-12-12 21:48:12', NULL),
(4228, 32, 'Sucre', '2023-12-12 21:48:12', NULL),
(4229, 32, 'Tchira', '2023-12-12 21:48:12', NULL),
(4230, 32, 'Trujillo', '2023-12-12 21:48:12', NULL),
(4231, 32, 'Yaracuy', '2023-12-12 21:48:12', NULL),
(4232, 32, 'Zulia', '2023-12-12 21:48:12', NULL),
(4233, 162, '\'Adan', '2023-12-12 21:48:12', NULL),
(4234, 162, '\'Amran', '2023-12-12 21:48:12', NULL),
(4235, 162, 'Abyan', '2023-12-12 21:48:12', NULL),
(4236, 162, 'Al Bayda\'', '2023-12-12 21:48:12', NULL),
(4237, 162, 'Al Hudaydah', '2023-12-12 21:48:12', NULL),
(4238, 162, 'Al Jawf', '2023-12-12 21:48:12', NULL),
(4239, 162, 'Al Mahrah', '2023-12-12 21:48:12', NULL),
(4240, 162, 'Al Mahwit', '2023-12-12 21:48:12', NULL),
(4241, 162, 'Amanat Al Asimah', '2023-12-12 21:48:12', NULL),
(4242, 162, 'Dhamar', '2023-12-12 21:48:12', NULL),
(4243, 162, 'Hadhramaut', '2023-12-12 21:48:12', NULL),
(4244, 162, 'Hajjah', '2023-12-12 21:48:12', NULL),
(4245, 162, 'Ibb', '2023-12-12 21:48:12', NULL),
(4246, 162, 'Lahij', '2023-12-12 21:48:12', NULL),
(4247, 162, 'Ma\'rib', '2023-12-12 21:48:12', NULL),
(4248, 162, 'Raymah', '2023-12-12 21:48:12', NULL),
(4249, 162, 'Saada', '2023-12-12 21:48:12', NULL),
(4250, 162, 'Sana\'a', '2023-12-12 21:48:12', NULL),
(4251, 162, 'Shabwah', '2023-12-12 21:48:12', NULL),
(4252, 162, 'Socotra', '2023-12-12 21:48:12', NULL),
(4253, 162, 'Ta\'izz', '2023-12-12 21:48:12', NULL),
(4254, 163, 'Central Province', '2023-12-12 21:48:12', NULL),
(4255, 163, 'Copperbelt Province', '2023-12-12 21:48:12', NULL),
(4256, 163, 'Eastern Province', '2023-12-12 21:48:12', NULL),
(4257, 163, 'Luapula Province', '2023-12-12 21:48:12', NULL),
(4258, 163, 'Lusaka Province', '2023-12-12 21:48:12', NULL),
(4259, 163, 'Muchinga Province', '2023-12-12 21:48:12', NULL),
(4260, 163, 'Northern Province', '2023-12-12 21:48:12', NULL),
(4261, 163, 'Northwestern Province', '2023-12-12 21:48:12', NULL),
(4262, 163, 'Southern Province', '2023-12-12 21:48:12', NULL),
(4263, 163, 'Western Province', '2023-12-12 21:48:12', NULL);

-- --------------------------------------------------------

--
-- Table structure for table `studios`
--

CREATE TABLE `studios` (
  `id` bigint(20) UNSIGNED NOT NULL,
  `vendor_id` int(11) NOT NULL,
  `name` varchar(255) NOT NULL,
  `color` varchar(10) DEFAULT NULL,
  `address` varchar(255) DEFAULT NULL,
  `country_id` int(11) DEFAULT NULL,
  `state_id` int(11) DEFAULT NULL,
  `district_id` int(11) DEFAULT NULL,
  `city` varchar(255) DEFAULT NULL,
  `pincode` varchar(255) DEFAULT NULL,
  `google_map` text DEFAULT NULL,
  `description` longtext DEFAULT NULL,
  `equipment_info` longtext DEFAULT NULL,
  `terms` longtext DEFAULT NULL,
  `opens_at` time DEFAULT NULL,
  `ends_at` time DEFAULT NULL,
  `longitude` varchar(200) DEFAULT NULL,
  `deleted_at` datetime DEFAULT NULL,
  `latitude` varchar(200) DEFAULT NULL,
  `created_at` timestamp NULL DEFAULT NULL,
  `updated_at` timestamp NULL DEFAULT NULL
) ENGINE=InnoDB DEFAULT CHARSET=utf8mb4 COLLATE=utf8mb4_unicode_ci;

--
-- Dumping data for table `studios`
--

INSERT INTO `studios` (`id`, `vendor_id`, `name`, `color`, `address`, `country_id`, `state_id`, `district_id`, `city`, `pincode`, `google_map`, `description`, `equipment_info`, `terms`, `opens_at`, `ends_at`, `longitude`, `deleted_at`, `latitude`, `created_at`, `updated_at`) VALUES
(2, 1, 'Studio A', '#01232d', '7th Floor 702 B Wing, Venus Tower, Above Axis Bank, Azad Nagar, Veera Desai Road, Andheri West,', 19, 22, 405, NULL, '400058', '<iframe src=\"https://www.google.com/maps/embed?pb=!1m18!1m12!1m3!1d3769.467701951998!2d72.83478507554112!3d19.130993982084973!2m3!1f0!2f0!3f0!3m2!1i1024!2i768!4f13.1!3m3!1m2!1s0x3be7b6265a933aa1%3A0xbb888b8fd66d79e7!2sR%20and%20B%20Studios!5e0!3m2!1sen!2sin!4v1715868625346!5m2!1sen!2sin\" width=\"600\" height=\"450\" style=\"border:0;\" allowfullscreen=\"\" loading=\"lazy\" referrerpolicy=\"no-referrer-when-downgrade\"></iframe>', NULL, '<p>It is a long established fact that a reader will be distracted by the readable content of a page when looking at its layout. The point of using Lorem Ipsum is that it has a more-or-less normal distribution of letters, as opposed to using \'Content here, content here\', making it look like readable English. Many desktop publishing packages and web page editors now use Lorem Ipsum as their default model text, and a search for \'lorem ipsum\' will uncover many web sites still in their infancy. Various versions have evolved over the years, sometimes by accident, sometimes on purpose (injected humour and the like).</p>', NULL, '08:00:00', '23:00:00', '19.1309991', NULL, '72.8347851', '2024-02-28 19:46:37', '2024-10-18 18:32:28'),
(3, 1, 'Studio B', '#00bdb6', '9th Floor 905 B Wing, Venus Tower, Above Axis Bank, Azad Nagar, Veera Desai Road, Andheri West,', 19, 22, 405, NULL, '400058', '<iframe src=\"https://www.google.com/maps/embed?pb=!1m18!1m12!1m3!1d3769.467701951998!2d72.83478507554112!3d19.130993982084973!2m3!1f0!2f0!3f0!3m2!1i1024!2i768!4f13.1!3m3!1m2!1s0x3be7b6265a933aa1%3A0xbb888b8fd66d79e7!2sR%20and%20B%20Studios!5e0!3m2!1sen!2sin!4v1715868625346!5m2!1sen!2sin\" width=\"600\" height=\"450\" style=\"border:0;\" allowfullscreen=\"\" loading=\"lazy\" referrerpolicy=\"no-referrer-when-downgrade\"></iframe>', NULL, '<p>It is a long established fact that a reader will be distracted by the readable content of a page when looking at its layout. The point of using Lorem Ipsum is that it has a more-or-less normal distribution of letters, as opposed to using \'Content here, content here\', making it look like readable English. Many desktop publishing packages and web page editors now use Lorem Ipsum as their default model text, and a search for \'lorem ipsum\' will uncover many web sites still in their infancy. Various versions have evolved over the years, sometimes by accident, sometimes on purpose (injected humour and the like).</p>', NULL, '08:00:00', '23:00:00', '72.8347851', NULL, '19.1309991', '2024-02-28 19:51:41', '2024-10-18 18:32:42'),
(4, 1, 'Studio C', '#cc8100', '11th Floor 1104 B Wing, Venus Tower, Above Axis Bank, Azad Nagar, Veera Desai Road, Andheri West', 19, 22, 405, NULL, '400058', '<iframe src=\"https://www.google.com/maps/embed?pb=!1m18!1m12!1m3!1d3769.467701951998!2d72.83478507554112!3d19.130993982084973!2m3!1f0!2f0!3f0!3m2!1i1024!2i768!4f13.1!3m3!1m2!1s0x3be7b6265a933aa1%3A0xbb888b8fd66d79e7!2sR%20and%20B%20Studios!5e0!3m2!1sen!2sin!4v1715868625346!5m2!1sen!2sin\" width=\"600\" height=\"450\" style=\"border:0;\" allowfullscreen=\"\" loading=\"lazy\" referrerpolicy=\"no-referrer-when-downgrade\"></iframe>', NULL, '<p>It is a long established fact that a reader will be distracted by the readable content of a page when looking at its layout. The point of using Lorem Ipsum is that it has a more-or-less normal distribution of letters, as opposed to using \'Content here, content here\', making it look like readable English. Many desktop publishing packages and web page editors now use Lorem Ipsum as their default model text, and a search for \'lorem ipsum\' will uncover many web sites still in their infancy. Various versions have evolved over the years, sometimes by accident, sometimes on purpose (injected humour and the like).</p>', NULL, '08:00:00', '23:00:00', NULL, NULL, NULL, '2024-03-15 13:01:58', '2024-10-18 18:33:04'),
(5, 2, 'Studio X', '#06402b', '104/105 Nivan, Plot No 96, SV Road, Opp Podar Int. School, Khar West', 19, 22, 405, NULL, '400052', '<iframe src=\"https://www.google.com/maps/embed?pb=!1m18!1m12!1m3!1d3770.871489079762!2d72.8344253248146!3d19.06938705218097!2m3!1f0!2f0!3f0!3m2!1i1024!2i768!4f13.1!3m3!1m2!1s0x3be7c9102b85a5c5%3A0xe19427b2504bb3c9!2sNivan%20Apartment%2C%20Khar%2C%20Shiv%20Kutir%2C%20Khar%20West%2C%20Mumbai%2C%20Maharashtra%20400052!5e0!3m2!1sen!2sin!4v1723623995216!5m2!1sen!2sin\" width=\"600\" height=\"450\" style=\"border:0;\" allowfullscreen=\"\" loading=\"lazy\" referrerpolicy=\"no-referrer-when-downgrade\"></iframe>', '<p>this is test</p>', '<p>It is a long established fact that a reader will be distracted by the readable content of a page when looking at its layout. The point of using Lorem Ipsum is that it has a more-or-less normal distribution of letters, as opposed to using \'Content here, content here\', making it look like readable English. Many desktop publishing packages and web page editors now use Lorem Ipsum as their default model text, and a search for \'lorem ipsum\' will uncover many web sites still in their infancy. Various versions have evolved over the years, sometimes by accident, sometimes on purpose (injected humour and the like).</p>', '<p>no data</p>', '08:00:00', '23:00:00', '19.131258', NULL, '72.837296', '2024-06-20 09:43:08', '2024-09-17 12:42:31');

-- --------------------------------------------------------

--
-- Table structure for table `studio_images`
--

CREATE TABLE `studio_images` (
  `id` bigint(20) UNSIGNED NOT NULL,
  `studio_id` int(10) UNSIGNED NOT NULL,
  `image` varchar(255) DEFAULT NULL,
  `created_at` timestamp NULL DEFAULT NULL,
  `updated_at` timestamp NULL DEFAULT NULL
) ENGINE=InnoDB DEFAULT CHARSET=utf8mb4 COLLATE=utf8mb4_unicode_ci;

--
-- Dumping data for table `studio_images`
--

INSERT INTO `studio_images` (`id`, `studio_id`, `image`, `created_at`, `updated_at`) VALUES
(27, 2, 'uploads/e2ef1abb-99bc-4042-bb13-c935595409e4IMG_0001.JPG', NULL, NULL),
(29, 2, 'uploads/f0c08691-ef19-4dc5-a432-32b31c2c3dd3IMG_0002.JPG', NULL, NULL),
(30, 2, 'uploads/f9ace755-bda0-4e84-bf3f-607b301964b9IMG_0003.JPG', NULL, NULL),
(31, 2, 'uploads/8832ae55-58b2-4622-a355-6c9e44bf7b0aIMG_0004.JPG', NULL, NULL),
(33, 3, 'uploads/73d4a9f9-5e0a-4d86-a193-04d96280db32IMG_0005.JPG', NULL, NULL),
(34, 3, 'uploads/2396e901-4584-4a6a-a4f1-38ca161cf524IMG_0006.JPG', NULL, NULL),
(35, 3, 'uploads/29f7caca-f02a-43e8-9b49-82c024d523bdIMG_0007.JPG', NULL, NULL),
(36, 3, 'uploads/d8728815-0d08-4dc3-acbc-146d9edc1245IMG_0008.JPG', NULL, NULL),
(37, 3, 'uploads/72a8a037-088a-447b-a2e1-40c3c3f04b39IMG_0009.JPG', NULL, NULL),
(38, 3, 'uploads/fadf8482-8b5d-42e8-a649-c789677c5135IMG_0010.JPG', NULL, NULL),
(39, 3, 'uploads/7ca3d810-85af-4f58-aece-d07dc13a429bIMG_0011.JPG', NULL, NULL),
(40, 3, 'uploads/a2082a71-72df-4061-97ff-ae72b55ea1a2IMG_0012.JPG', NULL, NULL),
(41, 4, 'uploads/115c0d26-2dbc-465f-b040-b0cb8025e0cfIMG_9713.JPG', NULL, NULL),
(42, 4, 'uploads/8c2738be-0d6a-4961-b6aa-0cddbecb6283IMG_9717.JPG', NULL, NULL),
(43, 4, 'uploads/3ccf8546-bdec-4c04-b838-449f34c7ae2fIMG_9732.JPG', NULL, NULL),
(44, 4, 'uploads/ede9f438-e1c8-4ec7-84bd-9963e6a7c823IMG_9766.JPG', NULL, NULL),
(45, 4, 'uploads/7b2f0434-3cc6-4aa2-81b0-803fb0cab619IMG_9736.JPG', NULL, NULL),
(57, 5, 'uploads/d359b186-4bc1-442c-880e-af998026d17bR&B White Purple.jpg', NULL, NULL);

-- --------------------------------------------------------

--
-- Table structure for table `transactions`
--

CREATE TABLE `transactions` (
  `id` bigint(20) UNSIGNED NOT NULL,
  `transaction_date` date NOT NULL,
  `transaction_id` varchar(200) DEFAULT NULL,
  `type` enum('Credit','Debit') NOT NULL,
  `amount` double NOT NULL,
  `order_id` varchar(255) DEFAULT NULL,
  `user_id` int(11) DEFAULT NULL,
  `booking_id` int(11) NOT NULL,
  `studio_id` int(11) DEFAULT NULL,
  `vendor_id` int(11) NOT NULL,
  `init_resp` text DEFAULT NULL,
  `ret_resp` text DEFAULT NULL,
  `mode` varchar(100) DEFAULT NULL,
  `status` varchar(200) DEFAULT NULL,
  `req_by` varchar(10) DEFAULT NULL,
  `created_at` timestamp NULL DEFAULT NULL,
  `updated_at` timestamp NULL DEFAULT NULL
) ENGINE=InnoDB DEFAULT CHARSET=utf8mb4 COLLATE=utf8mb4_unicode_ci;

--
-- Dumping data for table `transactions`
--

INSERT INTO `transactions` (`id`, `transaction_date`, `transaction_id`, `type`, `amount`, `order_id`, `user_id`, `booking_id`, `studio_id`, `vendor_id`, `init_resp`, `ret_resp`, `mode`, `status`, `req_by`, `created_at`, `updated_at`) VALUES
(1, '2024-10-18', NULL, 'Credit', 100, '20241018062931', 335, 1, 2, 1, NULL, NULL, 'Credit Card', 'Success', NULL, '2024-10-18 18:29:31', NULL),
(2, '2024-10-27', NULL, 'Credit', 3.54, '1730037146_5', 330, 5, 2, 1, '{\"merchant_id\":\"2164114\",\"order_id\":\"1730037146_5\",\"currency\":\"INR\",\"amount\":3.54,\"redirect_url\":\"https:\\/\\/rbstudios.info\\/pay_response\",\"cancel_url\":\"https:\\/\\/rbstudios.info\\/pay_cancel\",\"language\":\"EN\"}', NULL, 'CCA', NULL, NULL, '2024-10-27 19:22:26', NULL),
(3, '2024-10-27', NULL, 'Credit', 3247.95, '1730039137_7', 329, 7, 3, 1, '{\"merchant_id\":\"2164114\",\"order_id\":\"1730039137_7\",\"currency\":\"INR\",\"amount\":3247.9500000000003,\"redirect_url\":\"https:\\/\\/rbstudios.info\\/pay_response\",\"cancel_url\":\"https:\\/\\/rbstudios.info\\/pay_cancel\",\"language\":\"EN\"}', '{\"order_id\":\"1730039137_7\",\"tracking_id\":\"113520160753\",\"bank_ref_no\":\"null\",\"order_status\":\"Aborted\",\"failure_message\":\"\",\"payment_mode\":\"\",\"card_name\":\"\",\"status_code\":\"null\",\"status_message\":\"Cancel reason is not specified by the customer.\",\"currency\":\"INR\",\"amount\":\"3247.95\",\"billing_name\":\"\",\"billing_address\":\"\",\"billing_city\":\"\",\"billing_state\":\"\",\"billing_zip\":\"\",\"billing_country\":\"\",\"billing_tel\":\"\",\"billing_email\":\"\",\"delivery_name\":\"\",\"delivery_address\":\"\",\"delivery_city\":\"\",\"delivery_state\":\"\",\"delivery_zip\":\"\",\"delivery_country\":\"\",\"delivery_tel\":\"\",\"merchant_param1\":\"\",\"merchant_param2\":\"\",\"merchant_param3\":\"\",\"merchant_param4\":\"\",\"merchant_param5\":\"\",\"vault\":\"N\",\"offer_type\":\"null\",\"offer_code\":\"null\",\"discount_value\":\"0.0\",\"mer_amount\":\"3247.95\",\"eci_value\":\"null\",\"retry\":\"null\",\"response_code\":\"null\",\"billing_notes\":\"\",\"trans_date\":\"27\\/10\\/2024 19:55:38\",\"bin_country\":\"\",\"auth_ref_num\":\"\"}', 'CCA', 'Aborted', NULL, '2024-10-27 19:55:37', '2024-10-27 19:55:50'),
(4, '2024-11-09', NULL, 'Credit', 3.54, '1731124650_12', 342, 12, 2, 1, '{\"merchant_id\":\"2164114\",\"order_id\":\"1731124650_12\",\"currency\":\"INR\",\"amount\":3.54,\"redirect_url\":\"https:\\/\\/rbstudios.info\\/pay_response\",\"cancel_url\":\"https:\\/\\/rbstudios.info\\/pay_cancel\",\"language\":\"EN\"}', NULL, 'CCA', NULL, NULL, '2024-11-09 09:27:30', NULL),
(5, '2024-11-09', NULL, 'Credit', 3.54, '1731125064_13', 342, 13, 2, 1, '{\"merchant_id\":\"2164114\",\"order_id\":\"1731125064_13\",\"currency\":\"INR\",\"amount\":3.54,\"redirect_url\":\"https:\\/\\/rbstudios.info\\/pay_response\",\"cancel_url\":\"https:\\/\\/rbstudios.info\\/pay_cancel\",\"language\":\"EN\"}', '{\"order_id\":\"1731125064_13\",\"tracking_id\":\"113533691289\",\"bank_ref_no\":\"431421639102\",\"order_status\":\"Success\",\"failure_message\":\"\",\"payment_mode\":\"Unified Payments\",\"card_name\":\"UPI\",\"status_code\":\"null\",\"status_message\":\"Transaction Successful-NA-0\",\"currency\":\"INR\",\"amount\":\"3.54\",\"billing_name\":\"Harsh\",\"billing_address\":\"Khar\",\"billing_city\":\"Mumbai\",\"billing_state\":\"Maharastra\",\"billing_zip\":\"4000052\",\"billing_country\":\"India\",\"billing_tel\":\"9372837667\",\"billing_email\":\"harshgupta@gmail.com\",\"delivery_name\":\"\",\"delivery_address\":\"\",\"delivery_city\":\"\",\"delivery_state\":\"\",\"delivery_zip\":\"\",\"delivery_country\":\"\",\"delivery_tel\":\"\",\"merchant_param1\":\"\",\"merchant_param2\":\"\",\"merchant_param3\":\"\",\"merchant_param4\":\"\",\"merchant_param5\":\"\",\"vault\":\"N\",\"offer_type\":\"null\",\"offer_code\":\"null\",\"discount_value\":\"0.0\",\"mer_amount\":\"3.54\",\"eci_value\":\"null\",\"retry\":\"N\",\"response_code\":\"null\",\"billing_notes\":\"\",\"trans_date\":\"09\\/11\\/2024 09:34:24\",\"bin_country\":\"\",\"auth_ref_num\":\"\"}', 'CCA', 'Success', NULL, '2024-11-09 09:34:24', '2024-11-09 09:36:37'),
(6, '2024-12-30', NULL, 'Credit', 3.54, '1735541966_21', 342, 21, 2, 1, '{\"merchant_id\":\"2164114\",\"order_id\":\"1735541966_21\",\"currency\":\"INR\",\"amount\":3.54,\"redirect_url\":\"https:\\/\\/rbstudios.info\\/pay_response\",\"cancel_url\":\"https:\\/\\/rbstudios.info\\/pay_cancel\",\"language\":\"EN\"}', NULL, 'CCA', NULL, NULL, '2024-12-30 12:29:26', NULL),
(7, '2024-12-30', NULL, 'Credit', 1, '20241230123002', 342, 21, 2, 1, NULL, NULL, 'cash', 'Success', NULL, '2024-12-30 12:30:02', NULL),
(8, '2025-01-02', NULL, 'Credit', 2.95, '1735806091_27', 342, 27, 3, 1, '{\"merchant_id\":\"2164114\",\"order_id\":\"1735806091_27\",\"currency\":\"INR\",\"amount\":2.95,\"redirect_url\":\"https:\\/\\/rbstudios.info\\/pay_response\",\"cancel_url\":\"https:\\/\\/rbstudios.info\\/pay_cancel\",\"language\":\"EN\"}', '{\"order_id\":\"1735806091_27\",\"tracking_id\":\"113596290499\",\"bank_ref_no\":\"500253709954\",\"order_status\":\"Success\",\"failure_message\":\"\",\"payment_mode\":\"Unified Payments\",\"card_name\":\"UPI\",\"status_code\":\"null\",\"status_message\":\"Transaction Successful-NA-0\",\"currency\":\"INR\",\"amount\":\"2.95\",\"billing_name\":\"Karamveer\",\"billing_address\":\"1301 Jaswant Heights\",\"billing_city\":\"Mumbai\",\"billing_state\":\"Maharashtra\",\"billing_zip\":\"400052\",\"billing_country\":\"India\",\"billing_tel\":\"9820998866\",\"billing_email\":\"admin@rbstudios.info\",\"delivery_name\":\"\",\"delivery_address\":\"\",\"delivery_city\":\"\",\"delivery_state\":\"\",\"delivery_zip\":\"\",\"delivery_country\":\"\",\"delivery_tel\":\"\",\"merchant_param1\":\"\",\"merchant_param2\":\"\",\"merchant_param3\":\"\",\"merchant_param4\":\"\",\"merchant_param5\":\"\",\"vault\":\"N\",\"offer_type\":\"null\",\"offer_code\":\"null\",\"discount_value\":\"0.0\",\"mer_amount\":\"2.95\",\"eci_value\":\"null\",\"retry\":\"N\",\"response_code\":\"null\",\"billing_notes\":\"\",\"trans_date\":\"02\\/01\\/2025 13:51:32\",\"bin_country\":\"\",\"auth_ref_num\":\"\"}', 'CCA', 'Success', NULL, '2025-01-02 13:51:31', '2025-01-02 13:52:55'),
(9, '2025-01-06', '7689', 'Credit', 4.72, '20250106034835', 329, 28, 3, 1, NULL, NULL, 'UPI', 'Success', NULL, '2025-01-06 15:48:35', NULL),
(10, '2025-01-06', NULL, 'Credit', 4.72, '1736159091_24', 344, 24, 2, 1, '{\"merchant_id\":\"2164114\",\"order_id\":\"1736159091_24\",\"currency\":\"INR\",\"amount\":4.72,\"redirect_url\":\"https:\\/\\/rbstudios.info\\/pay_response\",\"cancel_url\":\"https:\\/\\/rbstudios.info\\/pay_cancel\",\"language\":\"EN\"}', NULL, 'CCA', NULL, NULL, '2025-01-06 15:54:51', NULL),
(11, '2025-01-06', NULL, 'Credit', 14160, '1736166075_29', 336, 29, 5, 2, '{\"merchant_id\":\"2164114\",\"order_id\":\"1736166075_29\",\"currency\":\"INR\",\"amount\":14160,\"redirect_url\":\"https:\\/\\/rbstudios.info\\/pay_response\",\"cancel_url\":\"https:\\/\\/rbstudios.info\\/pay_cancel\",\"language\":\"EN\"}', NULL, 'CCA', NULL, NULL, '2025-01-06 17:51:15', NULL),
(12, '2025-01-06', NULL, 'Credit', 7080, '1736166147_29', 336, 29, 5, 2, '{\"merchant_id\":\"2164114\",\"order_id\":\"1736166147_29\",\"currency\":\"INR\",\"amount\":7080,\"redirect_url\":\"https:\\/\\/rbstudios.info\\/pay_response\",\"cancel_url\":\"https:\\/\\/rbstudios.info\\/pay_cancel\",\"language\":\"EN\"}', NULL, 'CCA', NULL, NULL, '2025-01-06 17:52:27', NULL),
(13, '2025-01-09', NULL, 'Credit', 1182.36, '1736421913_32', 324, 32, 2, 1, '{\"merchant_id\":\"2164114\",\"order_id\":\"1736421913_32\",\"currency\":\"INR\",\"amount\":1182.36,\"redirect_url\":\"https:\\/\\/rbstudios.info\\/pay_response\",\"cancel_url\":\"https:\\/\\/rbstudios.info\\/pay_cancel\",\"language\":\"EN\"}', NULL, 'CCA', NULL, NULL, '2025-01-09 16:55:13', NULL),
(14, '2025-01-09', NULL, 'Credit', 1182.36, '1736423581_33', 324, 33, 2, 1, '{\"merchant_id\":\"2164114\",\"order_id\":\"1736423581_33\",\"currency\":\"INR\",\"amount\":1182.36,\"redirect_url\":\"https:\\/\\/rbstudios.info\\/pay_response\",\"cancel_url\":\"https:\\/\\/rbstudios.info\\/pay_cancel\",\"language\":\"EN\"}', NULL, 'CCA', NULL, NULL, '2025-01-09 17:23:01', NULL),
(15, '2025-01-09', NULL, 'Credit', 20080.06, '1736423718_36', 324, 36, 2, 1, '{\"merchant_id\":\"2164114\",\"order_id\":\"1736423718_36\",\"currency\":\"INR\",\"amount\":20080.059999999998,\"redirect_url\":\"https:\\/\\/rbstudios.info\\/pay_response\",\"cancel_url\":\"https:\\/\\/rbstudios.info\\/pay_cancel\",\"language\":\"EN\"}', '{\"order_id\":\"1736423718_36\",\"tracking_id\":\"113605218448\",\"bank_ref_no\":\"null\",\"order_status\":\"Aborted\",\"failure_message\":\"\",\"payment_mode\":\"\",\"card_name\":\"\",\"status_code\":\"null\",\"status_message\":\"Do not want to share my payment details online\",\"currency\":\"INR\",\"amount\":\"20080.06\",\"billing_name\":\"\",\"billing_address\":\"\",\"billing_city\":\"\",\"billing_state\":\"\",\"billing_zip\":\"\",\"billing_country\":\"\",\"billing_tel\":\"\",\"billing_email\":\"\",\"delivery_name\":\"\",\"delivery_address\":\"\",\"delivery_city\":\"\",\"delivery_state\":\"\",\"delivery_zip\":\"\",\"delivery_country\":\"\",\"delivery_tel\":\"\",\"merchant_param1\":\"\",\"merchant_param2\":\"\",\"merchant_param3\":\"\",\"merchant_param4\":\"\",\"merchant_param5\":\"\",\"vault\":\"N\",\"offer_type\":\"null\",\"offer_code\":\"null\",\"discount_value\":\"0.0\",\"mer_amount\":\"20080.06\",\"eci_value\":\"null\",\"retry\":\"null\",\"response_code\":\"null\",\"billing_notes\":\"\",\"trans_date\":\"09\\/01\\/2025 17:25:18\",\"bin_country\":\"\",\"auth_ref_num\":\"\"}', 'CCA', 'Aborted', NULL, '2025-01-09 17:25:18', '2025-01-09 17:25:26'),
(16, '2025-01-09', NULL, 'Credit', 2955.9, '1736428758_35', 324, 35, 2, 1, '{\"merchant_id\":\"2164114\",\"order_id\":\"1736428758_35\",\"currency\":\"INR\",\"amount\":2955.8999999999996,\"redirect_url\":\"https:\\/\\/rbstudios.info\\/pay_response\",\"cancel_url\":\"https:\\/\\/rbstudios.info\\/pay_cancel\",\"language\":\"EN\"}', NULL, 'CCA', NULL, NULL, '2025-01-09 18:49:18', NULL),
(17, '2025-01-09', NULL, 'Credit', 20080.06, '1736428764_36', 324, 36, 2, 1, '{\"merchant_id\":\"2164114\",\"order_id\":\"1736428764_36\",\"currency\":\"INR\",\"amount\":20080.059999999998,\"redirect_url\":\"https:\\/\\/rbstudios.info\\/pay_response\",\"cancel_url\":\"https:\\/\\/rbstudios.info\\/pay_cancel\",\"language\":\"EN\"}', NULL, 'CCA', NULL, NULL, '2025-01-09 18:49:24', NULL),
(18, '2025-01-09', NULL, 'Credit', 1182.36, '1736428786_34', 324, 34, 2, 1, '{\"merchant_id\":\"2164114\",\"order_id\":\"1736428786_34\",\"currency\":\"INR\",\"amount\":1182.36,\"redirect_url\":\"https:\\/\\/rbstudios.info\\/pay_response\",\"cancel_url\":\"https:\\/\\/rbstudios.info\\/pay_cancel\",\"language\":\"EN\"}', NULL, 'CCA', NULL, NULL, '2025-01-09 18:49:46', NULL),
(19, '2025-01-09', NULL, 'Credit', 2955.9, '1736428796_35', 324, 35, 2, 1, '{\"merchant_id\":\"2164114\",\"order_id\":\"1736428796_35\",\"currency\":\"INR\",\"amount\":2955.8999999999996,\"redirect_url\":\"https:\\/\\/rbstudios.info\\/pay_response\",\"cancel_url\":\"https:\\/\\/rbstudios.info\\/pay_cancel\",\"language\":\"EN\"}', NULL, 'CCA', NULL, NULL, '2025-01-09 18:49:56', NULL),
(20, '2025-01-10', NULL, 'Credit', 1, '20250110124650', 324, 38, 2, 1, NULL, NULL, 'Cash', 'Success', NULL, '2025-01-10 12:46:50', NULL),
(21, '2025-01-11', NULL, 'Credit', 28320, '1736574245_40', 336, 40, 5, 2, '{\"merchant_id\":\"2164114\",\"order_id\":\"1736574245_40\",\"currency\":\"INR\",\"amount\":28320,\"redirect_url\":\"https:\\/\\/rbstudios.info\\/pay_response\",\"cancel_url\":\"https:\\/\\/rbstudios.info\\/pay_cancel\",\"language\":\"EN\"}', NULL, 'CCA', NULL, NULL, '2025-01-11 11:14:05', NULL),
(22, '2025-01-11', NULL, 'Credit', 1000, '20250111111438', 336, 40, 5, 2, NULL, NULL, 'cash', 'Success', NULL, '2025-01-11 11:14:38', NULL),
(23, '2025-01-11', NULL, 'Credit', 27320, '1736574536_40', 336, 40, 5, 2, '{\"merchant_id\":\"2164114\",\"order_id\":\"1736574536_40\",\"currency\":\"INR\",\"amount\":27320,\"redirect_url\":\"https:\\/\\/rbstudios.info\\/pay_response\",\"cancel_url\":\"https:\\/\\/rbstudios.info\\/pay_cancel\",\"language\":\"EN\"}', NULL, 'CCA', NULL, NULL, '2025-01-11 11:18:56', NULL),
(24, '2025-01-11', NULL, 'Credit', 1000, '20250111111912', 336, 40, 5, 2, NULL, NULL, 'cash', 'Success', NULL, '2025-01-11 11:19:12', NULL),
(25, '2025-01-11', NULL, 'Credit', 22000, '20250111111936', 336, 40, 5, 2, NULL, NULL, 'Cash', 'Success', NULL, '2025-01-11 11:19:36', NULL);

-- --------------------------------------------------------

--
-- Table structure for table `users`
--

CREATE TABLE `users` (
  `id` bigint(20) UNSIGNED NOT NULL,
  `vendor_id` bigint(20) DEFAULT NULL,
  `name` varchar(50) DEFAULT NULL,
  `email` varchar(255) DEFAULT NULL,
  `password` varchar(255) DEFAULT NULL,
  `mobile` varchar(20) NOT NULL,
  `role` enum('Admin','Employee','User','Super') NOT NULL DEFAULT 'User',
  `dob` date DEFAULT NULL,
  `gender` enum('Male','Female') DEFAULT NULL,
  `mobile_verified_at` timestamp NULL DEFAULT NULL,
  `is_verified` enum('0','1') NOT NULL DEFAULT '0',
  `otp` varchar(10) DEFAULT NULL,
  `otp_verified` enum('0','1') NOT NULL DEFAULT '0',
  `remember_token` varchar(100) DEFAULT NULL,
  `fcm_token` longtext DEFAULT NULL,
  `deleted_at` datetime DEFAULT NULL,
  `created_at` timestamp NULL DEFAULT NULL,
  `updated_at` timestamp NULL DEFAULT NULL
) ENGINE=InnoDB DEFAULT CHARSET=utf8mb4 COLLATE=utf8mb4_unicode_ci;

--
-- Dumping data for table `users`
--

INSERT INTO `users` (`id`, `vendor_id`, `name`, `email`, `password`, `mobile`, `role`, `dob`, `gender`, `mobile_verified_at`, `is_verified`, `otp`, `otp_verified`, `remember_token`, `fcm_token`, `deleted_at`, `created_at`, `updated_at`) VALUES
(1, 0, 'Super Admin', 'super@admin.com', '$2y$10$h8s32GnO.FTLMK03.N9.UezG1z2Wh8adWslKdU/CsOfPwSfXK6afK', '8989898989', 'Super', NULL, NULL, NULL, '1', NULL, '1', '30', NULL, NULL, '2024-02-17 04:21:29', '2025-01-06 17:53:07'),
(2, 1, 'R and B Studios (Andheri)', 'bookings@rbstudios.com', '$2y$10$oUgSNyKuLbRJ0VH6u86ZBehsqW/MIPdKRPE1EguJKxUHo4zHjSvz6', '9892856000', 'Admin', NULL, NULL, '2024-09-16 13:19:24', '0', '', '1', 'Munna@123', NULL, NULL, '2024-02-19 03:53:59', '2024-12-13 17:44:05'),
(5, 1, 'Manager full', 'manager@gmail.com', '$2y$10$mFWslbtMHRxgSRE.P4wrXenvBSioPRtPY/6bX70m0K3JVqmX4Uaye', '8758787484', 'Employee', NULL, 'Female', NULL, '0', NULL, '0', NULL, NULL, '2024-09-07 17:39:53', '2024-02-19 07:16:43', '2024-09-07 18:15:00'),
(6, 1, 'Editor', 'editor@admin.com', '$2y$10$1HxyI7OnLLwD4m0DI5CVI.jhcYgQCc46md0J8kPZQn9nmSeXUxDU.', '7878787878', 'Employee', NULL, 'Female', NULL, '0', NULL, '0', NULL, NULL, '2024-09-07 17:39:59', '2024-02-19 07:17:23', '2024-09-07 17:39:59'),
(7, 2, 'R and B Studios (Khar)', 'admin@rbstudios.info', '$2y$10$BXtMyUxlg52/boL0S6bKoOE7o6rfHhauPX3PFcNIS7GxJK1FJf5u2', '9820996688', 'Admin', NULL, NULL, '2024-09-16 18:14:54', '1', '8772', '0', 'Munna@123', NULL, NULL, '2024-02-20 03:53:41', '2024-09-16 18:49:39'),
(324, NULL, 'Pulkesh Tiwari', 'pulkeshtiwari@gmail.com', NULL, '8953734328', 'User', NULL, 'Male', '2025-01-10 12:55:04', '1', '', '1', NULL, 'e7tjgTcTSHWjzJ1pOTWfa3:APA91bGyVrB9WlrWrQsXhV5HL5DSWzUwvtMOALCvq10FF-khdRT2J0VU1Jk-VjSs0ZW7b7j6PdR5MW19hxA5kbwgNOme5TrNVx4OXpxaYHD7geGztuen4BQ', NULL, '2024-09-16 00:00:00', '2025-01-11 11:06:37'),
(325, NULL, 'playstore', 'playstore11@gmail.com', NULL, '8888888888', 'User', NULL, NULL, '2024-12-07 16:19:21', '1', '', '1', NULL, 'eCd64FHiSjugmP4H6lvzlT:APA91bE3ANOEK2MZrzA6I3r4sC6_acOEvtivGMnGCDNDa6VC7V91e9lmZaXvFfbTckaFxhZtwdCa0UTorAetQzbXScdRXDfYsqMTKINiyJ0NswVkXSddbLg', NULL, '2024-09-17 00:00:00', '2024-12-07 16:20:28'),
(326, NULL, NULL, NULL, NULL, '7357653866', 'User', NULL, NULL, '2024-09-17 18:07:01', '0', '', '1', NULL, NULL, NULL, '2024-09-17 00:00:00', '2024-09-17 18:07:01'),
(327, NULL, NULL, NULL, NULL, '9667472768', 'User', NULL, NULL, NULL, '0', '4148', '0', NULL, NULL, NULL, '2024-09-17 00:00:00', '2024-09-17 18:01:58'),
(328, NULL, 'Rajendra Chaudhary', 'khan03117@gmail.com', NULL, '8630046938', 'User', NULL, NULL, NULL, '1', '1253', '0', NULL, NULL, NULL, NULL, '2024-10-19 16:08:52'),
(329, NULL, 'Harshprit Bright', 'harshpritbright@gmail.com', NULL, '9167594405', 'User', NULL, NULL, '2024-10-29 21:49:55', '1', '6293', '0', NULL, 'erdZ1HMeT-i8bUk37ivwU7:APA91bEXYtpnlR15SB4QGkv2dqd5XOiO57zhsx9cySiJquXgbgqMqy69uWv9jl9grMUjWdCOoey4f2q3Wi8JPlZ6MqsnDZ1p1xVDBBSG8kiUk4Jcy_FtpUO07EdjBCdlPUu9mfGPqsUh', NULL, '2024-09-24 00:00:00', '2024-11-25 22:35:05'),
(330, NULL, 'Arvind Kumar', 'Arvindkumar@gmail.com', NULL, '9920703824', 'User', NULL, NULL, '2024-10-27 19:18:25', '1', '', '1', NULL, 'erdZ1HMeT-i8bUk37ivwU7:APA91bEXYtpnlR15SB4QGkv2dqd5XOiO57zhsx9cySiJquXgbgqMqy69uWv9jl9grMUjWdCOoey4f2q3Wi8JPlZ6MqsnDZ1p1xVDBBSG8kiUk4Jcy_FtpUO07EdjBCdlPUu9mfGPqsUh', NULL, '2024-09-30 00:00:00', '2024-10-27 19:23:45'),
(331, NULL, 'Madhav Saxena', 'madhavsaxena2910@gmail.com', NULL, '9414988414', 'User', NULL, NULL, '2024-10-03 16:41:47', '1', '', '1', NULL, 'e8cYemrASVCkhI7RnS89VA:APA91bFYFliQzucoNFae2t9gTERKHFnjehHR7DX5dO5WyVtjasA4r0yK7UhdD1jB-Ad3JDGecUgGT4DhjPAL-4tszHdV7slHm9t7JjJakdmNnPmqs05LfGBtNSu6veRx7lEtX63NuclB', NULL, '2024-10-03 00:00:00', '2024-10-04 18:59:12'),
(332, NULL, NULL, NULL, NULL, '8887998502', 'User', NULL, NULL, '2024-10-08 22:49:09', '0', '', '1', NULL, NULL, NULL, '2024-10-08 00:00:00', '2024-10-08 22:49:09'),
(333, NULL, 'Taufeeq Ahmad', 'tfa@gmail.com', NULL, '9580418361', 'User', NULL, NULL, '2024-10-17 17:29:16', '1', '', '1', NULL, 'cVxKVcGHT5aCHTytI3coQz:APA91bHJAkYCnKHbGtxeZvwXyof8hcWo0CGsJNzwlBHrayUXrc9V7oGhEBCo-l5Bq2dtbfgAvc3Io-nnXBNVCutQS-sLkXaeStl9OnE3jv8BsmDxBvgaEKYgpTMcxJ8928bX7IslZ1be', NULL, '2024-10-17 00:00:00', '2024-10-17 18:21:04'),
(334, NULL, 'Shayam Prasad', 'shayamprasad1234@gmail.com', NULL, '9012322715', 'User', NULL, NULL, NULL, '1', NULL, '1', NULL, NULL, NULL, NULL, NULL),
(335, NULL, 'Jagat pradas', 'jagat_prasad1123@gmail.com', NULL, '9084694810', 'User', NULL, NULL, NULL, '1', NULL, '1', NULL, NULL, NULL, NULL, NULL),
(336, NULL, 'Shahrukh Bhai', 'khan031171@gmail.com', NULL, '9084694815', 'User', NULL, NULL, '2025-01-11 11:11:18', '1', '', '1', NULL, 'dOQv9-4tR1yxhdjk9FdFwB:APA91bFKHfSfJARxyVl112dd8BmQzfE06buuhkjdISat9CV1FPwia6ywpywTn_wuALFlSzm_KpAkVjvx9MmTo6bUC_pIMHVJzMnx8xCJ0WiqduuEEPWCxZY', NULL, '2024-10-18 00:00:00', '2025-01-11 11:20:08'),
(337, NULL, 'Radhey Shayam', 'radheyshayam@gmail.com', NULL, '9084657484', 'User', NULL, NULL, NULL, '1', NULL, '1', NULL, NULL, NULL, NULL, NULL),
(338, NULL, 'Rajendra Prasad', 'rajendra@gmail.com', NULL, '9897484547', 'User', NULL, NULL, NULL, '1', NULL, '1', NULL, NULL, NULL, NULL, '2024-10-19 12:22:47'),
(339, 0, 'Myemployee Super', 'employee1@rbstudios.info', '$2y$10$MPEQRf5NZ2jHA1QqWen/6OnSIenEMORiknnuFZ3JEjvkJHFjh9LFe', '9084587451', 'Employee', NULL, 'Female', NULL, '0', NULL, '0', NULL, NULL, NULL, '2024-10-19 13:27:23', '2024-10-19 13:27:23'),
(340, NULL, 'Swarupa Ananth', 'Swarupa.ananth@gmail.com', NULL, '9820534318', 'User', NULL, NULL, '2024-11-03 13:01:46', '1', '', '1', NULL, NULL, NULL, '2024-11-03 00:00:00', '2024-11-03 13:02:31'),
(341, NULL, 'Sonali Keshari', 'kesharwanisonali@gnail.com', NULL, '8009493236', 'User', NULL, NULL, '2024-11-07 15:30:26', '1', '', '1', NULL, 'dRODaETnSYKqX8WynJn4yg:APA91bE38JzKI9oUYCbP0K90ujie2F68ICj7Os0PhMgjnR4z9rnpnUOgSoAQG0oUQicGaINXCbmX6ngjZXqpZRpY--K4rsxLMFXKrLeoSJPOGAgoIzcz_UI', NULL, '2024-11-07 00:00:00', '2024-11-13 14:44:59'),
(342, NULL, 'Harsh Gupta', 'harshgupta@gmail.com', NULL, '9372837667', 'User', NULL, NULL, '2025-01-09 20:28:02', '1', '', '1', NULL, 'cwwx3LPzQ0itl5CjLshyAO:APA91bHsvptVnFBznREdk6rkrLQa5SFSdL3d6ObkrFoSIVXNVnr0QmM5GJvBeGSyvR73Awd4-gSrnRDqcL3goBjJmbSU_88a51LwTexnAw15JaFqWcNfLng', NULL, '2024-11-07 00:00:00', '2025-01-09 20:28:03'),
(343, NULL, 'Evaan Kothari', 'evaankothari@gmail.com', NULL, '8808800701', 'User', NULL, NULL, '2024-12-18 14:33:23', '1', '', '1', NULL, NULL, NULL, '2024-12-18 00:00:00', '2024-12-18 14:34:13'),
(344, NULL, 'Neha Poly', 'nehapoly@hotmail.com', NULL, '9820377223', 'User', NULL, NULL, NULL, '1', NULL, '1', NULL, NULL, NULL, NULL, NULL),
(345, NULL, NULL, NULL, NULL, '9625284824', 'User', NULL, NULL, NULL, '0', '7725', '0', NULL, NULL, NULL, '2025-01-09 00:00:00', '2025-01-09 13:33:33');

-- --------------------------------------------------------

--
-- Table structure for table `vendors`
--

CREATE TABLE `vendors` (
  `id` bigint(20) UNSIGNED NOT NULL,
  `name` varchar(255) NOT NULL,
  `business_name` varchar(255) DEFAULT NULL,
  `address` varchar(255) DEFAULT NULL,
  `country_id` int(11) DEFAULT NULL,
  `state_id` int(11) DEFAULT NULL,
  `district_id` int(11) DEFAULT NULL,
  `city` varchar(255) DEFAULT NULL,
  `pincode` varchar(255) DEFAULT NULL,
  `google_map` text DEFAULT NULL,
  `bill_prefix` varchar(100) DEFAULT NULL,
  `register_at` datetime DEFAULT NULL,
  `created_at` timestamp NULL DEFAULT NULL,
  `updated_at` timestamp NULL DEFAULT NULL
) ENGINE=InnoDB DEFAULT CHARSET=utf8mb4 COLLATE=utf8mb4_unicode_ci;

--
-- Dumping data for table `vendors`
--

INSERT INTO `vendors` (`id`, `name`, `business_name`, `address`, `country_id`, `state_id`, `district_id`, `city`, `pincode`, `google_map`, `bill_prefix`, `register_at`, `created_at`, `updated_at`) VALUES
(1, 'R and B Studios (Andheri)', 'R and B Studios', '905, B Wing Venus Towers Azad Nagar, Veera Desai Road, Andheri West', 19, 22, 405, NULL, '400058', '<iframe src=\"https://www.google.com/maps/embed?pb=!1m18!1m12!1m3!1d3769.467701952016!2d72.83478507554113!3d19.13099398208497!2m3!1f0!2f0!3f0!3m2!1i1024!2i768!4f13.1!3m3!1m2!1s0x3be7b6265a933aa1%3A0xbb888b8fd66d79e7!2sR%20and%20B%20Studios!5e0!3m2!1sen!2sin!4v1715867950650!5m2!1sen!2sin\" width=\"600\" height=\"450\" style=\"border:0;\" allowfullscreen=\"\" loading=\"lazy\" referrerpolicy=\"no-referrer-when-downgrade\"></iframe>', 'RBA', '2024-02-19 09:23:59', '2024-02-19 03:53:59', '2024-12-13 17:44:05'),
(2, 'R and B Studios (Khar)', 'R and B Studios', '104/105 Nivan, Plot No 96, SV Road, Khar West', 19, 22, 405, NULL, '400052', '<iframe src=\"https://www.google.com/maps/embed?pb=!1m18!1m12!1m3!1d3770.871489079762!2d72.8344253248146!3d19.06938705218097!2m3!1f0!2f0!3f0!3m2!1i1024!2i768!4f13.1!3m3!1m2!1s0x3be7c9102b85a5c5%3A0xe19427b2504bb3c9!2sNivan%20Apartment%2C%20Khar%2C%20Shiv%20Kutir%2C%20Khar%20West%2C%20Mumbai%2C%20Maharashtra%20400052!5e0!3m2!1sen!2sin!4v1723623995216!5m2!1sen!2sin\" width=\"600\" height=\"450\" style=\"border:0;\" allowfullscreen=\"\" loading=\"lazy\" referrerpolicy=\"no-referrer-when-downgrade\"></iframe>', 'RBK', '2024-02-20 09:23:41', '2024-02-20 03:53:41', '2024-09-16 18:49:39');

--
-- Indexes for dumped tables
--

--
-- Indexes for table `amenities`
--
ALTER TABLE `amenities`
  ADD PRIMARY KEY (`id`);

--
-- Indexes for table `amenity_studios`
--
ALTER TABLE `amenity_studios`
  ADD PRIMARY KEY (`id`);

--
-- Indexes for table `banners`
--
ALTER TABLE `banners`
  ADD PRIMARY KEY (`id`);

--
-- Indexes for table `blocked_slots`
--
ALTER TABLE `blocked_slots`
  ADD PRIMARY KEY (`id`);

--
-- Indexes for table `bookings`
--
ALTER TABLE `bookings`
  ADD PRIMARY KEY (`id`),
  ADD UNIQUE KEY `bookings_bill_no_unique` (`bill_no`);

--
-- Indexes for table `booking_gsts`
--
ALTER TABLE `booking_gsts`
  ADD PRIMARY KEY (`id`);

--
-- Indexes for table `booking_items`
--
ALTER TABLE `booking_items`
  ADD PRIMARY KEY (`id`);

--
-- Indexes for table `charges`
--
ALTER TABLE `charges`
  ADD PRIMARY KEY (`id`);

--
-- Indexes for table `cities`
--
ALTER TABLE `cities`
  ADD PRIMARY KEY (`id`);

--
-- Indexes for table `countries`
--
ALTER TABLE `countries`
  ADD PRIMARY KEY (`id`);

--
-- Indexes for table `failed_jobs`
--
ALTER TABLE `failed_jobs`
  ADD PRIMARY KEY (`id`),
  ADD UNIQUE KEY `failed_jobs_uuid_unique` (`uuid`);

--
-- Indexes for table `faqs`
--
ALTER TABLE `faqs`
  ADD PRIMARY KEY (`id`);

--
-- Indexes for table `migrations`
--
ALTER TABLE `migrations`
  ADD PRIMARY KEY (`id`);

--
-- Indexes for table `model_has_permissions`
--
ALTER TABLE `model_has_permissions`
  ADD PRIMARY KEY (`permission_id`,`model_id`,`model_type`),
  ADD KEY `model_has_permissions_model_id_model_type_index` (`model_id`,`model_type`);

--
-- Indexes for table `model_has_roles`
--
ALTER TABLE `model_has_roles`
  ADD PRIMARY KEY (`role_id`,`model_id`,`model_type`),
  ADD KEY `model_has_roles_model_id_model_type_index` (`model_id`,`model_type`);

--
-- Indexes for table `notifications`
--
ALTER TABLE `notifications`
  ADD PRIMARY KEY (`id`);

--
-- Indexes for table `password_resets`
--
ALTER TABLE `password_resets`
  ADD PRIMARY KEY (`email`);

--
-- Indexes for table `permissions`
--
ALTER TABLE `permissions`
  ADD PRIMARY KEY (`id`),
  ADD UNIQUE KEY `permissions_name_guard_name_unique` (`name`,`guard_name`);

--
-- Indexes for table `personal_access_tokens`
--
ALTER TABLE `personal_access_tokens`
  ADD PRIMARY KEY (`id`),
  ADD UNIQUE KEY `personal_access_tokens_token_unique` (`token`),
  ADD KEY `personal_access_tokens_tokenable_type_tokenable_id_index` (`tokenable_type`,`tokenable_id`);

--
-- Indexes for table `pincodes`
--
ALTER TABLE `pincodes`
  ADD PRIMARY KEY (`id`);

--
-- Indexes for table `policies`
--
ALTER TABLE `policies`
  ADD PRIMARY KEY (`id`);

--
-- Indexes for table `promo_codes`
--
ALTER TABLE `promo_codes`
  ADD PRIMARY KEY (`id`);

--
-- Indexes for table `queries`
--
ALTER TABLE `queries`
  ADD PRIMARY KEY (`id`);

--
-- Indexes for table `rents`
--
ALTER TABLE `rents`
  ADD PRIMARY KEY (`id`);

--
-- Indexes for table `roles`
--
ALTER TABLE `roles`
  ADD PRIMARY KEY (`id`),
  ADD UNIQUE KEY `roles_name_guard_name_unique` (`name`,`guard_name`);

--
-- Indexes for table `role_has_permissions`
--
ALTER TABLE `role_has_permissions`
  ADD PRIMARY KEY (`permission_id`,`role_id`),
  ADD KEY `role_has_permissions_role_id_foreign` (`role_id`);

--
-- Indexes for table `services`
--
ALTER TABLE `services`
  ADD PRIMARY KEY (`id`);

--
-- Indexes for table `service_studios`
--
ALTER TABLE `service_studios`
  ADD PRIMARY KEY (`id`);

--
-- Indexes for table `slots`
--
ALTER TABLE `slots`
  ADD PRIMARY KEY (`id`);

--
-- Indexes for table `states`
--
ALTER TABLE `states`
  ADD PRIMARY KEY (`id`);

--
-- Indexes for table `studios`
--
ALTER TABLE `studios`
  ADD PRIMARY KEY (`id`);

--
-- Indexes for table `studio_images`
--
ALTER TABLE `studio_images`
  ADD PRIMARY KEY (`id`);

--
-- Indexes for table `transactions`
--
ALTER TABLE `transactions`
  ADD PRIMARY KEY (`id`),
  ADD UNIQUE KEY `order_id` (`order_id`),
  ADD UNIQUE KEY `transaction_id` (`transaction_id`);

--
-- Indexes for table `users`
--
ALTER TABLE `users`
  ADD PRIMARY KEY (`id`),
  ADD UNIQUE KEY `users_email_unique` (`email`);

--
-- Indexes for table `vendors`
--
ALTER TABLE `vendors`
  ADD PRIMARY KEY (`id`);

--
-- AUTO_INCREMENT for dumped tables
--

--
-- AUTO_INCREMENT for table `amenities`
--
ALTER TABLE `amenities`
  MODIFY `id` bigint(20) UNSIGNED NOT NULL AUTO_INCREMENT;

--
-- AUTO_INCREMENT for table `amenity_studios`
--
ALTER TABLE `amenity_studios`
  MODIFY `id` bigint(20) UNSIGNED NOT NULL AUTO_INCREMENT;

--
-- AUTO_INCREMENT for table `banners`
--
ALTER TABLE `banners`
  MODIFY `id` int(11) NOT NULL AUTO_INCREMENT, AUTO_INCREMENT=12;

--
-- AUTO_INCREMENT for table `blocked_slots`
--
ALTER TABLE `blocked_slots`
  MODIFY `id` bigint(20) UNSIGNED NOT NULL AUTO_INCREMENT, AUTO_INCREMENT=143;

--
-- AUTO_INCREMENT for table `bookings`
--
ALTER TABLE `bookings`
  MODIFY `id` bigint(20) UNSIGNED NOT NULL AUTO_INCREMENT, AUTO_INCREMENT=41;

--
-- AUTO_INCREMENT for table `booking_gsts`
--
ALTER TABLE `booking_gsts`
  MODIFY `id` int(11) NOT NULL AUTO_INCREMENT, AUTO_INCREMENT=3;

--
-- AUTO_INCREMENT for table `booking_items`
--
ALTER TABLE `booking_items`
  MODIFY `id` bigint(20) UNSIGNED NOT NULL AUTO_INCREMENT, AUTO_INCREMENT=20;

--
-- AUTO_INCREMENT for table `charges`
--
ALTER TABLE `charges`
  MODIFY `id` bigint(20) UNSIGNED NOT NULL AUTO_INCREMENT, AUTO_INCREMENT=19;

--
-- AUTO_INCREMENT for table `cities`
--
ALTER TABLE `cities`
  MODIFY `id` bigint(20) UNSIGNED NOT NULL AUTO_INCREMENT, AUTO_INCREMENT=783;

--
-- AUTO_INCREMENT for table `countries`
--
ALTER TABLE `countries`
  MODIFY `id` int(11) NOT NULL AUTO_INCREMENT, AUTO_INCREMENT=164;

--
-- AUTO_INCREMENT for table `failed_jobs`
--
ALTER TABLE `failed_jobs`
  MODIFY `id` bigint(20) UNSIGNED NOT NULL AUTO_INCREMENT;

--
-- AUTO_INCREMENT for table `faqs`
--
ALTER TABLE `faqs`
  MODIFY `id` bigint(20) UNSIGNED NOT NULL AUTO_INCREMENT, AUTO_INCREMENT=26;

--
-- AUTO_INCREMENT for table `migrations`
--
ALTER TABLE `migrations`
  MODIFY `id` int(10) UNSIGNED NOT NULL AUTO_INCREMENT, AUTO_INCREMENT=30;

--
-- AUTO_INCREMENT for table `notifications`
--
ALTER TABLE `notifications`
  MODIFY `id` int(11) NOT NULL AUTO_INCREMENT, AUTO_INCREMENT=110;

--
-- AUTO_INCREMENT for table `permissions`
--
ALTER TABLE `permissions`
  MODIFY `id` bigint(20) UNSIGNED NOT NULL AUTO_INCREMENT, AUTO_INCREMENT=49;

--
-- AUTO_INCREMENT for table `personal_access_tokens`
--
ALTER TABLE `personal_access_tokens`
  MODIFY `id` bigint(20) UNSIGNED NOT NULL AUTO_INCREMENT, AUTO_INCREMENT=226;

--
-- AUTO_INCREMENT for table `pincodes`
--
ALTER TABLE `pincodes`
  MODIFY `id` int(11) NOT NULL AUTO_INCREMENT;

--
-- AUTO_INCREMENT for table `policies`
--
ALTER TABLE `policies`
  MODIFY `id` int(11) NOT NULL AUTO_INCREMENT, AUTO_INCREMENT=9;

--
-- AUTO_INCREMENT for table `promo_codes`
--
ALTER TABLE `promo_codes`
  MODIFY `id` int(11) NOT NULL AUTO_INCREMENT, AUTO_INCREMENT=23;

--
-- AUTO_INCREMENT for table `queries`
--
ALTER TABLE `queries`
  MODIFY `id` int(11) NOT NULL AUTO_INCREMENT, AUTO_INCREMENT=72;

--
-- AUTO_INCREMENT for table `rents`
--
ALTER TABLE `rents`
  MODIFY `id` bigint(20) UNSIGNED NOT NULL AUTO_INCREMENT, AUTO_INCREMENT=12;

--
-- AUTO_INCREMENT for table `roles`
--
ALTER TABLE `roles`
  MODIFY `id` bigint(20) UNSIGNED NOT NULL AUTO_INCREMENT, AUTO_INCREMENT=12;

--
-- AUTO_INCREMENT for table `services`
--
ALTER TABLE `services`
  MODIFY `id` bigint(20) UNSIGNED NOT NULL AUTO_INCREMENT, AUTO_INCREMENT=8;

--
-- AUTO_INCREMENT for table `service_studios`
--
ALTER TABLE `service_studios`
  MODIFY `id` bigint(20) UNSIGNED NOT NULL AUTO_INCREMENT, AUTO_INCREMENT=28;

--
-- AUTO_INCREMENT for table `slots`
--
ALTER TABLE `slots`
  MODIFY `id` bigint(20) UNSIGNED NOT NULL AUTO_INCREMENT, AUTO_INCREMENT=26;

--
-- AUTO_INCREMENT for table `states`
--
ALTER TABLE `states`
  MODIFY `id` bigint(20) UNSIGNED NOT NULL AUTO_INCREMENT, AUTO_INCREMENT=4264;

--
-- AUTO_INCREMENT for table `studios`
--
ALTER TABLE `studios`
  MODIFY `id` bigint(20) UNSIGNED NOT NULL AUTO_INCREMENT, AUTO_INCREMENT=6;

--
-- AUTO_INCREMENT for table `studio_images`
--
ALTER TABLE `studio_images`
  MODIFY `id` bigint(20) UNSIGNED NOT NULL AUTO_INCREMENT, AUTO_INCREMENT=59;

--
-- AUTO_INCREMENT for table `transactions`
--
ALTER TABLE `transactions`
  MODIFY `id` bigint(20) UNSIGNED NOT NULL AUTO_INCREMENT, AUTO_INCREMENT=26;

--
-- AUTO_INCREMENT for table `users`
--
ALTER TABLE `users`
  MODIFY `id` bigint(20) UNSIGNED NOT NULL AUTO_INCREMENT, AUTO_INCREMENT=346;

--
-- AUTO_INCREMENT for table `vendors`
--
ALTER TABLE `vendors`
  MODIFY `id` bigint(20) UNSIGNED NOT NULL AUTO_INCREMENT, AUTO_INCREMENT=3;

--
-- Constraints for dumped tables
--

--
-- Constraints for table `model_has_permissions`
--
ALTER TABLE `model_has_permissions`
  ADD CONSTRAINT `model_has_permissions_permission_id_foreign` FOREIGN KEY (`permission_id`) REFERENCES `permissions` (`id`) ON DELETE CASCADE;

--
-- Constraints for table `model_has_roles`
--
ALTER TABLE `model_has_roles`
  ADD CONSTRAINT `model_has_roles_role_id_foreign` FOREIGN KEY (`role_id`) REFERENCES `roles` (`id`) ON DELETE CASCADE;

--
-- Constraints for table `role_has_permissions`
--
ALTER TABLE `role_has_permissions`
  ADD CONSTRAINT `role_has_permissions_permission_id_foreign` FOREIGN KEY (`permission_id`) REFERENCES `permissions` (`id`) ON DELETE CASCADE,
  ADD CONSTRAINT `role_has_permissions_role_id_foreign` FOREIGN KEY (`role_id`) REFERENCES `roles` (`id`) ON DELETE CASCADE;
COMMIT;

/*!40101 SET CHARACTER_SET_CLIENT=@OLD_CHARACTER_SET_CLIENT */;
/*!40101 SET CHARACTER_SET_RESULTS=@OLD_CHARACTER_SET_RESULTS */;
/*!40101 SET COLLATION_CONNECTION=@OLD_COLLATION_CONNECTION */;
